key,station_id,fuel,price,first_seen,last_seen,delisted_on
00e8792b88ef:diesel,00e8792b88ef,diesel,1.909,2026-09-13,2026-09-14,
00e8792b88ef:heating_oil,00e8792b88ef,heating_oil,1.529,2026-09-13,2026-09-14,
00e8792b88ef:kerosene,00e8792b88ef,kerosene,1.439,2026-09-13,2026-09-14,
00e8792b88ef:unleaded95,00e8792b88ef,unleaded95,1.647,2026-09-13,2026-09-14,
00e8792b88ef:unleaded98,00e8792b88ef,unleaded98,1.697,2026-09-13,2026-09-14,
018228a5741c:diesel,018228a5741c,diesel,1.908,2026-09-13,2026-09-14,
018228a5741c:heating_oil,018228a5741c,heating_oil,1.498,2026-09-13,2026-09-14,
018228a5741c:kerosene,018228a5741c,kerosene,1.408,2026-09-13,2026-09-14,
018228a5741c:unleaded95,018228a5741c,unleaded95,1.646,2026-09-13,2026-09-14,
018228a5741c:unleaded98,018228a5741c,unleaded98,1.696,2026-09-13,2026-09-14,
01ce074bf8e9:diesel,01ce074bf8e9,diesel,1.949,2026-09-13,2026-09-14,
01ce074bf8e9:heating_oil,01ce074bf8e9,heating_oil,1.589,2026-09-13,2026-09-14,
01ce074bf8e9:kerosene,01ce074bf8e9,kerosene,1.499,2026-09-13,2026-09-14,
01ce074bf8e9:unleaded95,01ce074bf8e9,unleaded95,1.689,2026-09-13,2026-09-14,
01ce074bf8e9:unleaded98,01ce074bf8e9,unleaded98,1.739,2026-09-13,2026-09-14,
01d291cc5e9f:diesel,01d291cc5e9f,diesel,1.879,2026-09-13,2026-09-14,
01d291cc5e9f:heating_oil,01d291cc5e9f,heating_oil,1.550,2026-09-13,2026-09-14,
01d291cc5e9f:kerosene,01d291cc5e9f,kerosene,1.460,2026-09-13,2026-09-14,
01d291cc5e9f:unleaded95,01d291cc5e9f,unleaded95,1.615,2026-09-13,2026-09-14,
01d291cc5e9f:unleaded98,01d291cc5e9f,unleaded98,1.679,2026-09-13,2026-09-14,
02712f946c71:diesel,02712f946c71,diesel,1.969,2026-09-13,2026-09-14,
02712f946c71:heating_oil,02712f946c71,heating_oil,1.569,2026-09-13,2026-09-14,
02712f946c71:kerosene,02712f946c71,kerosene,1.399,2026-09-13,2026-09-14,
02712f946c71:unleaded95,02712f946c71,unleaded95,1.709,2026-09-13,2026-09-14,
02712f946c71:unleaded98,02712f946c71,unleaded98,1.739,2026-09-13,2026-09-14,
03fef4e54d18:diesel,03fef4e54d18,diesel,1.919,2026-09-13,2026-09-14,
03fef4e54d18:heating_oil,03fef4e54d18,heating_oil,1.559,2026-09-13,2026-09-14,
03fef4e54d18:kerosene,03fef4e54d18,kerosene,1.489,2026-09-13,2026-09-14,
03fef4e54d18:unleaded95,03fef4e54d18,unleaded95,1.649,2026-09-13,2026-09-14,
03fef4e54d18:unleaded98,03fef4e54d18,unleaded98,1.689,2026-09-13,2026-09-14,
04eb0dc6ce16:diesel,04eb0dc6ce16,diesel,1.920,2026-09-13,2026-09-14,
04eb0dc6ce16:heating_oil,04eb0dc6ce16,heating_oil,1.560,2026-09-13,2026-09-14,
04eb0dc6ce16:kerosene,04eb0dc6ce16,kerosene,1.490,2026-09-13,2026-09-14,
04eb0dc6ce16:unleaded95,04eb0dc6ce16,unleaded95,1.645,2026-09-13,2026-09-14,
04eb0dc6ce16:unleaded98,04eb0dc6ce16,unleaded98,1.695,2026-09-13,2026-09-14,
04f7bb8cfb51:diesel,04f7bb8cfb51,diesel,1.924,2026-09-13,2026-09-14,
04f7bb8cfb51:heating_oil,04f7bb8cfb51,heating_oil,1.639,2026-09-13,2026-09-14,
04f7bb8cfb51:kerosene,04f7bb8cfb51,kerosene,1.539,2026-09-13,2026-09-14,
04f7bb8cfb51:unleaded95,04f7bb8cfb51,unleaded95,1.649,2026-09-13,2026-09-14,
04f7bb8cfb51:unleaded98,04f7bb8cfb51,unleaded98,1.689,2026-09-13,2026-09-14,
0708c47ecb63:diesel,0708c47ecb63,diesel,1.909,2026-09-13,2026-09-14,
0708c47ecb63:heating_oil,0708c47ecb63,heating_oil,1.528,2026-09-13,2026-09-14,
0708c47ecb63:kerosene,0708c47ecb63,kerosene,1.435,2026-09-13,2026-09-14,
0708c47ecb63:unleaded95,0708c47ecb63,unleaded95,1.645,2026-09-13,2026-09-14,
0708c47ecb63:unleaded98,0708c47ecb63,unleaded98,1.699,2026-09-13,2026-09-14,
08c3056f889a:diesel,08c3056f889a,diesel,1.905,2026-09-13,2026-09-14,
08c3056f889a:unleaded95,08c3056f889a,unleaded95,1.647,2026-09-13,2026-09-14,
08c3056f889a:unleaded98,08c3056f889a,unleaded98,1.675,2026-09-13,2026-09-14,
09f80e0d2a27:diesel,09f80e0d2a27,diesel,1.859,2026-09-13,2026-09-14,
09f80e0d2a27:heating_oil,09f80e0d2a27,heating_oil,1.559,2026-09-13,2026-09-14,
09f80e0d2a27:kerosene,09f80e0d2a27,kerosene,1.489,2026-09-13,2026-09-14,
09f80e0d2a27:unleaded95,09f80e0d2a27,unleaded95,1.599,2026-09-13,2026-09-14,
09f80e0d2a27:unleaded98,09f80e0d2a27,unleaded98,1.689,2026-09-13,2026-09-14,
0a5e60e91490:diesel,0a5e60e91490,diesel,1.928,2026-09-13,2026-09-14,
0a5e60e91490:heating_oil,0a5e60e91490,heating_oil,1.547,2026-09-13,2026-09-14,
0a5e60e91490:kerosene,0a5e60e91490,kerosene,1.455,2026-09-13,2026-09-14,
0a5e60e91490:unleaded95,0a5e60e91490,unleaded95,1.669,2026-09-13,2026-09-14,
0a5e60e91490:unleaded98,0a5e60e91490,unleaded98,1.719,2026-09-13,2026-09-14,
0a9aabc9ae21:diesel,0a9aabc9ae21,diesel,1.898,2026-09-13,2026-09-14,
0a9aabc9ae21:heating_oil,0a9aabc9ae21,heating_oil,1.489,2026-09-13,2026-09-14,
0a9aabc9ae21:unleaded95,0a9aabc9ae21,unleaded95,1.629,2026-09-13,2026-09-14,
0a9aabc9ae21:unleaded98,0a9aabc9ae21,unleaded98,1.679,2026-09-13,2026-09-14,
0aefcb943b9f:diesel,0aefcb943b9f,diesel,1.908,2026-09-13,2026-09-14,
0aefcb943b9f:heating_oil,0aefcb943b9f,heating_oil,1.559,2026-09-13,2026-09-14,
0aefcb943b9f:kerosene,0aefcb943b9f,kerosene,1.469,2026-09-13,2026-09-14,
0aefcb943b9f:unleaded95,0aefcb943b9f,unleaded95,1.645,2026-09-13,2026-09-14,
0aefcb943b9f:unleaded98,0aefcb943b9f,unleaded98,1.675,2026-09-13,2026-09-14,
0af9f8bfb4c1:diesel,0af9f8bfb4c1,diesel,1.887,2026-09-13,2026-09-14,
0af9f8bfb4c1:heating_oil,0af9f8bfb4c1,heating_oil,1.550,2026-09-13,2026-09-14,
0af9f8bfb4c1:kerosene,0af9f8bfb4c1,kerosene,1.480,2026-09-13,2026-09-14,
0af9f8bfb4c1:unleaded95,0af9f8bfb4c1,unleaded95,1.624,2026-09-13,2026-09-14,
0af9f8bfb4c1:unleaded98,0af9f8bfb4c1,unleaded98,1.678,2026-09-13,2026-09-14,
0bc666d07f6e:diesel,0bc666d07f6e,diesel,1.919,2026-09-13,2026-09-14,
0bc666d07f6e:heating_oil,0bc666d07f6e,heating_oil,1.559,2026-09-13,2026-09-14,
0bc666d07f6e:kerosene,0bc666d07f6e,kerosene,1.489,2026-09-13,2026-09-14,
0bc666d07f6e:unleaded95,0bc666d07f6e,unleaded95,1.649,2026-09-13,2026-09-14,
0bc666d07f6e:unleaded98,0bc666d07f6e,unleaded98,1.689,2026-09-13,2026-09-14,
0c0bfa6b6769:diesel,0c0bfa6b6769,diesel,1.949,2026-09-13,2026-09-14,
0c0bfa6b6769:heating_oil,0c0bfa6b6769,heating_oil,1.549,2026-09-13,2026-09-14,
0c0bfa6b6769:kerosene,0c0bfa6b6769,kerosene,1.469,2026-09-13,2026-09-14,
0c0bfa6b6769:unleaded95,0c0bfa6b6769,unleaded95,1.689,2026-09-13,2026-09-14,
0c0bfa6b6769:unleaded98,0c0bfa6b6769,unleaded98,1.739,2026-09-13,2026-09-14,
0cd6f55cdb37:diesel,0cd6f55cdb37,diesel,1.859,2026-09-13,2026-09-14,
0cd6f55cdb37:heating_oil,0cd6f55cdb37,heating_oil,1.559,2026-09-13,2026-09-14,
0cd6f55cdb37:kerosene,0cd6f55cdb37,kerosene,1.489,2026-09-13,2026-09-14,
0cd6f55cdb37:unleaded95,0cd6f55cdb37,unleaded95,1.589,2026-09-13,2026-09-14,
0cd6f55cdb37:unleaded98,0cd6f55cdb37,unleaded98,1.629,2026-09-13,2026-09-14,
0e4663dea41e:diesel,0e4663dea41e,diesel,1.949,2026-09-13,2026-09-14,
0e4663dea41e:heating_oil,0e4663dea41e,heating_oil,1.589,2026-09-13,2026-09-14,
0e4663dea41e:kerosene,0e4663dea41e,kerosene,1.489,2026-09-13,2026-09-14,
0e4663dea41e:unleaded95,0e4663dea41e,unleaded95,1.689,2026-09-13,2026-09-14,
0e4663dea41e:unleaded98,0e4663dea41e,unleaded98,1.729,2026-09-13,2026-09-14,
0eb54c313653:diesel,0eb54c313653,diesel,1.924,2026-09-13,2026-09-14,
0eb54c313653:heating_oil,0eb54c313653,heating_oil,1.639,2026-09-13,2026-09-14,
0eb54c313653:kerosene,0eb54c313653,kerosene,1.539,2026-09-13,2026-09-14,
0eb54c313653:unleaded95,0eb54c313653,unleaded95,1.649,2026-09-13,2026-09-14,
0eb54c313653:unleaded98,0eb54c313653,unleaded98,1.689,2026-09-13,2026-09-14,
0ec6995b7755:diesel,0ec6995b7755,diesel,1.859,2026-09-13,2026-09-14,
0ec6995b7755:heating_oil,0ec6995b7755,heating_oil,1.528,2026-09-13,2026-09-14,
0ec6995b7755:kerosene,0ec6995b7755,kerosene,1.435,2026-09-13,2026-09-14,
0ec6995b7755:unleaded95,0ec6995b7755,unleaded95,1.599,2026-09-13,2026-09-14,
0ec6995b7755:unleaded98,0ec6995b7755,unleaded98,1.699,2026-09-13,2026-09-14,
0ed0b92e6d0c:diesel,0ed0b92e6d0c,diesel,1.907,2026-09-13,2026-09-14,
0ed0b92e6d0c:heating_oil,0ed0b92e6d0c,heating_oil,1.559,2026-09-13,2026-09-14,
0ed0b92e6d0c:kerosene,0ed0b92e6d0c,kerosene,1.469,2026-09-13,2026-09-14,
0ed0b92e6d0c:unleaded95,0ed0b92e6d0c,unleaded95,1.647,2026-09-13,2026-09-14,
0ed0b92e6d0c:unleaded98,0ed0b92e6d0c,unleaded98,1.677,2026-09-13,2026-09-14,
0effbc30de91:diesel,0effbc30de91,diesel,1.909,2026-09-13,2026-09-14,
0effbc30de91:heating_oil,0effbc30de91,heating_oil,1.528,2026-09-13,2026-09-14,
0effbc30de91:kerosene,0effbc30de91,kerosene,1.435,2026-09-13,2026-09-14,
0effbc30de91:unleaded95,0effbc30de91,unleaded95,1.645,2026-09-13,2026-09-14,
0effbc30de91:unleaded98,0effbc30de91,unleaded98,1.699,2026-09-13,2026-09-14,
0f0ceccc2b7e:diesel,0f0ceccc2b7e,diesel,1.919,2026-09-13,2026-09-14,
0f0ceccc2b7e:heating_oil,0f0ceccc2b7e,heating_oil,1.560,2026-09-13,2026-09-14,
0f0ceccc2b7e:kerosene,0f0ceccc2b7e,kerosene,1.490,2026-09-13,2026-09-14,
0f0ceccc2b7e:unleaded95,0f0ceccc2b7e,unleaded95,1.645,2026-09-13,2026-09-14,
0f0ceccc2b7e:unleaded98,0f0ceccc2b7e,unleaded98,1.690,2026-09-13,2026-09-14,
0f4f50ae5f90:diesel,0f4f50ae5f90,diesel,1.919,2026-09-13,2026-09-14,
0f4f50ae5f90:heating_oil,0f4f50ae5f90,heating_oil,1.528,2026-09-13,2026-09-14,
0f4f50ae5f90:kerosene,0f4f50ae5f90,kerosene,1.435,2026-09-13,2026-09-14,
0f4f50ae5f90:unleaded95,0f4f50ae5f90,unleaded95,1.649,2026-09-13,2026-09-14,
0f4f50ae5f90:unleaded98,0f4f50ae5f90,unleaded98,1.699,2026-09-13,2026-09-14,
0fa89e115816:diesel,0fa89e115816,diesel,1.909,2026-09-13,2026-09-14,
0fa89e115816:heating_oil,0fa89e115816,heating_oil,1.528,2026-09-13,2026-09-14,
0fa89e115816:kerosene,0fa89e115816,kerosene,1.435,2026-09-13,2026-09-14,
0fa89e115816:unleaded95,0fa89e115816,unleaded95,1.649,2026-09-13,2026-09-14,
0fa89e115816:unleaded98,0fa89e115816,unleaded98,1.699,2026-09-13,2026-09-14,
1044095b4cde:diesel,1044095b4cde,diesel,1.899,2026-09-13,2026-09-14,
1044095b4cde:heating_oil,1044095b4cde,heating_oil,1.559,2026-09-13,2026-09-14,
1044095b4cde:kerosene,1044095b4cde,kerosene,1.489,2026-09-13,2026-09-14,
1044095b4cde:unleaded95,1044095b4cde,unleaded95,1.597,2026-09-13,2026-09-14,
1044095b4cde:unleaded98,1044095b4cde,unleaded98,1.707,2026-09-13,2026-09-14,
117c3b6f97d9:diesel,117c3b6f97d9,diesel,1.929,2026-09-13,2026-09-14,
117c3b6f97d9:heating_oil,117c3b6f97d9,heating_oil,1.559,2026-09-13,2026-09-14,
117c3b6f97d9:kerosene,117c3b6f97d9,kerosene,1.469,2026-09-13,2026-09-14,
117c3b6f97d9:unleaded95,117c3b6f97d9,unleaded95,1.667,2026-09-13,2026-09-14,
117c3b6f97d9:unleaded98,117c3b6f97d9,unleaded98,1.707,2026-09-13,2026-09-14,
119d69819e8d:diesel,119d69819e8d,diesel,1.919,2026-09-13,2026-09-14,
119d69819e8d:heating_oil,119d69819e8d,heating_oil,1.559,2026-09-13,2026-09-14,
119d69819e8d:kerosene,119d69819e8d,kerosene,1.489,2026-09-13,2026-09-14,
119d69819e8d:unleaded95,119d69819e8d,unleaded95,1.649,2026-09-13,2026-09-14,
119d69819e8d:unleaded98,119d69819e8d,unleaded98,1.689,2026-09-13,2026-09-14,
122aa6b021d2:diesel,122aa6b021d2,diesel,1.929,2026-09-13,2026-09-14,
122aa6b021d2:heating_oil,122aa6b021d2,heating_oil,1.549,2026-09-13,2026-09-14,
122aa6b021d2:kerosene,122aa6b021d2,kerosene,1.455,2026-09-13,2026-09-14,
122aa6b021d2:unleaded95,122aa6b021d2,unleaded95,1.669,2026-09-13,2026-09-14,
122aa6b021d2:unleaded98,122aa6b021d2,unleaded98,1.720,2026-09-13,2026-09-14,
123bfd0e9e3a:diesel,123bfd0e9e3a,diesel,1.889,2026-09-13,2026-09-14,
123bfd0e9e3a:heating_oil,123bfd0e9e3a,heating_oil,1.559,2026-09-13,2026-09-14,
123bfd0e9e3a:kerosene,123bfd0e9e3a,kerosene,1.489,2026-09-13,2026-09-14,
123bfd0e9e3a:unleaded95,123bfd0e9e3a,unleaded95,1.619,2026-09-13,2026-09-14,
123bfd0e9e3a:unleaded98,123bfd0e9e3a,unleaded98,1.689,2026-09-13,2026-09-14,
1476a096e3ba:diesel,1476a096e3ba,diesel,1.895,2026-09-13,2026-09-14,
1476a096e3ba:heating_oil,1476a096e3ba,heating_oil,1.523,2026-09-13,2026-09-14,
1476a096e3ba:kerosene,1476a096e3ba,kerosene,1.428,2026-09-13,2026-09-14,
1476a096e3ba:unleaded95,1476a096e3ba,unleaded95,1.625,2026-09-13,2026-09-14,
1476a096e3ba:unleaded98,1476a096e3ba,unleaded98,1.674,2026-09-13,2026-09-14,
14ab75b4aa66:diesel,14ab75b4aa66,diesel,1.894,2026-09-13,2026-09-14,
14ab75b4aa66:heating_oil,14ab75b4aa66,heating_oil,1.559,2026-09-13,2026-09-14,
14ab75b4aa66:kerosene,14ab75b4aa66,kerosene,1.469,2026-09-13,2026-09-14,
14ab75b4aa66:unleaded95,14ab75b4aa66,unleaded95,1.615,2026-09-13,2026-09-14,
14ab75b4aa66:unleaded98,14ab75b4aa66,unleaded98,1.645,2026-09-13,2026-09-14,
1552d6c63ab2:diesel,1552d6c63ab2,diesel,1.919,2026-09-13,2026-09-14,
1552d6c63ab2:heating_oil,1552d6c63ab2,heating_oil,1.559,2026-09-13,2026-09-14,
1552d6c63ab2:kerosene,1552d6c63ab2,kerosene,1.489,2026-09-13,2026-09-14,
1552d6c63ab2:unleaded95,1552d6c63ab2,unleaded95,1.649,2026-09-13,2026-09-14,
1552d6c63ab2:unleaded98,1552d6c63ab2,unleaded98,1.689,2026-09-13,2026-09-14,
15cf154d622b:diesel,15cf154d622b,diesel,1.939,2026-09-13,2026-09-14,
15cf154d622b:heating_oil,15cf154d622b,heating_oil,1.569,2026-09-13,2026-09-14,
15cf154d622b:kerosene,15cf154d622b,kerosene,1.489,2026-09-13,2026-09-14,
15cf154d622b:unleaded95,15cf154d622b,unleaded95,1.679,2026-09-13,2026-09-14,
15cf154d622b:unleaded98,15cf154d622b,unleaded98,1.739,2026-09-13,2026-09-14,
178bce87f3a6:diesel,178bce87f3a6,diesel,1.907,2026-09-13,2026-09-14,
178bce87f3a6:heating_oil,178bce87f3a6,heating_oil,1.559,2026-09-13,2026-09-14,
178bce87f3a6:kerosene,178bce87f3a6,kerosene,1.469,2026-09-13,2026-09-14,
178bce87f3a6:unleaded95,178bce87f3a6,unleaded95,1.647,2026-09-13,2026-09-14,
178bce87f3a6:unleaded98,178bce87f3a6,unleaded98,1.677,2026-09-13,2026-09-14,
17ee7f0dd4f0:diesel,17ee7f0dd4f0,diesel,1.909,2026-09-13,2026-09-14,
17ee7f0dd4f0:heating_oil,17ee7f0dd4f0,heating_oil,1.528,2026-09-13,2026-09-14,
17ee7f0dd4f0:kerosene,17ee7f0dd4f0,kerosene,1.435,2026-09-13,2026-09-14,
17ee7f0dd4f0:unleaded95,17ee7f0dd4f0,unleaded95,1.649,2026-09-13,2026-09-14,
17ee7f0dd4f0:unleaded98,17ee7f0dd4f0,unleaded98,1.699,2026-09-13,2026-09-14,
187618635ba0:diesel,187618635ba0,diesel,1.909,2026-09-13,2026-09-14,
187618635ba0:heating_oil,187618635ba0,heating_oil,1.528,2026-09-13,2026-09-14,
187618635ba0:kerosene,187618635ba0,kerosene,1.435,2026-09-13,2026-09-14,
187618635ba0:unleaded95,187618635ba0,unleaded95,1.649,2026-09-13,2026-09-14,
187618635ba0:unleaded98,187618635ba0,unleaded98,1.699,2026-09-13,2026-09-14,
1a10004ef1a9:diesel,1a10004ef1a9,diesel,1.859,2026-09-13,2026-09-14,
1a10004ef1a9:heating_oil,1a10004ef1a9,heating_oil,1.528,2026-09-13,2026-09-14,
1a10004ef1a9:kerosene,1a10004ef1a9,kerosene,1.435,2026-09-13,2026-09-14,
1a10004ef1a9:unleaded95,1a10004ef1a9,unleaded95,1.589,2026-09-13,2026-09-14,
1a10004ef1a9:unleaded98,1a10004ef1a9,unleaded98,1.699,2026-09-13,2026-09-14,
1a16860d8e30:diesel,1a16860d8e30,diesel,1.938,2026-09-13,2026-09-14,
1a16860d8e30:heating_oil,1a16860d8e30,heating_oil,1.583,2026-09-13,2026-09-14,
1a16860d8e30:unleaded95,1a16860d8e30,unleaded95,1.669,2026-09-13,2026-09-14,
1a16860d8e30:unleaded98,1a16860d8e30,unleaded98,1.689,2026-09-13,2026-09-14,
1b148a05085c:diesel,1b148a05085c,diesel,1.885,2026-09-13,2026-09-14,
1b148a05085c:heating_oil,1b148a05085c,heating_oil,1.499,2026-09-13,2026-09-14,
1b148a05085c:kerosene,1b148a05085c,kerosene,1.410,2026-09-13,2026-09-14,
1b148a05085c:unleaded95,1b148a05085c,unleaded95,1.625,2026-09-13,2026-09-14,
1b148a05085c:unleaded98,1b148a05085c,unleaded98,1.685,2026-09-13,2026-09-14,
1bae28692c95:diesel,1bae28692c95,diesel,1.919,2026-09-13,2026-09-14,
1bae28692c95:heating_oil,1bae28692c95,heating_oil,1.539,2026-09-13,2026-09-14,
1bae28692c95:kerosene,1bae28692c95,kerosene,1.439,2026-09-13,2026-09-14,
1bae28692c95:unleaded95,1bae28692c95,unleaded95,1.649,2026-09-13,2026-09-14,
1bae28692c95:unleaded98,1bae28692c95,unleaded98,1.689,2026-09-13,2026-09-14,
1ef5b819726d:diesel,1ef5b819726d,diesel,1.909,2026-09-13,2026-09-14,
1ef5b819726d:heating_oil,1ef5b819726d,heating_oil,1.529,2026-09-13,2026-09-14,
1ef5b819726d:kerosene,1ef5b819726d,kerosene,1.399,2026-09-13,2026-09-14,
1ef5b819726d:unleaded95,1ef5b819726d,unleaded95,1.649,2026-09-13,2026-09-14,
1ef5b819726d:unleaded98,1ef5b819726d,unleaded98,1.699,2026-09-13,2026-09-14,
1f9b60bded75:diesel,1f9b60bded75,diesel,1.859,2026-09-13,2026-09-14,
1f9b60bded75:heating_oil,1f9b60bded75,heating_oil,1.528,2026-09-13,2026-09-14,
1f9b60bded75:kerosene,1f9b60bded75,kerosene,1.435,2026-09-13,2026-09-14,
1f9b60bded75:unleaded95,1f9b60bded75,unleaded95,1.599,2026-09-13,2026-09-14,
1f9b60bded75:unleaded98,1f9b60bded75,unleaded98,1.699,2026-09-13,2026-09-14,
1fe98156d14c:diesel,1fe98156d14c,diesel,1.943,2026-09-13,2026-09-14,
1fe98156d14c:heating_oil,1fe98156d14c,heating_oil,1.573,2026-09-13,2026-09-14,
1fe98156d14c:kerosene,1fe98156d14c,kerosene,1.573,2026-09-13,2026-09-14,
1fe98156d14c:unleaded95,1fe98156d14c,unleaded95,1.675,2026-09-13,2026-09-14,
1fe98156d14c:unleaded98,1fe98156d14c,unleaded98,1.735,2026-09-13,2026-09-14,
216880e896f0:diesel,216880e896f0,diesel,1.908,2026-09-13,2026-09-14,
216880e896f0:heating_oil,216880e896f0,heating_oil,1.559,2026-09-13,2026-09-14,
216880e896f0:unleaded95,216880e896f0,unleaded95,1.648,2026-09-13,2026-09-14,
216880e896f0:unleaded98,216880e896f0,unleaded98,1.678,2026-09-13,2026-09-14,
233254a84b2d:diesel,233254a84b2d,diesel,1.929,2026-09-13,2026-09-14,
233254a84b2d:heating_oil,233254a84b2d,heating_oil,1.529,2026-09-13,2026-09-14,
233254a84b2d:kerosene,233254a84b2d,kerosene,1.438,2026-09-13,2026-09-14,
233254a84b2d:unleaded95,233254a84b2d,unleaded95,1.669,2026-09-13,2026-09-14,
233254a84b2d:unleaded98,233254a84b2d,unleaded98,1.729,2026-09-13,2026-09-14,
23c7b3207f92:diesel,23c7b3207f92,diesel,1.907,2026-09-13,2026-09-14,
23c7b3207f92:heating_oil,23c7b3207f92,heating_oil,1.534,2026-09-13,2026-09-14,
23c7b3207f92:unleaded95,23c7b3207f92,unleaded95,1.645,2026-09-13,2026-09-14,
23c7b3207f92:unleaded98,23c7b3207f92,unleaded98,1.689,2026-09-13,2026-09-14,
2435de52a3ba:diesel,2435de52a3ba,diesel,1.859,2026-09-13,2026-09-14,
2435de52a3ba:heating_oil,2435de52a3ba,heating_oil,1.559,2026-09-13,2026-09-14,
2435de52a3ba:unleaded95,2435de52a3ba,unleaded95,1.599,2026-09-13,2026-09-14,
2435de52a3ba:unleaded98,2435de52a3ba,unleaded98,1.629,2026-09-13,2026-09-14,
24f260ef3191:diesel,24f260ef3191,diesel,1.969,2026-09-13,2026-09-14,
24f260ef3191:heating_oil,24f260ef3191,heating_oil,1.599,2026-09-13,2026-09-14,
24f260ef3191:kerosene,24f260ef3191,kerosene,1.550,2026-09-13,2026-09-14,
24f260ef3191:unleaded95,24f260ef3191,unleaded95,1.689,2026-09-13,2026-09-14,
24f260ef3191:unleaded98,24f260ef3191,unleaded98,1.789,2026-09-13,2026-09-14,
25791d087864:diesel,25791d087864,diesel,1.909,2026-09-13,2026-09-14,
25791d087864:heating_oil,25791d087864,heating_oil,1.528,2026-09-13,2026-09-14,
25791d087864:kerosene,25791d087864,kerosene,1.435,2026-09-13,2026-09-14,
25791d087864:unleaded95,25791d087864,unleaded95,1.649,2026-09-13,2026-09-14,
25791d087864:unleaded98,25791d087864,unleaded98,1.699,2026-09-13,2026-09-14,
25e9844b870d:diesel,25e9844b870d,diesel,1.919,2026-09-13,2026-09-14,
25e9844b870d:heating_oil,25e9844b870d,heating_oil,1.599,2026-09-13,2026-09-14,
25e9844b870d:kerosene,25e9844b870d,kerosene,1.499,2026-09-13,2026-09-14,
25e9844b870d:unleaded95,25e9844b870d,unleaded95,1.649,2026-09-13,2026-09-14,
25e9844b870d:unleaded98,25e9844b870d,unleaded98,1.799,2026-09-13,2026-09-14,
2676e12059bc:diesel,2676e12059bc,diesel,1.899,2026-09-13,2026-09-14,
2676e12059bc:heating_oil,2676e12059bc,heating_oil,1.528,2026-09-13,2026-09-14,
2676e12059bc:kerosene,2676e12059bc,kerosene,1.435,2026-09-13,2026-09-14,
2676e12059bc:unleaded95,2676e12059bc,unleaded95,1.615,2026-09-13,2026-09-14,
2676e12059bc:unleaded98,2676e12059bc,unleaded98,1.699,2026-09-13,2026-09-14,
2685729352b8:diesel,2685729352b8,diesel,1.909,2026-09-13,2026-09-14,
2685729352b8:heating_oil,2685729352b8,heating_oil,1.529,2026-09-13,2026-09-14,
2685729352b8:kerosene,2685729352b8,kerosene,1.399,2026-09-13,2026-09-14,
2685729352b8:unleaded95,2685729352b8,unleaded95,1.647,2026-09-13,2026-09-14,
2685729352b8:unleaded98,2685729352b8,unleaded98,1.697,2026-09-13,2026-09-14,
285b1e3703eb:diesel,285b1e3703eb,diesel,1.907,2026-09-13,2026-09-14,
285b1e3703eb:heating_oil,285b1e3703eb,heating_oil,1.559,2026-09-13,2026-09-14,
285b1e3703eb:kerosene,285b1e3703eb,kerosene,1.469,2026-09-13,2026-09-14,
285b1e3703eb:unleaded95,285b1e3703eb,unleaded95,1.647,2026-09-13,2026-09-14,
285b1e3703eb:unleaded98,285b1e3703eb,unleaded98,1.677,2026-09-13,2026-09-14,
288f16b2cde1:diesel,288f16b2cde1,diesel,1.899,2026-09-13,2026-09-14,
288f16b2cde1:heating_oil,288f16b2cde1,heating_oil,1.529,2026-09-13,2026-09-14,
288f16b2cde1:kerosene,288f16b2cde1,kerosene,1.439,2026-09-13,2026-09-14,
288f16b2cde1:unleaded95,288f16b2cde1,unleaded95,1.627,2026-09-13,2026-09-14,
288f16b2cde1:unleaded98,288f16b2cde1,unleaded98,1.697,2026-09-13,2026-09-14,
293b8fa19bf7:diesel,293b8fa19bf7,diesel,1.909,2026-09-13,2026-09-14,
293b8fa19bf7:heating_oil,293b8fa19bf7,heating_oil,1.528,2026-09-13,2026-09-14,
293b8fa19bf7:kerosene,293b8fa19bf7,kerosene,1.435,2026-09-13,2026-09-14,
293b8fa19bf7:unleaded95,293b8fa19bf7,unleaded95,1.657,2026-09-13,2026-09-14,
293b8fa19bf7:unleaded98,293b8fa19bf7,unleaded98,1.699,2026-09-13,2026-09-14,
29adfa02acca:diesel,29adfa02acca,diesel,1.890,2026-09-13,2026-09-14,
29adfa02acca:heating_oil,29adfa02acca,heating_oil,1.538,2026-09-13,2026-09-14,
29adfa02acca:kerosene,29adfa02acca,kerosene,1.445,2026-09-13,2026-09-14,
29adfa02acca:unleaded95,29adfa02acca,unleaded95,1.609,2026-09-13,2026-09-14,
29adfa02acca:unleaded98,29adfa02acca,unleaded98,1.700,2026-09-13,2026-09-14,
2bb2812d2829:diesel,2bb2812d2829,diesel,1.925,2026-09-13,2026-09-14,
2bb2812d2829:heating_oil,2bb2812d2829,heating_oil,1.559,2026-09-13,2026-09-14,
2bb2812d2829:unleaded95,2bb2812d2829,unleaded95,1.665,2026-09-13,2026-09-14,
2bb2812d2829:unleaded98,2bb2812d2829,unleaded98,1.695,2026-09-13,2026-09-14,
2be80460e2e6:diesel,2be80460e2e6,diesel,1.929,2026-09-13,2026-09-14,
2be80460e2e6:heating_oil,2be80460e2e6,heating_oil,1.546,2026-09-13,2026-09-14,
2be80460e2e6:kerosene,2be80460e2e6,kerosene,1.459,2026-09-13,2026-09-14,
2be80460e2e6:unleaded95,2be80460e2e6,unleaded95,1.664,2026-09-13,2026-09-14,
2be80460e2e6:unleaded98,2be80460e2e6,unleaded98,1.716,2026-09-13,2026-09-14,
2d1dc84554ad:diesel,2d1dc84554ad,diesel,1.884,2026-09-13,2026-09-14,
2d1dc84554ad:heating_oil,2d1dc84554ad,heating_oil,1.559,2026-09-13,2026-09-14,
2d1dc84554ad:unleaded95,2d1dc84554ad,unleaded95,1.613,2026-09-13,2026-09-14,
2d1dc84554ad:unleaded98,2d1dc84554ad,unleaded98,1.643,2026-09-13,2026-09-14,
2d7b1e4bf3fa:diesel,2d7b1e4bf3fa,diesel,1.859,2026-09-13,2026-09-14,
2d7b1e4bf3fa:heating_oil,2d7b1e4bf3fa,heating_oil,1.489,2026-09-13,2026-09-14,
2d7b1e4bf3fa:kerosene,2d7b1e4bf3fa,kerosene,1.399,2026-09-13,2026-09-14,
2d7b1e4bf3fa:unleaded95,2d7b1e4bf3fa,unleaded95,1.599,2026-09-13,2026-09-14,
2d7b1e4bf3fa:unleaded98,2d7b1e4bf3fa,unleaded98,1.649,2026-09-13,2026-09-14,
3009230fcbc6:diesel,3009230fcbc6,diesel,1.898,2026-09-13,2026-09-14,
3009230fcbc6:heating_oil,3009230fcbc6,heating_oil,1.518,2026-09-13,2026-09-14,
3009230fcbc6:kerosene,3009230fcbc6,kerosene,1.428,2026-09-13,2026-09-14,
3009230fcbc6:unleaded95,3009230fcbc6,unleaded95,1.638,2026-09-13,2026-09-14,
3009230fcbc6:unleaded98,3009230fcbc6,unleaded98,1.695,2026-09-13,2026-09-14,
30e807950de4:diesel,30e807950de4,diesel,1.879,2026-09-13,2026-09-14,
30e807950de4:heating_oil,30e807950de4,heating_oil,1.528,2026-09-13,2026-09-14,
30e807950de4:kerosene,30e807950de4,kerosene,1.435,2026-09-13,2026-09-14,
30e807950de4:unleaded95,30e807950de4,unleaded95,1.645,2026-09-13,2026-09-14,
30e807950de4:unleaded98,30e807950de4,unleaded98,1.689,2026-09-13,2026-09-14,
32039ce18953:diesel,32039ce18953,diesel,1.939,2026-09-13,2026-09-14,
32039ce18953:heating_oil,32039ce18953,heating_oil,1.559,2026-09-13,2026-09-14,
32039ce18953:kerosene,32039ce18953,kerosene,1.469,2026-09-13,2026-09-14,
32039ce18953:unleaded95,32039ce18953,unleaded95,1.637,2026-09-13,2026-09-14,
32039ce18953:unleaded98,32039ce18953,unleaded98,1.717,2026-09-13,2026-09-14,
320be8d683a2:diesel,320be8d683a2,diesel,1.915,2026-09-13,2026-09-14,
320be8d683a2:heating_oil,320be8d683a2,heating_oil,1.549,2026-09-13,2026-09-14,
320be8d683a2:kerosene,320be8d683a2,kerosene,1.430,2026-09-13,2026-09-14,
320be8d683a2:unleaded95,320be8d683a2,unleaded95,1.648,2026-09-13,2026-09-14,
320be8d683a2:unleaded98,320be8d683a2,unleaded98,1.685,2026-09-13,2026-09-14,
34932a59bf86:diesel,34932a59bf86,diesel,1.928,2026-09-13,2026-09-14,
34932a59bf86:heating_oil,34932a59bf86,heating_oil,1.547,2026-09-13,2026-09-14,
34932a59bf86:kerosene,34932a59bf86,kerosene,1.455,2026-09-13,2026-09-14,
34932a59bf86:unleaded95,34932a59bf86,unleaded95,1.669,2026-09-13,2026-09-14,
34932a59bf86:unleaded98,34932a59bf86,unleaded98,1.719,2026-09-13,2026-09-14,
364d076c3a94:diesel,364d076c3a94,diesel,1.908,2026-09-13,2026-09-14,
364d076c3a94:heating_oil,364d076c3a94,heating_oil,1.529,2026-09-13,2026-09-14,
364d076c3a94:kerosene,364d076c3a94,kerosene,1.439,2026-09-13,2026-09-14,
364d076c3a94:unleaded95,364d076c3a94,unleaded95,1.647,2026-09-13,2026-09-14,
364d076c3a94:unleaded98,364d076c3a94,unleaded98,1.697,2026-09-13,2026-09-14,
366a0c1d06e2:diesel,366a0c1d06e2,diesel,1.919,2026-09-13,2026-09-14,
366a0c1d06e2:heating_oil,366a0c1d06e2,heating_oil,1.558,2026-09-13,2026-09-14,
366a0c1d06e2:kerosene,366a0c1d06e2,kerosene,1.439,2026-09-13,2026-09-14,
366a0c1d06e2:unleaded95,366a0c1d06e2,unleaded95,1.649,2026-09-13,2026-09-14,
366a0c1d06e2:unleaded98,366a0c1d06e2,unleaded98,1.688,2026-09-13,2026-09-14,
36fb67511673:diesel,36fb67511673,diesel,1.919,2026-09-13,2026-09-14,
36fb67511673:heating_oil,36fb67511673,heating_oil,1.549,2026-09-13,2026-09-14,
36fb67511673:kerosene,36fb67511673,kerosene,1.469,2026-09-13,2026-09-14,
36fb67511673:unleaded95,36fb67511673,unleaded95,1.649,2026-09-13,2026-09-14,
36fb67511673:unleaded98,36fb67511673,unleaded98,1.689,2026-09-13,2026-09-14,
39363f6470ee:diesel,39363f6470ee,diesel,1.931,2026-09-13,2026-09-14,
39363f6470ee:heating_oil,39363f6470ee,heating_oil,1.613,2026-09-13,2026-09-14,
39363f6470ee:unleaded95,39363f6470ee,unleaded95,1.666,2026-09-13,2026-09-14,
39363f6470ee:unleaded98,39363f6470ee,unleaded98,1.742,2026-09-13,2026-09-14,
39fd6925ae42:diesel,39fd6925ae42,diesel,1.909,2026-09-13,2026-09-14,
39fd6925ae42:unleaded95,39fd6925ae42,unleaded95,1.649,2026-09-13,2026-09-14,
39fd6925ae42:unleaded98,39fd6925ae42,unleaded98,1.689,2026-09-13,2026-09-14,
3a0c41beebb7:diesel,3a0c41beebb7,diesel,1.909,2026-09-13,2026-09-14,
3a0c41beebb7:heating_oil,3a0c41beebb7,heating_oil,1.528,2026-09-13,2026-09-14,
3a0c41beebb7:kerosene,3a0c41beebb7,kerosene,1.435,2026-09-13,2026-09-14,
3a0c41beebb7:unleaded95,3a0c41beebb7,unleaded95,1.649,2026-09-13,2026-09-14,
3a0c41beebb7:unleaded98,3a0c41beebb7,unleaded98,1.699,2026-09-13,2026-09-14,
3c3fdd29b8f7:diesel,3c3fdd29b8f7,diesel,1.859,2026-09-13,2026-09-14,
3c3fdd29b8f7:unleaded95,3c3fdd29b8f7,unleaded95,1.598,2026-09-13,2026-09-14,
3c3fdd29b8f7:unleaded98,3c3fdd29b8f7,unleaded98,1.628,2026-09-13,2026-09-14,
3d365e518577:diesel,3d365e518577,diesel,1.929,2026-09-13,2026-09-14,
3d365e518577:heating_oil,3d365e518577,heating_oil,1.559,2026-09-13,2026-09-14,
3d365e518577:kerosene,3d365e518577,kerosene,1.469,2026-09-13,2026-09-14,
3d365e518577:unleaded95,3d365e518577,unleaded95,1.667,2026-09-13,2026-09-14,
3d365e518577:unleaded98,3d365e518577,unleaded98,1.707,2026-09-13,2026-09-14,
3dc149493178:diesel,3dc149493178,diesel,1.879,2026-09-13,2026-09-14,
3dc149493178:heating_oil,3dc149493178,heating_oil,1.528,2026-09-13,2026-09-14,
3dc149493178:kerosene,3dc149493178,kerosene,1.435,2026-09-13,2026-09-14,
3dc149493178:unleaded95,3dc149493178,unleaded95,1.615,2026-09-13,2026-09-14,
3dc149493178:unleaded98,3dc149493178,unleaded98,1.699,2026-09-13,2026-09-14,
3e638c4e5fc9:diesel,3e638c4e5fc9,diesel,1.914,2026-09-13,2026-09-14,
3e638c4e5fc9:heating_oil,3e638c4e5fc9,heating_oil,1.537,2026-09-13,2026-09-14,
3e638c4e5fc9:kerosene,3e638c4e5fc9,kerosene,1.329,2026-09-13,2026-09-14,
3e638c4e5fc9:unleaded95,3e638c4e5fc9,unleaded95,1.646,2026-09-13,2026-09-14,
3e638c4e5fc9:unleaded98,3e638c4e5fc9,unleaded98,1.690,2026-09-13,2026-09-14,
3ede104e6d56:diesel,3ede104e6d56,diesel,1.908,2026-09-13,2026-09-14,
3ede104e6d56:heating_oil,3ede104e6d56,heating_oil,1.539,2026-09-13,2026-09-14,
3ede104e6d56:kerosene,3ede104e6d56,kerosene,1.398,2026-09-13,2026-09-14,
3ede104e6d56:unleaded95,3ede104e6d56,unleaded95,1.648,2026-09-13,2026-09-14,
3ede104e6d56:unleaded98,3ede104e6d56,unleaded98,1.678,2026-09-13,2026-09-14,
3fdaa889148c:diesel,3fdaa889148c,diesel,1.890,2026-09-13,2026-09-14,
3fdaa889148c:heating_oil,3fdaa889148c,heating_oil,1.559,2026-09-13,2026-09-14,
3fdaa889148c:kerosene,3fdaa889148c,kerosene,1.489,2026-09-13,2026-09-14,
3fdaa889148c:unleaded95,3fdaa889148c,unleaded95,1.649,2026-09-13,2026-09-14,
3fdaa889148c:unleaded98,3fdaa889148c,unleaded98,1.689,2026-09-13,2026-09-14,
3fef2e98f65b:diesel,3fef2e98f65b,diesel,1.909,2026-09-13,2026-09-14,
3fef2e98f65b:heating_oil,3fef2e98f65b,heating_oil,1.529,2026-09-13,2026-09-14,
3fef2e98f65b:unleaded95,3fef2e98f65b,unleaded95,1.645,2026-09-13,2026-09-14,
3fef2e98f65b:unleaded98,3fef2e98f65b,unleaded98,1.675,2026-09-13,2026-09-14,
40e8c72b6e83:diesel,40e8c72b6e83,diesel,1.949,2026-09-13,2026-09-14,
40e8c72b6e83:heating_oil,40e8c72b6e83,heating_oil,1.579,2026-09-13,2026-09-14,
40e8c72b6e83:kerosene,40e8c72b6e83,kerosene,1.489,2026-09-13,2026-09-14,
40e8c72b6e83:unleaded95,40e8c72b6e83,unleaded95,1.679,2026-09-13,2026-09-14,
40e8c72b6e83:unleaded98,40e8c72b6e83,unleaded98,1.729,2026-09-13,2026-09-14,
41841cb23dbd:diesel,41841cb23dbd,diesel,1.859,2026-09-13,2026-09-14,
41841cb23dbd:heating_oil,41841cb23dbd,heating_oil,1.559,2026-09-13,2026-09-14,
41841cb23dbd:kerosene,41841cb23dbd,kerosene,1.469,2026-09-13,2026-09-14,
41841cb23dbd:unleaded95,41841cb23dbd,unleaded95,1.599,2026-09-13,2026-09-14,
41841cb23dbd:unleaded98,41841cb23dbd,unleaded98,1.629,2026-09-13,2026-09-14,
42462b695ab2:diesel,42462b695ab2,diesel,1.909,2026-09-13,2026-09-14,
42462b695ab2:heating_oil,42462b695ab2,heating_oil,1.528,2026-09-13,2026-09-14,
42462b695ab2:kerosene,42462b695ab2,kerosene,1.435,2026-09-13,2026-09-14,
42462b695ab2:unleaded95,42462b695ab2,unleaded95,1.649,2026-09-13,2026-09-14,
42462b695ab2:unleaded98,42462b695ab2,unleaded98,1.699,2026-09-13,2026-09-14,
428b07ccf758:diesel,428b07ccf758,diesel,1.929,2026-09-13,2026-09-14,
428b07ccf758:heating_oil,428b07ccf758,heating_oil,1.559,2026-09-13,2026-09-14,
428b07ccf758:kerosene,428b07ccf758,kerosene,1.469,2026-09-13,2026-09-14,
428b07ccf758:unleaded95,428b07ccf758,unleaded95,1.667,2026-09-13,2026-09-14,
428b07ccf758:unleaded98,428b07ccf758,unleaded98,1.707,2026-09-13,2026-09-14,
42e035b752d8:diesel,42e035b752d8,diesel,1.909,2026-09-13,2026-09-14,
42e035b752d8:heating_oil,42e035b752d8,heating_oil,1.528,2026-09-13,2026-09-14,
42e035b752d8:kerosene,42e035b752d8,kerosene,1.435,2026-09-13,2026-09-14,
42e035b752d8:unleaded95,42e035b752d8,unleaded95,1.649,2026-09-13,2026-09-14,
42e035b752d8:unleaded98,42e035b752d8,unleaded98,1.699,2026-09-13,2026-09-14,
43962c7fecd8:diesel,43962c7fecd8,diesel,1.909,2026-09-13,2026-09-14,
43962c7fecd8:heating_oil,43962c7fecd8,heating_oil,1.528,2026-09-13,2026-09-14,
43962c7fecd8:kerosene,43962c7fecd8,kerosene,1.435,2026-09-13,2026-09-14,
43962c7fecd8:unleaded95,43962c7fecd8,unleaded95,1.649,2026-09-13,2026-09-14,
43962c7fecd8:unleaded98,43962c7fecd8,unleaded98,1.699,2026-09-13,2026-09-14,
44624b1025cd:diesel,44624b1025cd,diesel,1.919,2026-09-13,2026-09-14,
44624b1025cd:heating_oil,44624b1025cd,heating_oil,1.559,2026-09-13,2026-09-14,
44624b1025cd:kerosene,44624b1025cd,kerosene,1.489,2026-09-13,2026-09-14,
44624b1025cd:unleaded95,44624b1025cd,unleaded95,1.649,2026-09-13,2026-09-14,
44624b1025cd:unleaded98,44624b1025cd,unleaded98,1.689,2026-09-13,2026-09-14,
458aa789203d:diesel,458aa789203d,diesel,1.909,2026-09-13,2026-09-14,
458aa789203d:heating_oil,458aa789203d,heating_oil,1.528,2026-09-13,2026-09-14,
458aa789203d:kerosene,458aa789203d,kerosene,1.435,2026-09-13,2026-09-14,
458aa789203d:unleaded95,458aa789203d,unleaded95,1.649,2026-09-13,2026-09-14,
458aa789203d:unleaded98,458aa789203d,unleaded98,1.699,2026-09-13,2026-09-14,
462ee152ff3b:diesel,462ee152ff3b,diesel,1.909,2026-09-13,2026-09-14,
462ee152ff3b:heating_oil,462ee152ff3b,heating_oil,1.528,2026-09-13,2026-09-14,
462ee152ff3b:kerosene,462ee152ff3b,kerosene,1.435,2026-09-13,2026-09-14,
462ee152ff3b:unleaded95,462ee152ff3b,unleaded95,1.649,2026-09-13,2026-09-14,
462ee152ff3b:unleaded98,462ee152ff3b,unleaded98,1.699,2026-09-13,2026-09-14,
46946a1f650f:diesel,46946a1f650f,diesel,1.929,2026-09-13,2026-09-14,
46946a1f650f:heating_oil,46946a1f650f,heating_oil,1.570,2026-09-13,2026-09-14,
46946a1f650f:kerosene,46946a1f650f,kerosene,1.480,2026-09-13,2026-09-14,
46946a1f650f:unleaded95,46946a1f650f,unleaded95,1.669,2026-09-13,2026-09-14,
46946a1f650f:unleaded98,46946a1f650f,unleaded98,1.709,2026-09-13,2026-09-14,
47bdc6813569:diesel,47bdc6813569,diesel,1.909,2026-09-13,2026-09-14,
47bdc6813569:heating_oil,47bdc6813569,heating_oil,1.529,2026-09-13,2026-09-14,
47bdc6813569:kerosene,47bdc6813569,kerosene,1.462,2026-09-13,2026-09-14,
47bdc6813569:unleaded95,47bdc6813569,unleaded95,1.648,2026-09-13,2026-09-14,
47bdc6813569:unleaded98,47bdc6813569,unleaded98,1.699,2026-09-13,2026-09-14,
48113cc9c12a:diesel,48113cc9c12a,diesel,1.909,2026-09-13,2026-09-14,
48113cc9c12a:heating_oil,48113cc9c12a,heating_oil,1.525,2026-09-13,2026-09-14,
48113cc9c12a:kerosene,48113cc9c12a,kerosene,1.435,2026-09-13,2026-09-14,
48113cc9c12a:unleaded95,48113cc9c12a,unleaded95,1.649,2026-09-13,2026-09-14,
48113cc9c12a:unleaded98,48113cc9c12a,unleaded98,1.695,2026-09-13,2026-09-14,
49f291bb3d72:diesel,49f291bb3d72,diesel,1.909,2026-09-13,2026-09-14,
49f291bb3d72:heating_oil,49f291bb3d72,heating_oil,1.539,2026-09-13,2026-09-14,
49f291bb3d72:unleaded95,49f291bb3d72,unleaded95,1.638,2026-09-13,2026-09-14,
49f291bb3d72:unleaded98,49f291bb3d72,unleaded98,1.668,2026-09-13,2026-09-14,
4a09006139d2:diesel,4a09006139d2,diesel,1.869,2026-09-13,2026-09-14,
4a09006139d2:heating_oil,4a09006139d2,heating_oil,1.509,2026-09-13,2026-09-14,
4a09006139d2:kerosene,4a09006139d2,kerosene,1.439,2026-09-13,2026-09-14,
4a09006139d2:unleaded95,4a09006139d2,unleaded95,1.599,2026-09-13,2026-09-14,
4a09006139d2:unleaded98,4a09006139d2,unleaded98,1.674,2026-09-13,2026-09-14,
4a79c5105aa9:diesel,4a79c5105aa9,diesel,1.859,2026-09-13,2026-09-14,
4a79c5105aa9:heating_oil,4a79c5105aa9,heating_oil,1.528,2026-09-13,2026-09-14,
4a79c5105aa9:kerosene,4a79c5105aa9,kerosene,1.435,2026-09-13,2026-09-14,
4a79c5105aa9:unleaded95,4a79c5105aa9,unleaded95,1.598,2026-09-13,2026-09-14,
4a79c5105aa9:unleaded98,4a79c5105aa9,unleaded98,1.699,2026-09-13,2026-09-14,
4ac8836fa7fb:diesel,4ac8836fa7fb,diesel,1.889,2026-09-13,2026-09-14,
4ac8836fa7fb:heating_oil,4ac8836fa7fb,heating_oil,1.529,2026-09-13,2026-09-14,
4ac8836fa7fb:kerosene,4ac8836fa7fb,kerosene,1.439,2026-09-13,2026-09-14,
4ac8836fa7fb:unleaded95,4ac8836fa7fb,unleaded95,1.619,2026-09-13,2026-09-14,
4ac8836fa7fb:unleaded98,4ac8836fa7fb,unleaded98,1.697,2026-09-13,2026-09-14,
4ae21a9b5efa:diesel,4ae21a9b5efa,diesel,1.909,2026-09-13,2026-09-14,
4ae21a9b5efa:heating_oil,4ae21a9b5efa,heating_oil,1.559,2026-09-13,2026-09-14,
4ae21a9b5efa:kerosene,4ae21a9b5efa,kerosene,1.489,2026-09-13,2026-09-14,
4ae21a9b5efa:unleaded95,4ae21a9b5efa,unleaded95,1.649,2026-09-13,2026-09-14,
4ae21a9b5efa:unleaded98,4ae21a9b5efa,unleaded98,1.689,2026-09-13,2026-09-14,
4b3ea41ef444:diesel,4b3ea41ef444,diesel,1.908,2026-09-13,2026-09-14,
4b3ea41ef444:heating_oil,4b3ea41ef444,heating_oil,1.499,2026-09-13,2026-09-14,
4b3ea41ef444:kerosene,4b3ea41ef444,kerosene,1.399,2026-09-13,2026-09-14,
4b3ea41ef444:unleaded95,4b3ea41ef444,unleaded95,1.617,2026-09-13,2026-09-14,
4b3ea41ef444:unleaded98,4b3ea41ef444,unleaded98,1.699,2026-09-13,2026-09-14,
4ca921929927:diesel,4ca921929927,diesel,1.909,2026-09-13,2026-09-14,
4ca921929927:heating_oil,4ca921929927,heating_oil,1.539,2026-09-13,2026-09-14,
4ca921929927:kerosene,4ca921929927,kerosene,1.460,2026-09-13,2026-09-14,
4ca921929927:unleaded95,4ca921929927,unleaded95,1.648,2026-09-13,2026-09-14,
4ca921929927:unleaded98,4ca921929927,unleaded98,1.678,2026-09-13,2026-09-14,
4d8c91cbdf87:diesel,4d8c91cbdf87,diesel,1.859,2026-09-13,2026-09-14,
4d8c91cbdf87:heating_oil,4d8c91cbdf87,heating_oil,1.489,2026-09-13,2026-09-14,
4d8c91cbdf87:kerosene,4d8c91cbdf87,kerosene,1.399,2026-09-13,2026-09-14,
4d8c91cbdf87:unleaded95,4d8c91cbdf87,unleaded95,1.599,2026-09-13,2026-09-14,
4d8c91cbdf87:unleaded98,4d8c91cbdf87,unleaded98,1.649,2026-09-13,2026-09-14,
4e416e4c8b88:diesel,4e416e4c8b88,diesel,1.919,2026-09-13,2026-09-14,
4e416e4c8b88:heating_oil,4e416e4c8b88,heating_oil,1.584,2026-09-13,2026-09-14,
4e416e4c8b88:kerosene,4e416e4c8b88,kerosene,1.507,2026-09-13,2026-09-14,
4e416e4c8b88:unleaded95,4e416e4c8b88,unleaded95,1.649,2026-09-13,2026-09-14,
4e416e4c8b88:unleaded98,4e416e4c8b88,unleaded98,1.699,2026-09-13,2026-09-14,
4f835e812e0f:diesel,4f835e812e0f,diesel,1.909,2026-09-13,2026-09-14,
4f835e812e0f:heating_oil,4f835e812e0f,heating_oil,1.528,2026-09-13,2026-09-14,
4f835e812e0f:kerosene,4f835e812e0f,kerosene,1.435,2026-09-13,2026-09-14,
4f835e812e0f:unleaded95,4f835e812e0f,unleaded95,1.649,2026-09-13,2026-09-14,
4f835e812e0f:unleaded98,4f835e812e0f,unleaded98,1.699,2026-09-13,2026-09-14,
4fd43e7e497c:diesel,4fd43e7e497c,diesel,1.909,2026-09-13,2026-09-14,
4fd43e7e497c:heating_oil,4fd43e7e497c,heating_oil,1.528,2026-09-13,2026-09-14,
4fd43e7e497c:kerosene,4fd43e7e497c,kerosene,1.435,2026-09-13,2026-09-14,
4fd43e7e497c:unleaded95,4fd43e7e497c,unleaded95,1.649,2026-09-13,2026-09-14,
4fd43e7e497c:unleaded98,4fd43e7e497c,unleaded98,1.699,2026-09-13,2026-09-14,
503646d494d5:diesel,503646d494d5,diesel,1.909,2026-09-13,2026-09-14,
503646d494d5:heating_oil,503646d494d5,heating_oil,1.528,2026-09-13,2026-09-14,
503646d494d5:kerosene,503646d494d5,kerosene,1.435,2026-09-13,2026-09-14,
503646d494d5:unleaded95,503646d494d5,unleaded95,1.649,2026-09-13,2026-09-14,
503646d494d5:unleaded98,503646d494d5,unleaded98,1.699,2026-09-13,2026-09-14,
507f1f44e378:diesel,507f1f44e378,diesel,1.885,2026-09-13,2026-09-14,
507f1f44e378:heating_oil,507f1f44e378,heating_oil,1.524,2026-09-13,2026-09-14,
507f1f44e378:kerosene,507f1f44e378,kerosene,1.433,2026-09-13,2026-09-14,
507f1f44e378:unleaded95,507f1f44e378,unleaded95,1.613,2026-09-13,2026-09-14,
507f1f44e378:unleaded98,507f1f44e378,unleaded98,1.685,2026-09-13,2026-09-14,
50a8f4e8f043:diesel,50a8f4e8f043,diesel,1.909,2026-09-13,2026-09-14,
50a8f4e8f043:heating_oil,50a8f4e8f043,heating_oil,1.528,2026-09-13,2026-09-14,
50a8f4e8f043:kerosene,50a8f4e8f043,kerosene,1.435,2026-09-13,2026-09-14,
50a8f4e8f043:unleaded95,50a8f4e8f043,unleaded95,1.649,2026-09-13,2026-09-14,
50a8f4e8f043:unleaded98,50a8f4e8f043,unleaded98,1.699,2026-09-13,2026-09-14,
50bbcc14271b:diesel,50bbcc14271b,diesel,1.929,2026-09-13,2026-09-14,
50bbcc14271b:heating_oil,50bbcc14271b,heating_oil,1.570,2026-09-13,2026-09-14,
50bbcc14271b:kerosene,50bbcc14271b,kerosene,1.470,2026-09-13,2026-09-14,
50bbcc14271b:unleaded95,50bbcc14271b,unleaded95,1.659,2026-09-13,2026-09-14,
50bbcc14271b:unleaded98,50bbcc14271b,unleaded98,1.699,2026-09-13,2026-09-14,
54d562b7ab71:diesel,54d562b7ab71,diesel,1.929,2026-09-13,2026-09-14,
54d562b7ab71:heating_oil,54d562b7ab71,heating_oil,1.568,2026-09-13,2026-09-14,
54d562b7ab71:kerosene,54d562b7ab71,kerosene,1.447,2026-09-13,2026-09-14,
54d562b7ab71:unleaded95,54d562b7ab71,unleaded95,1.667,2026-09-13,2026-09-14,
54ff5ad55f16:diesel,54ff5ad55f16,diesel,1.969,2026-09-13,2026-09-14,
54ff5ad55f16:heating_oil,54ff5ad55f16,heating_oil,1.599,2026-09-13,2026-09-14,
54ff5ad55f16:kerosene,54ff5ad55f16,kerosene,1.499,2026-09-13,2026-09-14,
54ff5ad55f16:unleaded95,54ff5ad55f16,unleaded95,1.699,2026-09-13,2026-09-14,
54ff5ad55f16:unleaded98,54ff5ad55f16,unleaded98,1.749,2026-09-13,2026-09-14,
5567cd093258:diesel,5567cd093258,diesel,1.909,2026-09-13,2026-09-14,
5567cd093258:heating_oil,5567cd093258,heating_oil,1.528,2026-09-13,2026-09-14,
5567cd093258:kerosene,5567cd093258,kerosene,1.435,2026-09-13,2026-09-14,
5567cd093258:unleaded95,5567cd093258,unleaded95,1.649,2026-09-13,2026-09-14,
5567cd093258:unleaded98,5567cd093258,unleaded98,1.699,2026-09-13,2026-09-14,
55d0b50126da:diesel,55d0b50126da,diesel,1.879,2026-09-13,2026-09-14,
55d0b50126da:heating_oil,55d0b50126da,heating_oil,1.489,2026-09-13,2026-09-14,
55d0b50126da:kerosene,55d0b50126da,kerosene,1.399,2026-09-13,2026-09-14,
55d0b50126da:unleaded95,55d0b50126da,unleaded95,1.613,2026-09-13,2026-09-14,
565dd6821200:diesel,565dd6821200,diesel,1.887,2026-09-13,2026-09-14,
565dd6821200:heating_oil,565dd6821200,heating_oil,1.528,2026-09-13,2026-09-14,
565dd6821200:kerosene,565dd6821200,kerosene,1.435,2026-09-13,2026-09-14,
565dd6821200:unleaded95,565dd6821200,unleaded95,1.623,2026-09-13,2026-09-14,
565dd6821200:unleaded98,565dd6821200,unleaded98,1.699,2026-09-13,2026-09-14,
567e7e2b96ac:diesel,567e7e2b96ac,diesel,1.909,2026-09-13,2026-09-14,
567e7e2b96ac:heating_oil,567e7e2b96ac,heating_oil,1.528,2026-09-13,2026-09-14,
567e7e2b96ac:kerosene,567e7e2b96ac,kerosene,1.435,2026-09-13,2026-09-14,
567e7e2b96ac:unleaded95,567e7e2b96ac,unleaded95,1.649,2026-09-13,2026-09-14,
567e7e2b96ac:unleaded98,567e7e2b96ac,unleaded98,1.699,2026-09-13,2026-09-14,
5697a79e3714:diesel,5697a79e3714,diesel,1.919,2026-09-13,2026-09-14,
5697a79e3714:heating_oil,5697a79e3714,heating_oil,1.559,2026-09-13,2026-09-14,
5697a79e3714:kerosene,5697a79e3714,kerosene,1.448,2026-09-13,2026-09-14,
5697a79e3714:unleaded95,5697a79e3714,unleaded95,1.659,2026-09-13,2026-09-14,
5697a79e3714:unleaded98,5697a79e3714,unleaded98,1.709,2026-09-13,2026-09-14,
59fe848dcc1d:diesel,59fe848dcc1d,diesel,1.919,2026-09-13,2026-09-14,
59fe848dcc1d:heating_oil,59fe848dcc1d,heating_oil,1.529,2026-09-13,2026-09-14,
59fe848dcc1d:kerosene,59fe848dcc1d,kerosene,1.439,2026-09-13,2026-09-14,
59fe848dcc1d:unleaded95,59fe848dcc1d,unleaded95,1.617,2026-09-13,2026-09-14,
59fe848dcc1d:unleaded98,59fe848dcc1d,unleaded98,1.707,2026-09-13,2026-09-14,
5a578950625a:diesel,5a578950625a,diesel,1.909,2026-09-13,2026-09-14,
5a578950625a:unleaded95,5a578950625a,unleaded95,1.648,2026-09-13,2026-09-14,
5a578950625a:unleaded98,5a578950625a,unleaded98,1.678,2026-09-13,2026-09-14,
5a78a7364d62:diesel,5a78a7364d62,diesel,1.909,2026-09-13,2026-09-14,
5a78a7364d62:heating_oil,5a78a7364d62,heating_oil,1.528,2026-09-13,2026-09-14,
5a78a7364d62:kerosene,5a78a7364d62,kerosene,1.435,2026-09-13,2026-09-14,
5a78a7364d62:unleaded95,5a78a7364d62,unleaded95,1.657,2026-09-13,2026-09-14,
5a78a7364d62:unleaded98,5a78a7364d62,unleaded98,1.699,2026-09-13,2026-09-14,
5b6d76f60256:diesel,5b6d76f60256,diesel,1.859,2026-09-13,2026-09-14,
5b6d76f60256:heating_oil,5b6d76f60256,heating_oil,1.528,2026-09-13,2026-09-14,
5b6d76f60256:kerosene,5b6d76f60256,kerosene,1.435,2026-09-13,2026-09-14,
5b6d76f60256:unleaded95,5b6d76f60256,unleaded95,1.599,2026-09-13,2026-09-14,
5b6d76f60256:unleaded98,5b6d76f60256,unleaded98,1.699,2026-09-13,2026-09-14,
5bbb1e8908dc:diesel,5bbb1e8908dc,diesel,1.929,2026-09-13,2026-09-14,
5bbb1e8908dc:heating_oil,5bbb1e8908dc,heating_oil,1.559,2026-09-13,2026-09-14,
5bbb1e8908dc:kerosene,5bbb1e8908dc,kerosene,1.469,2026-09-13,2026-09-14,
5bbb1e8908dc:unleaded95,5bbb1e8908dc,unleaded95,1.667,2026-09-13,2026-09-14,
5bbb1e8908dc:unleaded98,5bbb1e8908dc,unleaded98,1.707,2026-09-13,2026-09-14,
5d55628ec03b:diesel,5d55628ec03b,diesel,1.885,2026-09-13,2026-09-14,
5d55628ec03b:heating_oil,5d55628ec03b,heating_oil,1.524,2026-09-13,2026-09-14,
5d55628ec03b:kerosene,5d55628ec03b,kerosene,1.433,2026-09-13,2026-09-14,
5d55628ec03b:unleaded95,5d55628ec03b,unleaded95,1.613,2026-09-13,2026-09-14,
5d55628ec03b:unleaded98,5d55628ec03b,unleaded98,1.685,2026-09-13,2026-09-14,
5dd7d7a9710d:diesel,5dd7d7a9710d,diesel,1.859,2026-09-13,2026-09-14,
5dd7d7a9710d:heating_oil,5dd7d7a9710d,heating_oil,1.499,2026-09-13,2026-09-14,
5dd7d7a9710d:kerosene,5dd7d7a9710d,kerosene,1.429,2026-09-13,2026-09-14,
5dd7d7a9710d:unleaded95,5dd7d7a9710d,unleaded95,1.589,2026-09-13,2026-09-14,
5dd7d7a9710d:unleaded98,5dd7d7a9710d,unleaded98,1.629,2026-09-13,2026-09-14,
5f1d9d44de4c:diesel,5f1d9d44de4c,diesel,1.869,2026-09-13,2026-09-14,
5f1d9d44de4c:heating_oil,5f1d9d44de4c,heating_oil,1.509,2026-09-13,2026-09-14,
5f1d9d44de4c:kerosene,5f1d9d44de4c,kerosene,1.439,2026-09-13,2026-09-14,
5f1d9d44de4c:unleaded95,5f1d9d44de4c,unleaded95,1.599,2026-09-13,2026-09-14,
5f1d9d44de4c:unleaded98,5f1d9d44de4c,unleaded98,1.674,2026-09-13,2026-09-14,
5f6aecc094a5:diesel,5f6aecc094a5,diesel,1.868,2026-09-13,2026-09-14,
5f6aecc094a5:heating_oil,5f6aecc094a5,heating_oil,1.530,2026-09-13,2026-09-14,
5f6aecc094a5:kerosene,5f6aecc094a5,kerosene,1.441,2026-09-13,2026-09-14,
5f6aecc094a5:unleaded95,5f6aecc094a5,unleaded95,1.596,2026-09-13,2026-09-14,
5f6aecc094a5:unleaded98,5f6aecc094a5,unleaded98,1.669,2026-09-13,2026-09-14,
5fc48382973b:diesel,5fc48382973b,diesel,1.917,2026-09-13,2026-09-14,
5fc48382973b:heating_oil,5fc48382973b,heating_oil,1.525,2026-09-13,2026-09-14,
5fc48382973b:kerosene,5fc48382973b,kerosene,1.355,2026-09-13,2026-09-14,
5fc48382973b:unleaded95,5fc48382973b,unleaded95,1.645,2026-09-13,2026-09-14,
5fc48382973b:unleaded98,5fc48382973b,unleaded98,1.675,2026-09-13,2026-09-14,
5fd49366646f:diesel,5fd49366646f,diesel,1.909,2026-09-13,2026-09-14,
5fd49366646f:heating_oil,5fd49366646f,heating_oil,1.529,2026-09-13,2026-09-14,
5fd49366646f:kerosene,5fd49366646f,kerosene,1.439,2026-09-13,2026-09-14,
5fd49366646f:unleaded95,5fd49366646f,unleaded95,1.649,2026-09-13,2026-09-14,
5fd49366646f:unleaded98,5fd49366646f,unleaded98,1.699,2026-09-13,2026-09-14,
5fdf8a375f2a:diesel,5fdf8a375f2a,diesel,1.929,2026-09-13,2026-09-14,
5fdf8a375f2a:heating_oil,5fdf8a375f2a,heating_oil,1.559,2026-09-13,2026-09-14,
5fdf8a375f2a:kerosene,5fdf8a375f2a,kerosene,1.469,2026-09-13,2026-09-14,
5fdf8a375f2a:unleaded95,5fdf8a375f2a,unleaded95,1.667,2026-09-13,2026-09-14,
5fdf8a375f2a:unleaded98,5fdf8a375f2a,unleaded98,1.707,2026-09-13,2026-09-14,
61489bbd24f4:diesel,61489bbd24f4,diesel,1.939,2026-09-13,2026-09-14,
61489bbd24f4:heating_oil,61489bbd24f4,heating_oil,1.559,2026-09-13,2026-09-14,
61489bbd24f4:kerosene,61489bbd24f4,kerosene,1.469,2026-09-13,2026-09-14,
61489bbd24f4:unleaded95,61489bbd24f4,unleaded95,1.679,2026-09-13,2026-09-14,
61489bbd24f4:unleaded98,61489bbd24f4,unleaded98,1.729,2026-09-13,2026-09-14,
624124474669:diesel,624124474669,diesel,1.909,2026-09-13,2026-09-14,
624124474669:heating_oil,624124474669,heating_oil,1.528,2026-09-13,2026-09-14,
624124474669:kerosene,624124474669,kerosene,1.435,2026-09-13,2026-09-14,
624124474669:unleaded95,624124474669,unleaded95,1.649,2026-09-13,2026-09-14,
624124474669:unleaded98,624124474669,unleaded98,1.699,2026-09-13,2026-09-14,
64c1bca40276:diesel,64c1bca40276,diesel,1.859,2026-09-13,2026-09-14,
64c1bca40276:heating_oil,64c1bca40276,heating_oil,1.528,2026-09-13,2026-09-14,
64c1bca40276:kerosene,64c1bca40276,kerosene,1.435,2026-09-13,2026-09-14,
64c1bca40276:unleaded95,64c1bca40276,unleaded95,1.599,2026-09-13,2026-09-14,
64c1bca40276:unleaded98,64c1bca40276,unleaded98,1.699,2026-09-13,2026-09-14,
64e46f2932df:diesel,64e46f2932df,diesel,1.919,2026-09-13,2026-09-14,
64e46f2932df:heating_oil,64e46f2932df,heating_oil,1.559,2026-09-13,2026-09-14,
64e46f2932df:kerosene,64e46f2932df,kerosene,1.489,2026-09-13,2026-09-14,
64e46f2932df:unleaded95,64e46f2932df,unleaded95,1.669,2026-09-13,2026-09-14,
64e46f2932df:unleaded98,64e46f2932df,unleaded98,1.689,2026-09-13,2026-09-14,
65b480ad17ec:diesel,65b480ad17ec,diesel,1.894,2026-09-13,2026-09-14,
65b480ad17ec:heating_oil,65b480ad17ec,heating_oil,1.528,2026-09-13,2026-09-14,
65b480ad17ec:kerosene,65b480ad17ec,kerosene,1.435,2026-09-13,2026-09-14,
65b480ad17ec:unleaded95,65b480ad17ec,unleaded95,1.642,2026-09-13,2026-09-14,
65b480ad17ec:unleaded98,65b480ad17ec,unleaded98,1.699,2026-09-13,2026-09-14,
66d305f4af2e:diesel,66d305f4af2e,diesel,1.909,2026-09-13,2026-09-14,
66d305f4af2e:heating_oil,66d305f4af2e,heating_oil,1.528,2026-09-13,2026-09-14,
66d305f4af2e:kerosene,66d305f4af2e,kerosene,1.435,2026-09-13,2026-09-14,
66d305f4af2e:unleaded95,66d305f4af2e,unleaded95,1.647,2026-09-13,2026-09-14,
66d305f4af2e:unleaded98,66d305f4af2e,unleaded98,1.699,2026-09-13,2026-09-14,
66e87f05a350:diesel,66e87f05a350,diesel,1.887,2026-09-13,2026-09-14,
66e87f05a350:heating_oil,66e87f05a350,heating_oil,1.559,2026-09-13,2026-09-14,
66e87f05a350:kerosene,66e87f05a350,kerosene,1.489,2026-09-13,2026-09-14,
66e87f05a350:unleaded95,66e87f05a350,unleaded95,1.623,2026-09-13,2026-09-14,
66e87f05a350:unleaded98,66e87f05a350,unleaded98,1.689,2026-09-13,2026-09-14,
67516854f59e:diesel,67516854f59e,diesel,1.867,2026-09-13,2026-09-14,
67516854f59e:heating_oil,67516854f59e,heating_oil,1.559,2026-09-13,2026-09-14,
67516854f59e:kerosene,67516854f59e,kerosene,1.469,2026-09-13,2026-09-14,
67516854f59e:unleaded95,67516854f59e,unleaded95,1.599,2026-09-13,2026-09-14,
67516854f59e:unleaded98,67516854f59e,unleaded98,1.629,2026-09-13,2026-09-14,
69c2fb53eb4c:diesel,69c2fb53eb4c,diesel,1.920,2026-09-13,2026-09-14,
69c2fb53eb4c:heating_oil,69c2fb53eb4c,heating_oil,1.567,2026-09-13,2026-09-14,
69c2fb53eb4c:kerosene,69c2fb53eb4c,kerosene,1.497,2026-09-13,2026-09-14,
69c2fb53eb4c:unleaded95,69c2fb53eb4c,unleaded95,1.649,2026-09-13,2026-09-14,
69c2fb53eb4c:unleaded98,69c2fb53eb4c,unleaded98,1.695,2026-09-13,2026-09-14,
69f804f17a32:diesel,69f804f17a32,diesel,1.919,2026-09-13,2026-09-14,
69f804f17a32:heating_oil,69f804f17a32,heating_oil,1.559,2026-09-13,2026-09-14,
69f804f17a32:kerosene,69f804f17a32,kerosene,1.489,2026-09-13,2026-09-14,
69f804f17a32:unleaded95,69f804f17a32,unleaded95,1.649,2026-09-13,2026-09-14,
69f804f17a32:unleaded98,69f804f17a32,unleaded98,1.689,2026-09-13,2026-09-14,
69fd22d4956b:diesel,69fd22d4956b,diesel,1.909,2026-09-13,2026-09-14,
69fd22d4956b:heating_oil,69fd22d4956b,heating_oil,1.529,2026-09-13,2026-09-14,
69fd22d4956b:kerosene,69fd22d4956b,kerosene,1.439,2026-09-13,2026-09-14,
69fd22d4956b:unleaded95,69fd22d4956b,unleaded95,1.647,2026-09-13,2026-09-14,
69fd22d4956b:unleaded98,69fd22d4956b,unleaded98,1.697,2026-09-13,2026-09-14,
6c1ec11817fc:diesel,6c1ec11817fc,diesel,1.919,2026-09-13,2026-09-14,
6c1ec11817fc:heating_oil,6c1ec11817fc,heating_oil,1.570,2026-09-13,2026-09-14,
6c1ec11817fc:kerosene,6c1ec11817fc,kerosene,1.431,2026-09-13,2026-09-14,
6c1ec11817fc:unleaded95,6c1ec11817fc,unleaded95,1.649,2026-09-13,2026-09-14,
6c1ec11817fc:unleaded98,6c1ec11817fc,unleaded98,1.694,2026-09-13,2026-09-14,
6ca3bacda2ef:diesel,6ca3bacda2ef,diesel,1.899,2026-09-13,2026-09-14,
6ca3bacda2ef:heating_oil,6ca3bacda2ef,heating_oil,1.528,2026-09-13,2026-09-14,
6ca3bacda2ef:kerosene,6ca3bacda2ef,kerosene,1.435,2026-09-13,2026-09-14,
6ca3bacda2ef:unleaded95,6ca3bacda2ef,unleaded95,1.619,2026-09-13,2026-09-14,
6ca3bacda2ef:unleaded98,6ca3bacda2ef,unleaded98,1.699,2026-09-13,2026-09-14,
6cbad4fb4f78:diesel,6cbad4fb4f78,diesel,1.907,2026-09-13,2026-09-14,
6cbad4fb4f78:heating_oil,6cbad4fb4f78,heating_oil,1.559,2026-09-13,2026-09-14,
6cbad4fb4f78:kerosene,6cbad4fb4f78,kerosene,1.469,2026-09-13,2026-09-14,
6cbad4fb4f78:unleaded95,6cbad4fb4f78,unleaded95,1.647,2026-09-13,2026-09-14,
6cbad4fb4f78:unleaded98,6cbad4fb4f78,unleaded98,1.677,2026-09-13,2026-09-14,
6ce5fb3545fe:diesel,6ce5fb3545fe,diesel,1.919,2026-09-13,2026-09-14,
6ce5fb3545fe:heating_oil,6ce5fb3545fe,heating_oil,1.559,2026-09-13,2026-09-14,
6ce5fb3545fe:kerosene,6ce5fb3545fe,kerosene,1.489,2026-09-13,2026-09-14,
6ce5fb3545fe:unleaded95,6ce5fb3545fe,unleaded95,1.649,2026-09-13,2026-09-14,
6ce5fb3545fe:unleaded98,6ce5fb3545fe,unleaded98,1.689,2026-09-13,2026-09-14,
6e239d2282b3:diesel,6e239d2282b3,diesel,1.859,2026-09-13,2026-09-14,
6e239d2282b3:heating_oil,6e239d2282b3,heating_oil,1.559,2026-09-13,2026-09-14,
6e239d2282b3:kerosene,6e239d2282b3,kerosene,1.489,2026-09-13,2026-09-14,
6e239d2282b3:unleaded95,6e239d2282b3,unleaded95,1.599,2026-09-13,2026-09-14,
6e239d2282b3:unleaded98,6e239d2282b3,unleaded98,1.689,2026-09-13,2026-09-14,
70804ad4c6ed:diesel,70804ad4c6ed,diesel,1.949,2026-09-13,2026-09-14,
70804ad4c6ed:heating_oil,70804ad4c6ed,heating_oil,1.589,2026-09-13,2026-09-14,
70804ad4c6ed:kerosene,70804ad4c6ed,kerosene,1.469,2026-09-13,2026-09-14,
70804ad4c6ed:unleaded95,70804ad4c6ed,unleaded95,1.699,2026-09-13,2026-09-14,
70804ad4c6ed:unleaded98,70804ad4c6ed,unleaded98,1.737,2026-09-13,2026-09-14,
70b0af332d9f:diesel,70b0af332d9f,diesel,1.905,2026-09-13,2026-09-14,
70b0af332d9f:unleaded95,70b0af332d9f,unleaded95,1.647,2026-09-13,2026-09-14,
70b0af332d9f:unleaded98,70b0af332d9f,unleaded98,1.684,2026-09-13,2026-09-14,
71cfa14de08b:diesel,71cfa14de08b,diesel,1.909,2026-09-13,2026-09-14,
71cfa14de08b:heating_oil,71cfa14de08b,heating_oil,1.528,2026-09-13,2026-09-14,
71cfa14de08b:kerosene,71cfa14de08b,kerosene,1.435,2026-09-13,2026-09-14,
71cfa14de08b:unleaded95,71cfa14de08b,unleaded95,1.649,2026-09-13,2026-09-14,
71cfa14de08b:unleaded98,71cfa14de08b,unleaded98,1.699,2026-09-13,2026-09-14,
71f50aee8649:diesel,71f50aee8649,diesel,1.949,2026-09-13,2026-09-14,
71f50aee8649:heating_oil,71f50aee8649,heating_oil,1.579,2026-09-13,2026-09-14,
71f50aee8649:kerosene,71f50aee8649,kerosene,1.489,2026-09-13,2026-09-14,
71f50aee8649:unleaded95,71f50aee8649,unleaded95,1.687,2026-09-13,2026-09-14,
71f50aee8649:unleaded98,71f50aee8649,unleaded98,1.727,2026-09-13,2026-09-14,
72b865f82639:diesel,72b865f82639,diesel,1.989,2026-09-13,2026-09-14,
72b865f82639:heating_oil,72b865f82639,heating_oil,1.655,2026-09-13,2026-09-14,
72b865f82639:kerosene,72b865f82639,kerosene,1.424,2026-09-13,2026-09-14,
72b865f82639:unleaded95,72b865f82639,unleaded95,1.718,2026-09-13,2026-09-14,
72b865f82639:unleaded98,72b865f82639,unleaded98,1.785,2026-09-13,2026-09-14,
72bd542a8c85:diesel,72bd542a8c85,diesel,1.917,2026-09-13,2026-09-14,
72bd542a8c85:heating_oil,72bd542a8c85,heating_oil,1.539,2026-09-13,2026-09-14,
72bd542a8c85:kerosene,72bd542a8c85,kerosene,1.469,2026-09-13,2026-09-14,
72bd542a8c85:unleaded95,72bd542a8c85,unleaded95,1.649,2026-09-13,2026-09-14,
72bd542a8c85:unleaded98,72bd542a8c85,unleaded98,1.689,2026-09-13,2026-09-14,
73117467c0c8:diesel,73117467c0c8,diesel,1.869,2026-09-13,2026-09-14,
73117467c0c8:heating_oil,73117467c0c8,heating_oil,1.559,2026-09-13,2026-09-14,
73117467c0c8:kerosene,73117467c0c8,kerosene,1.489,2026-09-13,2026-09-14,
73117467c0c8:unleaded95,73117467c0c8,unleaded95,1.609,2026-09-13,2026-09-14,
73117467c0c8:unleaded98,73117467c0c8,unleaded98,1.689,2026-09-13,2026-09-14,
73805dddf7aa:diesel,73805dddf7aa,diesel,1.909,2026-09-13,2026-09-14,
73805dddf7aa:heating_oil,73805dddf7aa,heating_oil,1.540,2026-09-13,2026-09-14,
73805dddf7aa:kerosene,73805dddf7aa,kerosene,1.440,2026-09-13,2026-09-14,
73805dddf7aa:unleaded95,73805dddf7aa,unleaded95,1.645,2026-09-13,2026-09-14,
73805dddf7aa:unleaded98,73805dddf7aa,unleaded98,1.695,2026-09-13,2026-09-14,
73e26adc0d93:diesel,73e26adc0d93,diesel,1.929,2026-09-13,2026-09-14,
73e26adc0d93:heating_oil,73e26adc0d93,heating_oil,1.594,2026-09-13,2026-09-14,
73e26adc0d93:kerosene,73e26adc0d93,kerosene,1.643,2026-09-13,2026-09-14,
73e26adc0d93:unleaded95,73e26adc0d93,unleaded95,1.653,2026-09-13,2026-09-14,
73e26adc0d93:unleaded98,73e26adc0d93,unleaded98,1.688,2026-09-13,2026-09-14,
73f4fd3d41f8:diesel,73f4fd3d41f8,diesel,1.919,2026-09-13,2026-09-14,
73f4fd3d41f8:heating_oil,73f4fd3d41f8,heating_oil,1.562,2026-09-13,2026-09-14,
73f4fd3d41f8:kerosene,73f4fd3d41f8,kerosene,1.489,2026-09-13,2026-09-14,
73f4fd3d41f8:unleaded95,73f4fd3d41f8,unleaded95,1.648,2026-09-13,2026-09-14,
73f4fd3d41f8:unleaded98,73f4fd3d41f8,unleaded98,1.695,2026-09-13,2026-09-14,
743927ebc86a:diesel,743927ebc86a,diesel,1.905,2026-09-13,2026-09-14,
743927ebc86a:heating_oil,743927ebc86a,heating_oil,1.525,2026-09-13,2026-09-14,
743927ebc86a:kerosene,743927ebc86a,kerosene,1.395,2026-09-13,2026-09-14,
743927ebc86a:unleaded95,743927ebc86a,unleaded95,1.642,2026-09-13,2026-09-14,
743927ebc86a:unleaded98,743927ebc86a,unleaded98,1.697,2026-09-13,2026-09-14,
74b8ac0b63cd:diesel,74b8ac0b63cd,diesel,1.909,2026-09-13,2026-09-14,
74b8ac0b63cd:heating_oil,74b8ac0b63cd,heating_oil,1.528,2026-09-13,2026-09-14,
74b8ac0b63cd:kerosene,74b8ac0b63cd,kerosene,1.435,2026-09-13,2026-09-14,
74b8ac0b63cd:unleaded95,74b8ac0b63cd,unleaded95,1.649,2026-09-13,2026-09-14,
74b8ac0b63cd:unleaded98,74b8ac0b63cd,unleaded98,1.699,2026-09-13,2026-09-14,
74c4f4a42210:diesel,74c4f4a42210,diesel,1.939,2026-09-13,2026-09-14,
74c4f4a42210:heating_oil,74c4f4a42210,heating_oil,1.593,2026-09-13,2026-09-14,
74c4f4a42210:kerosene,74c4f4a42210,kerosene,1.299,2026-09-13,2026-09-14,
74c4f4a42210:unleaded95,74c4f4a42210,unleaded95,1.665,2026-09-13,2026-09-14,
74c4f4a42210:unleaded98,74c4f4a42210,unleaded98,1.707,2026-09-13,2026-09-14,
7510589f4eaa:diesel,7510589f4eaa,diesel,1.907,2026-09-13,2026-09-14,
7510589f4eaa:heating_oil,7510589f4eaa,heating_oil,1.534,2026-09-13,2026-09-14,
7510589f4eaa:kerosene,7510589f4eaa,kerosene,1.464,2026-09-13,2026-09-14,
7510589f4eaa:unleaded95,7510589f4eaa,unleaded95,1.599,2026-09-13,2026-09-14,
7510589f4eaa:unleaded98,7510589f4eaa,unleaded98,1.687,2026-09-13,2026-09-14,
772be93750d2:diesel,772be93750d2,diesel,1.903,2026-09-13,2026-09-14,
772be93750d2:heating_oil,772be93750d2,heating_oil,1.538,2026-09-13,2026-09-14,
772be93750d2:kerosene,772be93750d2,kerosene,1.460,2026-09-13,2026-09-14,
772be93750d2:unleaded95,772be93750d2,unleaded95,1.645,2026-09-13,2026-09-14,
772be93750d2:unleaded98,772be93750d2,unleaded98,1.675,2026-09-13,2026-09-14,
77450002346a:diesel,77450002346a,diesel,1.885,2026-09-13,2026-09-14,
77450002346a:heating_oil,77450002346a,heating_oil,1.524,2026-09-13,2026-09-14,
77450002346a:kerosene,77450002346a,kerosene,1.433,2026-09-13,2026-09-14,
77450002346a:unleaded95,77450002346a,unleaded95,1.638,2026-09-13,2026-09-14,
77450002346a:unleaded98,77450002346a,unleaded98,1.697,2026-09-13,2026-09-14,
77af34d3792b:diesel,77af34d3792b,diesel,1.859,2026-09-13,2026-09-14,
77af34d3792b:heating_oil,77af34d3792b,heating_oil,1.528,2026-09-13,2026-09-14,
77af34d3792b:kerosene,77af34d3792b,kerosene,1.435,2026-09-13,2026-09-14,
77af34d3792b:unleaded95,77af34d3792b,unleaded95,1.599,2026-09-13,2026-09-14,
77af34d3792b:unleaded98,77af34d3792b,unleaded98,1.699,2026-09-13,2026-09-14,
792650a717af:diesel,792650a717af,diesel,1.905,2026-09-13,2026-09-14,
792650a717af:heating_oil,792650a717af,heating_oil,1.498,2026-09-13,2026-09-14,
792650a717af:kerosene,792650a717af,kerosene,1.439,2026-09-13,2026-09-14,
792650a717af:unleaded95,792650a717af,unleaded95,1.649,2026-09-13,2026-09-14,
792650a717af:unleaded98,792650a717af,unleaded98,1.699,2026-09-13,2026-09-14,
79c9bc2be4e7:diesel,79c9bc2be4e7,diesel,1.859,2026-09-13,2026-09-14,
79c9bc2be4e7:heating_oil,79c9bc2be4e7,heating_oil,1.495,2026-09-13,2026-09-14,
79c9bc2be4e7:kerosene,79c9bc2be4e7,kerosene,1.395,2026-09-13,2026-09-14,
79c9bc2be4e7:unleaded95,79c9bc2be4e7,unleaded95,1.599,2026-09-13,2026-09-14,
79c9bc2be4e7:unleaded98,79c9bc2be4e7,unleaded98,1.665,2026-09-13,2026-09-14,
7b205bef86bd:diesel,7b205bef86bd,diesel,1.869,2026-09-13,2026-09-14,
7b205bef86bd:heating_oil,7b205bef86bd,heating_oil,1.529,2026-09-13,2026-09-14,
7b205bef86bd:kerosene,7b205bef86bd,kerosene,1.438,2026-09-13,2026-09-14,
7b205bef86bd:unleaded95,7b205bef86bd,unleaded95,1.609,2026-09-13,2026-09-14,
7b205bef86bd:unleaded98,7b205bef86bd,unleaded98,1.700,2026-09-13,2026-09-14,
7b3d6f74a132:diesel,7b3d6f74a132,diesel,1.885,2026-09-13,2026-09-14,
7b3d6f74a132:heating_oil,7b3d6f74a132,heating_oil,1.524,2026-09-13,2026-09-14,
7b3d6f74a132:kerosene,7b3d6f74a132,kerosene,1.433,2026-09-13,2026-09-14,
7b3d6f74a132:unleaded95,7b3d6f74a132,unleaded95,1.613,2026-09-13,2026-09-14,
7b3d6f74a132:unleaded98,7b3d6f74a132,unleaded98,1.685,2026-09-13,2026-09-14,
7c12967369e5:diesel,7c12967369e5,diesel,1.949,2026-09-13,2026-09-14,
7c12967369e5:heating_oil,7c12967369e5,heating_oil,1.579,2026-09-13,2026-09-14,
7c12967369e5:kerosene,7c12967369e5,kerosene,1.489,2026-09-13,2026-09-14,
7c12967369e5:unleaded95,7c12967369e5,unleaded95,1.679,2026-09-13,2026-09-14,
7c12967369e5:unleaded98,7c12967369e5,unleaded98,1.739,2026-09-13,2026-09-14,
7c3d4980155f:diesel,7c3d4980155f,diesel,1.908,2026-09-13,2026-09-14,
7c3d4980155f:heating_oil,7c3d4980155f,heating_oil,1.527,2026-09-13,2026-09-14,
7c3d4980155f:kerosene,7c3d4980155f,kerosene,1.435,2026-09-13,2026-09-14,
7c3d4980155f:unleaded95,7c3d4980155f,unleaded95,1.648,2026-09-13,2026-09-14,
7c3d4980155f:unleaded98,7c3d4980155f,unleaded98,1.699,2026-09-13,2026-09-14,
7cb63eb7db4a:diesel,7cb63eb7db4a,diesel,1.907,2026-09-13,2026-09-14,
7cb63eb7db4a:heating_oil,7cb63eb7db4a,heating_oil,1.527,2026-09-13,2026-09-14,
7cb63eb7db4a:kerosene,7cb63eb7db4a,kerosene,1.438,2026-09-13,2026-09-14,
7cb63eb7db4a:unleaded95,7cb63eb7db4a,unleaded95,1.645,2026-09-13,2026-09-14,
7cb63eb7db4a:unleaded98,7cb63eb7db4a,unleaded98,1.696,2026-09-13,2026-09-14,
7e13d23a29b2:diesel,7e13d23a29b2,diesel,1.905,2026-09-13,2026-09-14,
7e13d23a29b2:heating_oil,7e13d23a29b2,heating_oil,1.549,2026-09-13,2026-09-14,
7e13d23a29b2:kerosene,7e13d23a29b2,kerosene,1.499,2026-09-13,2026-09-14,
7e13d23a29b2:unleaded95,7e13d23a29b2,unleaded95,1.648,2026-09-13,2026-09-14,
7e13d23a29b2:unleaded98,7e13d23a29b2,unleaded98,1.678,2026-09-13,2026-09-14,
7ea7211d094c:diesel,7ea7211d094c,diesel,1.909,2026-09-13,2026-09-14,
7ea7211d094c:heating_oil,7ea7211d094c,heating_oil,1.559,2026-09-13,2026-09-14,
7ea7211d094c:kerosene,7ea7211d094c,kerosene,1.489,2026-09-13,2026-09-14,
7ea7211d094c:unleaded95,7ea7211d094c,unleaded95,1.647,2026-09-13,2026-09-14,
7ea7211d094c:unleaded98,7ea7211d094c,unleaded98,1.689,2026-09-13,2026-09-14,
82d0d5b8a85f:diesel,82d0d5b8a85f,diesel,1.919,2026-09-13,2026-09-14,
82d0d5b8a85f:heating_oil,82d0d5b8a85f,heating_oil,1.539,2026-09-13,2026-09-14,
82d0d5b8a85f:kerosene,82d0d5b8a85f,kerosene,1.439,2026-09-13,2026-09-14,
82d0d5b8a85f:unleaded95,82d0d5b8a85f,unleaded95,1.649,2026-09-13,2026-09-14,
82d0d5b8a85f:unleaded98,82d0d5b8a85f,unleaded98,1.689,2026-09-13,2026-09-14,
83e2c7cccb9a:diesel,83e2c7cccb9a,diesel,1.919,2026-09-13,2026-09-14,
83e2c7cccb9a:heating_oil,83e2c7cccb9a,heating_oil,1.559,2026-09-13,2026-09-14,
83e2c7cccb9a:kerosene,83e2c7cccb9a,kerosene,1.489,2026-09-13,2026-09-14,
83e2c7cccb9a:unleaded95,83e2c7cccb9a,unleaded95,1.649,2026-09-13,2026-09-14,
83e2c7cccb9a:unleaded98,83e2c7cccb9a,unleaded98,1.689,2026-09-13,2026-09-14,
84148c33cbb4:diesel,84148c33cbb4,diesel,1.908,2026-09-13,2026-09-14,
84148c33cbb4:heating_oil,84148c33cbb4,heating_oil,1.528,2026-09-13,2026-09-14,
84148c33cbb4:kerosene,84148c33cbb4,kerosene,1.435,2026-09-13,2026-09-14,
84148c33cbb4:unleaded95,84148c33cbb4,unleaded95,1.647,2026-09-13,2026-09-14,
84148c33cbb4:unleaded98,84148c33cbb4,unleaded98,1.699,2026-09-13,2026-09-14,
8448a4c5531f:diesel,8448a4c5531f,diesel,1.869,2026-09-13,2026-09-14,
8448a4c5531f:heating_oil,8448a4c5531f,heating_oil,1.529,2026-09-13,2026-09-14,
8448a4c5531f:unleaded95,8448a4c5531f,unleaded95,1.599,2026-09-13,2026-09-14,
8448a4c5531f:unleaded98,8448a4c5531f,unleaded98,1.689,2026-09-13,2026-09-14,
84e85efa4053:diesel,84e85efa4053,diesel,1.929,2026-09-13,2026-09-14,
84e85efa4053:heating_oil,84e85efa4053,heating_oil,1.619,2026-09-13,2026-09-14,
84e85efa4053:kerosene,84e85efa4053,kerosene,1.529,2026-09-13,2026-09-14,
84e85efa4053:unleaded95,84e85efa4053,unleaded95,1.659,2026-09-13,2026-09-14,
84e85efa4053:unleaded98,84e85efa4053,unleaded98,1.749,2026-09-13,2026-09-14,
873fd7d21413:diesel,873fd7d21413,diesel,1.909,2026-09-13,2026-09-14,
873fd7d21413:heating_oil,873fd7d21413,heating_oil,1.618,2026-09-13,2026-09-14,
873fd7d21413:kerosene,873fd7d21413,kerosene,1.525,2026-09-13,2026-09-14,
873fd7d21413:unleaded95,873fd7d21413,unleaded95,1.649,2026-09-13,2026-09-14,
873fd7d21413:unleaded98,873fd7d21413,unleaded98,1.700,2026-09-13,2026-09-14,
87bc9a5f5af2:diesel,87bc9a5f5af2,diesel,1.919,2026-09-13,2026-09-14,
87bc9a5f5af2:heating_oil,87bc9a5f5af2,heating_oil,1.559,2026-09-13,2026-09-14,
87bc9a5f5af2:unleaded95,87bc9a5f5af2,unleaded95,1.669,2026-09-13,2026-09-14,
87bc9a5f5af2:unleaded98,87bc9a5f5af2,unleaded98,1.689,2026-09-13,2026-09-14,
8899ec50983b:diesel,8899ec50983b,diesel,1.879,2026-09-13,2026-09-14,
8899ec50983b:heating_oil,8899ec50983b,heating_oil,1.529,2026-09-13,2026-09-14,
8899ec50983b:kerosene,8899ec50983b,kerosene,1.439,2026-09-13,2026-09-14,
8899ec50983b:unleaded95,8899ec50983b,unleaded95,1.619,2026-09-13,2026-09-14,
8899ec50983b:unleaded98,8899ec50983b,unleaded98,1.689,2026-09-13,2026-09-14,
896e4ee2aacd:diesel,896e4ee2aacd,diesel,1.919,2026-09-13,2026-09-14,
896e4ee2aacd:heating_oil,896e4ee2aacd,heating_oil,1.559,2026-09-13,2026-09-14,
896e4ee2aacd:kerosene,896e4ee2aacd,kerosene,1.489,2026-09-13,2026-09-14,
896e4ee2aacd:unleaded95,896e4ee2aacd,unleaded95,1.617,2026-09-13,2026-09-14,
896e4ee2aacd:unleaded98,896e4ee2aacd,unleaded98,1.689,2026-09-13,2026-09-14,
89f3721e58ea:diesel,89f3721e58ea,diesel,1.929,2026-09-13,2026-09-14,
89f3721e58ea:heating_oil,89f3721e58ea,heating_oil,1.559,2026-09-13,2026-09-14,
89f3721e58ea:kerosene,89f3721e58ea,kerosene,1.469,2026-09-13,2026-09-14,
89f3721e58ea:unleaded95,89f3721e58ea,unleaded95,1.667,2026-09-13,2026-09-14,
89f3721e58ea:unleaded98,89f3721e58ea,unleaded98,1.707,2026-09-13,2026-09-14,
89f704207e91:diesel,89f704207e91,diesel,1.908,2026-09-13,2026-09-14,
89f704207e91:heating_oil,89f704207e91,heating_oil,1.528,2026-09-13,2026-09-14,
89f704207e91:kerosene,89f704207e91,kerosene,1.489,2026-09-13,2026-09-14,
89f704207e91:unleaded95,89f704207e91,unleaded95,1.649,2026-09-13,2026-09-14,
89f704207e91:unleaded98,89f704207e91,unleaded98,1.689,2026-09-13,2026-09-14,
8d38472ccb06:diesel,8d38472ccb06,diesel,1.909,2026-09-13,2026-09-14,
8d38472ccb06:heating_oil,8d38472ccb06,heating_oil,1.528,2026-09-13,2026-09-14,
8d38472ccb06:kerosene,8d38472ccb06,kerosene,1.435,2026-09-13,2026-09-14,
8d38472ccb06:unleaded95,8d38472ccb06,unleaded95,1.649,2026-09-13,2026-09-14,
8d38472ccb06:unleaded98,8d38472ccb06,unleaded98,1.699,2026-09-13,2026-09-14,
8e414da9ad9e:diesel,8e414da9ad9e,diesel,1.935,2026-09-13,2026-09-14,
8e414da9ad9e:heating_oil,8e414da9ad9e,heating_oil,1.569,2026-09-13,2026-09-14,
8e414da9ad9e:kerosene,8e414da9ad9e,kerosene,1.459,2026-09-13,2026-09-14,
8e414da9ad9e:unleaded95,8e414da9ad9e,unleaded95,1.660,2026-09-13,2026-09-14,
8e414da9ad9e:unleaded98,8e414da9ad9e,unleaded98,1.719,2026-09-13,2026-09-14,
8f64c72c7f44:diesel,8f64c72c7f44,diesel,1.919,2026-09-13,2026-09-14,
8f64c72c7f44:heating_oil,8f64c72c7f44,heating_oil,1.559,2026-09-13,2026-09-14,
8f64c72c7f44:kerosene,8f64c72c7f44,kerosene,1.489,2026-09-13,2026-09-14,
8f64c72c7f44:unleaded95,8f64c72c7f44,unleaded95,1.649,2026-09-13,2026-09-14,
8f64c72c7f44:unleaded98,8f64c72c7f44,unleaded98,1.689,2026-09-13,2026-09-14,
8f76232b6d53:diesel,8f76232b6d53,diesel,1.904,2026-09-13,2026-09-14,
8f76232b6d53:heating_oil,8f76232b6d53,heating_oil,1.523,2026-09-13,2026-09-14,
8f76232b6d53:kerosene,8f76232b6d53,kerosene,1.397,2026-09-13,2026-09-14,
8f76232b6d53:unleaded95,8f76232b6d53,unleaded95,1.643,2026-09-13,2026-09-14,
8f76232b6d53:unleaded98,8f76232b6d53,unleaded98,1.694,2026-09-13,2026-09-14,
91c473332d72:diesel,91c473332d72,diesel,1.919,2026-09-13,2026-09-14,
91c473332d72:heating_oil,91c473332d72,heating_oil,1.559,2026-09-13,2026-09-14,
91c473332d72:kerosene,91c473332d72,kerosene,1.489,2026-09-13,2026-09-14,
91c473332d72:unleaded95,91c473332d72,unleaded95,1.649,2026-09-13,2026-09-14,
91c473332d72:unleaded98,91c473332d72,unleaded98,1.689,2026-09-13,2026-09-14,
91d7bee2fcf0:diesel,91d7bee2fcf0,diesel,1.859,2026-09-13,2026-09-14,
91d7bee2fcf0:heating_oil,91d7bee2fcf0,heating_oil,1.509,2026-09-13,2026-09-14,
91d7bee2fcf0:kerosene,91d7bee2fcf0,kerosene,1.450,2026-09-13,2026-09-14,
91d7bee2fcf0:unleaded95,91d7bee2fcf0,unleaded95,1.589,2026-09-13,2026-09-14,
91d7bee2fcf0:unleaded98,91d7bee2fcf0,unleaded98,1.649,2026-09-13,2026-09-14,
92d17347e22a:diesel,92d17347e22a,diesel,1.909,2026-09-13,2026-09-14,
92d17347e22a:heating_oil,92d17347e22a,heating_oil,1.529,2026-09-13,2026-09-14,
92d17347e22a:kerosene,92d17347e22a,kerosene,1.399,2026-09-13,2026-09-14,
92d17347e22a:unleaded95,92d17347e22a,unleaded95,1.647,2026-09-13,2026-09-14,
92d17347e22a:unleaded98,92d17347e22a,unleaded98,1.695,2026-09-13,2026-09-14,
93feddaea003:diesel,93feddaea003,diesel,1.929,2026-09-13,2026-09-14,
93feddaea003:unleaded95,93feddaea003,unleaded95,1.659,2026-09-13,2026-09-14,
93feddaea003:unleaded98,93feddaea003,unleaded98,1.719,2026-09-13,2026-09-14,
96a9e00b5b6d:diesel,96a9e00b5b6d,diesel,1.869,2026-09-13,2026-09-14,
96a9e00b5b6d:unleaded95,96a9e00b5b6d,unleaded95,1.599,2026-09-13,2026-09-14,
96a9e00b5b6d:unleaded98,96a9e00b5b6d,unleaded98,1.629,2026-09-13,2026-09-14,
9746fda18600:diesel,9746fda18600,diesel,1.909,2026-09-13,2026-09-14,
9746fda18600:heating_oil,9746fda18600,heating_oil,1.528,2026-09-13,2026-09-14,
9746fda18600:kerosene,9746fda18600,kerosene,1.435,2026-09-13,2026-09-14,
9746fda18600:unleaded95,9746fda18600,unleaded95,1.649,2026-09-13,2026-09-14,
9746fda18600:unleaded98,9746fda18600,unleaded98,1.699,2026-09-13,2026-09-14,
97bbb156e70b:diesel,97bbb156e70b,diesel,1.879,2026-09-13,2026-09-14,
97bbb156e70b:heating_oil,97bbb156e70b,heating_oil,1.559,2026-09-13,2026-09-14,
97bbb156e70b:kerosene,97bbb156e70b,kerosene,1.489,2026-09-13,2026-09-14,
97bbb156e70b:unleaded95,97bbb156e70b,unleaded95,1.599,2026-09-13,2026-09-14,
97bbb156e70b:unleaded98,97bbb156e70b,unleaded98,1.689,2026-09-13,2026-09-14,
996e90f70398:diesel,996e90f70398,diesel,1.939,2026-09-13,2026-09-14,
996e90f70398:heating_oil,996e90f70398,heating_oil,1.593,2026-09-13,2026-09-14,
996e90f70398:kerosene,996e90f70398,kerosene,1.510,2026-09-13,2026-09-14,
996e90f70398:unleaded95,996e90f70398,unleaded95,1.665,2026-09-13,2026-09-14,
996e90f70398:unleaded98,996e90f70398,unleaded98,1.707,2026-09-13,2026-09-14,
99e322d6ea26:diesel,99e322d6ea26,diesel,1.899,2026-09-13,2026-09-14,
99e322d6ea26:heating_oil,99e322d6ea26,heating_oil,1.528,2026-09-13,2026-09-14,
99e322d6ea26:kerosene,99e322d6ea26,kerosene,1.435,2026-09-13,2026-09-14,
99e322d6ea26:unleaded95,99e322d6ea26,unleaded95,1.615,2026-09-13,2026-09-14,
99e322d6ea26:unleaded98,99e322d6ea26,unleaded98,1.699,2026-09-13,2026-09-14,
9ba59175b8fa:diesel,9ba59175b8fa,diesel,1.929,2026-09-13,2026-09-14,
9ba59175b8fa:heating_oil,9ba59175b8fa,heating_oil,1.559,2026-09-13,2026-09-14,
9ba59175b8fa:kerosene,9ba59175b8fa,kerosene,1.469,2026-09-13,2026-09-14,
9ba59175b8fa:unleaded95,9ba59175b8fa,unleaded95,1.669,2026-09-13,2026-09-14,
9ba59175b8fa:unleaded98,9ba59175b8fa,unleaded98,1.719,2026-09-13,2026-09-14,
9bd07aac27bc:diesel,9bd07aac27bc,diesel,1.909,2026-09-13,2026-09-14,
9bd07aac27bc:heating_oil,9bd07aac27bc,heating_oil,1.528,2026-09-13,2026-09-14,
9bd07aac27bc:kerosene,9bd07aac27bc,kerosene,1.435,2026-09-13,2026-09-14,
9bd07aac27bc:unleaded95,9bd07aac27bc,unleaded95,1.649,2026-09-13,2026-09-14,
9bd07aac27bc:unleaded98,9bd07aac27bc,unleaded98,1.699,2026-09-13,2026-09-14,
9cbdb349d454:diesel,9cbdb349d454,diesel,1.909,2026-09-13,2026-09-14,
9cbdb349d454:heating_oil,9cbdb349d454,heating_oil,1.539,2026-09-13,2026-09-14,
9cbdb349d454:unleaded95,9cbdb349d454,unleaded95,1.648,2026-09-13,2026-09-14,
9cbdb349d454:unleaded98,9cbdb349d454,unleaded98,1.678,2026-09-13,2026-09-14,
9cf1024093d0:diesel,9cf1024093d0,diesel,1.919,2026-09-13,2026-09-14,
9cf1024093d0:heating_oil,9cf1024093d0,heating_oil,1.499,2026-09-13,2026-09-14,
9cf1024093d0:kerosene,9cf1024093d0,kerosene,1.398,2026-09-13,2026-09-14,
9cf1024093d0:unleaded95,9cf1024093d0,unleaded95,1.649,2026-09-13,2026-09-14,
9cf1024093d0:unleaded98,9cf1024093d0,unleaded98,1.699,2026-09-13,2026-09-14,
9cfc7d5c5cf3:diesel,9cfc7d5c5cf3,diesel,1.909,2026-09-13,2026-09-14,
9cfc7d5c5cf3:heating_oil,9cfc7d5c5cf3,heating_oil,1.529,2026-09-13,2026-09-14,
9cfc7d5c5cf3:kerosene,9cfc7d5c5cf3,kerosene,1.439,2026-09-13,2026-09-14,
9cfc7d5c5cf3:unleaded95,9cfc7d5c5cf3,unleaded95,1.647,2026-09-13,2026-09-14,
9cfc7d5c5cf3:unleaded98,9cfc7d5c5cf3,unleaded98,1.697,2026-09-13,2026-09-14,
9e6df553eab2:diesel,9e6df553eab2,diesel,1.919,2026-09-13,2026-09-14,
9e6df553eab2:heating_oil,9e6df553eab2,heating_oil,1.539,2026-09-13,2026-09-14,
9e6df553eab2:unleaded95,9e6df553eab2,unleaded95,1.649,2026-09-13,2026-09-14,
9e6df553eab2:unleaded98,9e6df553eab2,unleaded98,1.709,2026-09-13,2026-09-14,
a048b4d2bd64:diesel,a048b4d2bd64,diesel,1.943,2026-09-13,2026-09-14,
a048b4d2bd64:heating_oil,a048b4d2bd64,heating_oil,1.573,2026-09-13,2026-09-14,
a048b4d2bd64:kerosene,a048b4d2bd64,kerosene,1.573,2026-09-13,2026-09-14,
a048b4d2bd64:unleaded95,a048b4d2bd64,unleaded95,1.675,2026-09-13,2026-09-14,
a048b4d2bd64:unleaded98,a048b4d2bd64,unleaded98,1.735,2026-09-13,2026-09-14,
a07b05ec2cfc:diesel,a07b05ec2cfc,diesel,1.919,2026-09-13,2026-09-14,
a07b05ec2cfc:heating_oil,a07b05ec2cfc,heating_oil,1.559,2026-09-13,2026-09-14,
a07b05ec2cfc:kerosene,a07b05ec2cfc,kerosene,1.489,2026-09-13,2026-09-14,
a07b05ec2cfc:unleaded95,a07b05ec2cfc,unleaded95,1.649,2026-09-13,2026-09-14,
a07b05ec2cfc:unleaded98,a07b05ec2cfc,unleaded98,1.689,2026-09-13,2026-09-14,
a13338dc541d:diesel,a13338dc541d,diesel,1.919,2026-09-13,2026-09-14,
a13338dc541d:heating_oil,a13338dc541d,heating_oil,1.559,2026-09-13,2026-09-14,
a13338dc541d:kerosene,a13338dc541d,kerosene,1.490,2026-09-13,2026-09-14,
a13338dc541d:unleaded95,a13338dc541d,unleaded95,1.649,2026-09-13,2026-09-14,
a13338dc541d:unleaded98,a13338dc541d,unleaded98,1.689,2026-09-13,2026-09-14,
a1cbb4c4a9c8:diesel,a1cbb4c4a9c8,diesel,1.909,2026-09-13,2026-09-14,
a1cbb4c4a9c8:heating_oil,a1cbb4c4a9c8,heating_oil,1.528,2026-09-13,2026-09-14,
a1cbb4c4a9c8:kerosene,a1cbb4c4a9c8,kerosene,1.435,2026-09-13,2026-09-14,
a1cbb4c4a9c8:unleaded95,a1cbb4c4a9c8,unleaded95,1.649,2026-09-13,2026-09-14,
a1cbb4c4a9c8:unleaded98,a1cbb4c4a9c8,unleaded98,1.699,2026-09-13,2026-09-14,
a3c0cf5666e0:diesel,a3c0cf5666e0,diesel,1.885,2026-09-13,2026-09-14,
a3c0cf5666e0:heating_oil,a3c0cf5666e0,heating_oil,1.524,2026-09-13,2026-09-14,
a3c0cf5666e0:kerosene,a3c0cf5666e0,kerosene,1.433,2026-09-13,2026-09-14,
a3c0cf5666e0:unleaded95,a3c0cf5666e0,unleaded95,1.613,2026-09-13,2026-09-14,
a3c0cf5666e0:unleaded98,a3c0cf5666e0,unleaded98,1.685,2026-09-13,2026-09-14,
a4ce4b453fac:diesel,a4ce4b453fac,diesel,1.909,2026-09-13,2026-09-14,
a4ce4b453fac:heating_oil,a4ce4b453fac,heating_oil,1.559,2026-09-13,2026-09-14,
a4ce4b453fac:kerosene,a4ce4b453fac,kerosene,1.469,2026-09-13,2026-09-14,
a4ce4b453fac:unleaded95,a4ce4b453fac,unleaded95,1.647,2026-09-13,2026-09-14,
a4ce4b453fac:unleaded98,a4ce4b453fac,unleaded98,1.697,2026-09-13,2026-09-14,
a60171704519:diesel,a60171704519,diesel,1.839,2026-09-13,2026-09-14,
a60171704519:heating_oil,a60171704519,heating_oil,1.489,2026-09-13,2026-09-14,
a60171704519:kerosene,a60171704519,kerosene,1.399,2026-09-13,2026-09-14,
a60171704519:unleaded95,a60171704519,unleaded95,1.598,2026-09-13,2026-09-14,
a60171704519:unleaded98,a60171704519,unleaded98,1.689,2026-09-13,2026-09-14,
a63d37840b3e:diesel,a63d37840b3e,diesel,1.907,2026-09-13,2026-09-14,
a63d37840b3e:heating_oil,a63d37840b3e,heating_oil,1.559,2026-09-13,2026-09-14,
a63d37840b3e:kerosene,a63d37840b3e,kerosene,1.469,2026-09-13,2026-09-14,
a63d37840b3e:unleaded95,a63d37840b3e,unleaded95,1.645,2026-09-13,2026-09-14,
a63d37840b3e:unleaded98,a63d37840b3e,unleaded98,1.675,2026-09-13,2026-09-14,
a78f59d05bcd:diesel,a78f59d05bcd,diesel,1.869,2026-09-13,2026-09-14,
a78f59d05bcd:heating_oil,a78f59d05bcd,heating_oil,1.528,2026-09-13,2026-09-14,
a78f59d05bcd:kerosene,a78f59d05bcd,kerosene,1.436,2026-09-13,2026-09-14,
a78f59d05bcd:unleaded95,a78f59d05bcd,unleaded95,1.609,2026-09-13,2026-09-14,
a78f59d05bcd:unleaded98,a78f59d05bcd,unleaded98,1.700,2026-09-13,2026-09-14,
a8a9b3e4e12f:diesel,a8a9b3e4e12f,diesel,1.928,2026-09-13,2026-09-14,
a8a9b3e4e12f:heating_oil,a8a9b3e4e12f,heating_oil,1.547,2026-09-13,2026-09-14,
a8a9b3e4e12f:kerosene,a8a9b3e4e12f,kerosene,1.455,2026-09-13,2026-09-14,
a8a9b3e4e12f:unleaded95,a8a9b3e4e12f,unleaded95,1.669,2026-09-13,2026-09-14,
a8a9b3e4e12f:unleaded98,a8a9b3e4e12f,unleaded98,1.719,2026-09-13,2026-09-14,
ab868b4b332e:diesel,ab868b4b332e,diesel,1.908,2026-09-13,2026-09-14,
ab868b4b332e:heating_oil,ab868b4b332e,heating_oil,1.528,2026-09-13,2026-09-14,
ab868b4b332e:kerosene,ab868b4b332e,kerosene,1.438,2026-09-13,2026-09-14,
ab868b4b332e:unleaded95,ab868b4b332e,unleaded95,1.648,2026-09-13,2026-09-14,
ab868b4b332e:unleaded98,ab868b4b332e,unleaded98,1.698,2026-09-13,2026-09-14,
ac1e40cae503:diesel,ac1e40cae503,diesel,1.919,2026-09-13,2026-09-14,
ac1e40cae503:heating_oil,ac1e40cae503,heating_oil,1.559,2026-09-13,2026-09-14,
ac1e40cae503:kerosene,ac1e40cae503,kerosene,1.489,2026-09-13,2026-09-14,
ac1e40cae503:unleaded95,ac1e40cae503,unleaded95,1.649,2026-09-13,2026-09-14,
ac1e40cae503:unleaded98,ac1e40cae503,unleaded98,1.689,2026-09-13,2026-09-14,
ac585f0e2770:diesel,ac585f0e2770,diesel,1.917,2026-09-13,2026-09-14,
ac585f0e2770:heating_oil,ac585f0e2770,heating_oil,1.559,2026-09-13,2026-09-14,
ac585f0e2770:unleaded95,ac585f0e2770,unleaded95,1.658,2026-09-13,2026-09-14,
ac585f0e2770:unleaded98,ac585f0e2770,unleaded98,1.688,2026-09-13,2026-09-14,
ac84fe0ca4a9:diesel,ac84fe0ca4a9,diesel,1.928,2026-09-13,2026-09-14,
ac84fe0ca4a9:heating_oil,ac84fe0ca4a9,heating_oil,1.540,2026-09-13,2026-09-14,
ac84fe0ca4a9:kerosene,ac84fe0ca4a9,kerosene,1.440,2026-09-13,2026-09-14,
ac84fe0ca4a9:unleaded95,ac84fe0ca4a9,unleaded95,1.668,2026-09-13,2026-09-14,
ac84fe0ca4a9:unleaded98,ac84fe0ca4a9,unleaded98,1.709,2026-09-13,2026-09-14,
acf6a1b651b0:diesel,acf6a1b651b0,diesel,1.839,2026-09-13,2026-09-14,
acf6a1b651b0:heating_oil,acf6a1b651b0,heating_oil,1.559,2026-09-13,2026-09-14,
acf6a1b651b0:kerosene,acf6a1b651b0,kerosene,1.489,2026-09-13,2026-09-14,
acf6a1b651b0:unleaded95,acf6a1b651b0,unleaded95,1.585,2026-09-13,2026-09-14,
acf6a1b651b0:unleaded98,acf6a1b651b0,unleaded98,1.689,2026-09-13,2026-09-14,
adc2bba2a282:diesel,adc2bba2a282,diesel,1.899,2026-09-13,2026-09-14,
adc2bba2a282:heating_oil,adc2bba2a282,heating_oil,1.529,2026-09-13,2026-09-14,
adc2bba2a282:kerosene,adc2bba2a282,kerosene,1.439,2026-09-13,2026-09-14,
adc2bba2a282:unleaded95,adc2bba2a282,unleaded95,1.639,2026-09-13,2026-09-14,
adc2bba2a282:unleaded98,adc2bba2a282,unleaded98,1.707,2026-09-13,2026-09-14,
ae7fb39a6ec9:diesel,ae7fb39a6ec9,diesel,1.908,2026-09-13,2026-09-14,
ae7fb39a6ec9:heating_oil,ae7fb39a6ec9,heating_oil,1.527,2026-09-13,2026-09-14,
ae7fb39a6ec9:kerosene,ae7fb39a6ec9,kerosene,1.435,2026-09-13,2026-09-14,
ae7fb39a6ec9:unleaded95,ae7fb39a6ec9,unleaded95,1.648,2026-09-13,2026-09-14,
ae7fb39a6ec9:unleaded98,ae7fb39a6ec9,unleaded98,1.699,2026-09-13,2026-09-14,
aea2d6e66b8f:diesel,aea2d6e66b8f,diesel,1.889,2026-09-13,2026-09-14,
aea2d6e66b8f:heating_oil,aea2d6e66b8f,heating_oil,1.529,2026-09-13,2026-09-14,
aea2d6e66b8f:kerosene,aea2d6e66b8f,kerosene,1.439,2026-09-13,2026-09-14,
aea2d6e66b8f:unleaded95,aea2d6e66b8f,unleaded95,1.619,2026-09-13,2026-09-14,
aea2d6e66b8f:unleaded98,aea2d6e66b8f,unleaded98,1.697,2026-09-13,2026-09-14,
aec251ff51dc:diesel,aec251ff51dc,diesel,1.925,2026-09-13,2026-09-14,
aec251ff51dc:heating_oil,aec251ff51dc,heating_oil,1.526,2026-09-13,2026-09-14,
aec251ff51dc:kerosene,aec251ff51dc,kerosene,1.506,2026-09-13,2026-09-14,
aec251ff51dc:unleaded95,aec251ff51dc,unleaded95,1.660,2026-09-13,2026-09-14,
aec251ff51dc:unleaded98,aec251ff51dc,unleaded98,1.703,2026-09-13,2026-09-14,
b08cefca3ef4:diesel,b08cefca3ef4,diesel,1.949,2026-09-13,2026-09-14,
b08cefca3ef4:heating_oil,b08cefca3ef4,heating_oil,1.583,2026-09-13,2026-09-14,
b08cefca3ef4:unleaded95,b08cefca3ef4,unleaded95,1.689,2026-09-13,2026-09-14,
b0bfb1dc3b5b:diesel,b0bfb1dc3b5b,diesel,1.909,2026-09-13,2026-09-14,
b0bfb1dc3b5b:heating_oil,b0bfb1dc3b5b,heating_oil,1.539,2026-09-13,2026-09-14,
b0bfb1dc3b5b:kerosene,b0bfb1dc3b5b,kerosene,1.439,2026-09-13,2026-09-14,
b0bfb1dc3b5b:unleaded95,b0bfb1dc3b5b,unleaded95,1.649,2026-09-13,2026-09-14,
b0bfb1dc3b5b:unleaded98,b0bfb1dc3b5b,unleaded98,1.689,2026-09-13,2026-09-14,
b0e8f28941c2:diesel,b0e8f28941c2,diesel,1.885,2026-09-13,2026-09-14,
b0e8f28941c2:heating_oil,b0e8f28941c2,heating_oil,1.524,2026-09-13,2026-09-14,
b0e8f28941c2:kerosene,b0e8f28941c2,kerosene,1.433,2026-09-13,2026-09-14,
b0e8f28941c2:unleaded95,b0e8f28941c2,unleaded95,1.613,2026-09-13,2026-09-14,
b0e8f28941c2:unleaded98,b0e8f28941c2,unleaded98,1.685,2026-09-13,2026-09-14,
b109dbc73edf:diesel,b109dbc73edf,diesel,1.897,2026-09-13,2026-09-14,
b109dbc73edf:heating_oil,b109dbc73edf,heating_oil,1.528,2026-09-13,2026-09-14,
b109dbc73edf:kerosene,b109dbc73edf,kerosene,1.435,2026-09-13,2026-09-14,
b109dbc73edf:unleaded95,b109dbc73edf,unleaded95,1.647,2026-09-13,2026-09-14,
b109dbc73edf:unleaded98,b109dbc73edf,unleaded98,1.699,2026-09-13,2026-09-14,
b20e8e600357:diesel,b20e8e600357,diesel,1.909,2026-09-13,2026-09-14,
b20e8e600357:heating_oil,b20e8e600357,heating_oil,1.528,2026-09-13,2026-09-14,
b20e8e600357:kerosene,b20e8e600357,kerosene,1.435,2026-09-13,2026-09-14,
b20e8e600357:unleaded95,b20e8e600357,unleaded95,1.647,2026-09-13,2026-09-14,
b20e8e600357:unleaded98,b20e8e600357,unleaded98,1.699,2026-09-13,2026-09-14,
b24c2084919b:diesel,b24c2084919b,diesel,1.908,2026-09-13,2026-09-14,
b24c2084919b:heating_oil,b24c2084919b,heating_oil,1.527,2026-09-13,2026-09-14,
b24c2084919b:kerosene,b24c2084919b,kerosene,1.435,2026-09-13,2026-09-14,
b24c2084919b:unleaded95,b24c2084919b,unleaded95,1.648,2026-09-13,2026-09-14,
b24c2084919b:unleaded98,b24c2084919b,unleaded98,1.718,2026-09-13,2026-09-14,
b27d9f5af2b6:diesel,b27d9f5af2b6,diesel,1.939,2026-09-13,2026-09-14,
b27d9f5af2b6:heating_oil,b27d9f5af2b6,heating_oil,1.569,2026-09-13,2026-09-14,
b27d9f5af2b6:kerosene,b27d9f5af2b6,kerosene,1.479,2026-09-13,2026-09-14,
b27d9f5af2b6:unleaded95,b27d9f5af2b6,unleaded95,1.687,2026-09-13,2026-09-14,
b27d9f5af2b6:unleaded98,b27d9f5af2b6,unleaded98,1.727,2026-09-13,2026-09-14,
b2f690bf5cb7:diesel,b2f690bf5cb7,diesel,1.889,2026-09-13,2026-09-14,
b2f690bf5cb7:heating_oil,b2f690bf5cb7,heating_oil,1.498,2026-09-13,2026-09-14,
b2f690bf5cb7:kerosene,b2f690bf5cb7,kerosene,1.397,2026-09-13,2026-09-14,
b2f690bf5cb7:unleaded95,b2f690bf5cb7,unleaded95,1.627,2026-09-13,2026-09-14,
b2f690bf5cb7:unleaded98,b2f690bf5cb7,unleaded98,1.698,2026-09-13,2026-09-14,
b3875ccbca12:diesel,b3875ccbca12,diesel,1.929,2026-09-13,2026-09-14,
b3875ccbca12:heating_oil,b3875ccbca12,heating_oil,1.558,2026-09-13,2026-09-14,
b3875ccbca12:unleaded95,b3875ccbca12,unleaded95,1.666,2026-09-13,2026-09-14,
b3875ccbca12:unleaded98,b3875ccbca12,unleaded98,1.706,2026-09-13,2026-09-14,
b42e8375c701:diesel,b42e8375c701,diesel,1.905,2026-09-13,2026-09-14,
b42e8375c701:heating_oil,b42e8375c701,heating_oil,1.539,2026-09-13,2026-09-14,
b42e8375c701:kerosene,b42e8375c701,kerosene,1.469,2026-09-13,2026-09-14,
b42e8375c701:unleaded95,b42e8375c701,unleaded95,1.642,2026-09-13,2026-09-14,
b42e8375c701:unleaded98,b42e8375c701,unleaded98,1.689,2026-09-13,2026-09-14,
b431bffa5187:diesel,b431bffa5187,diesel,1.925,2026-09-13,2026-09-14,
b431bffa5187:heating_oil,b431bffa5187,heating_oil,1.559,2026-09-13,2026-09-14,
b431bffa5187:unleaded95,b431bffa5187,unleaded95,1.664,2026-09-13,2026-09-14,
b431bffa5187:unleaded98,b431bffa5187,unleaded98,1.694,2026-09-13,2026-09-14,
b7ed85fcf4b7:diesel,b7ed85fcf4b7,diesel,1.908,2026-09-13,2026-09-14,
b7ed85fcf4b7:heating_oil,b7ed85fcf4b7,heating_oil,1.529,2026-09-13,2026-09-14,
b7ed85fcf4b7:kerosene,b7ed85fcf4b7,kerosene,1.439,2026-09-13,2026-09-14,
b7ed85fcf4b7:unleaded95,b7ed85fcf4b7,unleaded95,1.638,2026-09-13,2026-09-14,
b7ed85fcf4b7:unleaded98,b7ed85fcf4b7,unleaded98,1.697,2026-09-13,2026-09-14,
b8ca587237dd:diesel,b8ca587237dd,diesel,1.905,2026-09-13,2026-09-14,
b8ca587237dd:heating_oil,b8ca587237dd,heating_oil,1.536,2026-09-13,2026-09-14,
b8ca587237dd:kerosene,b8ca587237dd,kerosene,1.438,2026-09-13,2026-09-14,
b8ca587237dd:unleaded95,b8ca587237dd,unleaded95,1.646,2026-09-13,2026-09-14,
b8ca587237dd:unleaded98,b8ca587237dd,unleaded98,1.693,2026-09-13,2026-09-14,
b920f34d9678:diesel,b920f34d9678,diesel,1.899,2026-09-13,2026-09-14,
b920f34d9678:heating_oil,b920f34d9678,heating_oil,1.528,2026-09-13,2026-09-14,
b920f34d9678:kerosene,b920f34d9678,kerosene,1.435,2026-09-13,2026-09-14,
b920f34d9678:unleaded95,b920f34d9678,unleaded95,1.597,2026-09-13,2026-09-14,
b920f34d9678:unleaded98,b920f34d9678,unleaded98,1.699,2026-09-13,2026-09-14,
b979b66dc2a8:diesel,b979b66dc2a8,diesel,1.879,2026-09-13,2026-09-14,
b979b66dc2a8:heating_oil,b979b66dc2a8,heating_oil,1.519,2026-09-13,2026-09-14,
b979b66dc2a8:kerosene,b979b66dc2a8,kerosene,1.439,2026-09-13,2026-09-14,
b979b66dc2a8:unleaded95,b979b66dc2a8,unleaded95,1.617,2026-09-13,2026-09-14,
b979b66dc2a8:unleaded98,b979b66dc2a8,unleaded98,1.667,2026-09-13,2026-09-14,
b99043294256:diesel,b99043294256,diesel,1.919,2026-09-13,2026-09-14,
b99043294256:heating_oil,b99043294256,heating_oil,1.538,2026-09-13,2026-09-14,
b99043294256:kerosene,b99043294256,kerosene,1.446,2026-09-13,2026-09-14,
b99043294256:unleaded95,b99043294256,unleaded95,1.613,2026-09-13,2026-09-14,
b99043294256:unleaded98,b99043294256,unleaded98,1.709,2026-09-13,2026-09-14,
b994933d2448:diesel,b994933d2448,diesel,1.919,2026-09-13,2026-09-14,
b994933d2448:heating_oil,b994933d2448,heating_oil,1.547,2026-09-13,2026-09-14,
b994933d2448:kerosene,b994933d2448,kerosene,1.455,2026-09-13,2026-09-14,
b994933d2448:unleaded95,b994933d2448,unleaded95,1.669,2026-09-13,2026-09-14,
b994933d2448:unleaded98,b994933d2448,unleaded98,1.689,2026-09-13,2026-09-14,
ba65517bf3ed:diesel,ba65517bf3ed,diesel,1.905,2026-09-13,2026-09-14,
ba65517bf3ed:heating_oil,ba65517bf3ed,heating_oil,1.538,2026-09-13,2026-09-14,
ba65517bf3ed:kerosene,ba65517bf3ed,kerosene,1.460,2026-09-13,2026-09-14,
ba65517bf3ed:unleaded95,ba65517bf3ed,unleaded95,1.647,2026-09-13,2026-09-14,
ba65517bf3ed:unleaded98,ba65517bf3ed,unleaded98,1.683,2026-09-13,2026-09-14,
bb62751b98a5:diesel,bb62751b98a5,diesel,1.907,2026-09-13,2026-09-14,
bb62751b98a5:heating_oil,bb62751b98a5,heating_oil,1.559,2026-09-13,2026-09-14,
bb62751b98a5:kerosene,bb62751b98a5,kerosene,1.469,2026-09-13,2026-09-14,
bb62751b98a5:unleaded95,bb62751b98a5,unleaded95,1.647,2026-09-13,2026-09-14,
bb62751b98a5:unleaded98,bb62751b98a5,unleaded98,1.677,2026-09-13,2026-09-14,
bbe6fff4e9d1:diesel,bbe6fff4e9d1,diesel,1.925,2026-09-13,2026-09-14,
bbe6fff4e9d1:heating_oil,bbe6fff4e9d1,heating_oil,1.555,2026-09-13,2026-09-14,
bbe6fff4e9d1:kerosene,bbe6fff4e9d1,kerosene,1.495,2026-09-13,2026-09-14,
bbe6fff4e9d1:unleaded95,bbe6fff4e9d1,unleaded95,1.662,2026-09-13,2026-09-14,
bbe6fff4e9d1:unleaded98,bbe6fff4e9d1,unleaded98,1.702,2026-09-13,2026-09-14,
bc3de85eae09:diesel,bc3de85eae09,diesel,1.869,2026-09-13,2026-09-14,
bc3de85eae09:unleaded95,bc3de85eae09,unleaded95,1.609,2026-09-13,2026-09-14,
bc3de85eae09:unleaded98,bc3de85eae09,unleaded98,1.639,2026-09-13,2026-09-14,
bcb9accad3db:diesel,bcb9accad3db,diesel,1.919,2026-09-13,2026-09-14,
bcb9accad3db:heating_oil,bcb9accad3db,heating_oil,1.559,2026-09-13,2026-09-14,
bcb9accad3db:kerosene,bcb9accad3db,kerosene,1.489,2026-09-13,2026-09-14,
bcb9accad3db:unleaded95,bcb9accad3db,unleaded95,1.649,2026-09-13,2026-09-14,
bcb9accad3db:unleaded98,bcb9accad3db,unleaded98,1.689,2026-09-13,2026-09-14,
bcfe91ea09aa:diesel,bcfe91ea09aa,diesel,1.905,2026-09-13,2026-09-14,
bcfe91ea09aa:heating_oil,bcfe91ea09aa,heating_oil,1.524,2026-09-13,2026-09-14,
bcfe91ea09aa:kerosene,bcfe91ea09aa,kerosene,1.433,2026-09-13,2026-09-14,
bcfe91ea09aa:unleaded95,bcfe91ea09aa,unleaded95,1.647,2026-09-13,2026-09-14,
bcfe91ea09aa:unleaded98,bcfe91ea09aa,unleaded98,1.685,2026-09-13,2026-09-14,
bda8d48d501e:diesel,bda8d48d501e,diesel,1.909,2026-09-13,2026-09-14,
bda8d48d501e:heating_oil,bda8d48d501e,heating_oil,1.529,2026-09-13,2026-09-14,
bda8d48d501e:unleaded95,bda8d48d501e,unleaded95,1.647,2026-09-13,2026-09-14,
bda8d48d501e:unleaded98,bda8d48d501e,unleaded98,1.697,2026-09-13,2026-09-14,
be850363d55b:diesel,be850363d55b,diesel,1.919,2026-09-13,2026-09-14,
be850363d55b:heating_oil,be850363d55b,heating_oil,1.569,2026-09-13,2026-09-14,
be850363d55b:kerosene,be850363d55b,kerosene,1.489,2026-09-13,2026-09-14,
be850363d55b:unleaded95,be850363d55b,unleaded95,1.669,2026-09-13,2026-09-14,
be850363d55b:unleaded98,be850363d55b,unleaded98,1.699,2026-09-13,2026-09-14,
c0388ce15031:diesel,c0388ce15031,diesel,1.949,2026-09-13,2026-09-14,
c0388ce15031:heating_oil,c0388ce15031,heating_oil,1.589,2026-09-13,2026-09-14,
c0388ce15031:kerosene,c0388ce15031,kerosene,1.574,2026-09-13,2026-09-14,
c0388ce15031:unleaded95,c0388ce15031,unleaded95,1.679,2026-09-13,2026-09-14,
c0388ce15031:unleaded98,c0388ce15031,unleaded98,1.709,2026-09-13,2026-09-14,
c0e5c11d688d:diesel,c0e5c11d688d,diesel,1.909,2026-09-13,2026-09-14,
c0e5c11d688d:heating_oil,c0e5c11d688d,heating_oil,1.529,2026-09-13,2026-09-14,
c0e5c11d688d:kerosene,c0e5c11d688d,kerosene,1.438,2026-09-13,2026-09-14,
c0e5c11d688d:unleaded95,c0e5c11d688d,unleaded95,1.649,2026-09-13,2026-09-14,
c0e5c11d688d:unleaded98,c0e5c11d688d,unleaded98,1.699,2026-09-13,2026-09-14,
c42afad7f35d:diesel,c42afad7f35d,diesel,1.908,2026-09-13,2026-09-14,
c42afad7f35d:heating_oil,c42afad7f35d,heating_oil,1.528,2026-09-13,2026-09-14,
c42afad7f35d:kerosene,c42afad7f35d,kerosene,1.435,2026-09-13,2026-09-14,
c42afad7f35d:unleaded95,c42afad7f35d,unleaded95,1.649,2026-09-13,2026-09-14,
c42afad7f35d:unleaded98,c42afad7f35d,unleaded98,1.699,2026-09-13,2026-09-14,
c6158b4fcb5f:diesel,c6158b4fcb5f,diesel,1.928,2026-09-13,2026-09-14,
c6158b4fcb5f:heating_oil,c6158b4fcb5f,heating_oil,1.547,2026-09-13,2026-09-14,
c6158b4fcb5f:kerosene,c6158b4fcb5f,kerosene,1.455,2026-09-13,2026-09-14,
c6158b4fcb5f:unleaded95,c6158b4fcb5f,unleaded95,1.669,2026-09-13,2026-09-14,
c6158b4fcb5f:unleaded98,c6158b4fcb5f,unleaded98,1.719,2026-09-13,2026-09-14,
c7e92648a250:diesel,c7e92648a250,diesel,1.919,2026-09-13,2026-09-14,
c7e92648a250:heating_oil,c7e92648a250,heating_oil,1.559,2026-09-13,2026-09-14,
c7e92648a250:kerosene,c7e92648a250,kerosene,1.489,2026-09-13,2026-09-14,
c7e92648a250:unleaded95,c7e92648a250,unleaded95,1.649,2026-09-13,2026-09-14,
c7e92648a250:unleaded98,c7e92648a250,unleaded98,1.689,2026-09-13,2026-09-14,
c7f59703554a:diesel,c7f59703554a,diesel,1.907,2026-09-13,2026-09-14,
c7f59703554a:heating_oil,c7f59703554a,heating_oil,1.559,2026-09-13,2026-09-14,
c7f59703554a:unleaded95,c7f59703554a,unleaded95,1.647,2026-09-13,2026-09-14,
c7f59703554a:unleaded98,c7f59703554a,unleaded98,1.677,2026-09-13,2026-09-14,
ca9163f0f3f8:diesel,ca9163f0f3f8,diesel,1.908,2026-09-13,2026-09-14,
ca9163f0f3f8:heating_oil,ca9163f0f3f8,heating_oil,1.559,2026-09-13,2026-09-14,
ca9163f0f3f8:unleaded95,ca9163f0f3f8,unleaded95,1.647,2026-09-13,2026-09-14,
ca9163f0f3f8:unleaded98,ca9163f0f3f8,unleaded98,1.677,2026-09-13,2026-09-14,
cc2e49c3c04f:diesel,cc2e49c3c04f,diesel,1.894,2026-09-13,2026-09-14,
cc2e49c3c04f:heating_oil,cc2e49c3c04f,heating_oil,1.495,2026-09-13,2026-09-14,
cc2e49c3c04f:kerosene,cc2e49c3c04f,kerosene,1.395,2026-09-13,2026-09-14,
cc2e49c3c04f:unleaded95,cc2e49c3c04f,unleaded95,1.642,2026-09-13,2026-09-14,
cc2e49c3c04f:unleaded98,cc2e49c3c04f,unleaded98,1.685,2026-09-13,2026-09-14,
cc747759de94:diesel,cc747759de94,diesel,1.909,2026-09-13,2026-09-14,
cc747759de94:heating_oil,cc747759de94,heating_oil,1.528,2026-09-13,2026-09-14,
cc747759de94:kerosene,cc747759de94,kerosene,1.435,2026-09-13,2026-09-14,
cc747759de94:unleaded95,cc747759de94,unleaded95,1.645,2026-09-13,2026-09-14,
cc747759de94:unleaded98,cc747759de94,unleaded98,1.699,2026-09-13,2026-09-14,
cd323f4673d7:diesel,cd323f4673d7,diesel,1.909,2026-09-13,2026-09-14,
cd323f4673d7:heating_oil,cd323f4673d7,heating_oil,1.489,2026-09-13,2026-09-14,
cd323f4673d7:kerosene,cd323f4673d7,kerosene,1.409,2026-09-13,2026-09-14,
cd323f4673d7:unleaded95,cd323f4673d7,unleaded95,1.649,2026-09-13,2026-09-14,
cd323f4673d7:unleaded98,cd323f4673d7,unleaded98,1.699,2026-09-13,2026-09-14,
ce1eb1eb6a71:diesel,ce1eb1eb6a71,diesel,1.919,2026-09-13,2026-09-14,
ce1eb1eb6a71:unleaded95,ce1eb1eb6a71,unleaded95,1.649,2026-09-13,2026-09-14,
ce1eb1eb6a71:unleaded98,ce1eb1eb6a71,unleaded98,1.689,2026-09-13,2026-09-14,
ce3d19ee3c70:diesel,ce3d19ee3c70,diesel,1.909,2026-09-13,2026-09-14,
ce3d19ee3c70:unleaded95,ce3d19ee3c70,unleaded95,1.649,2026-09-13,2026-09-14,
ce3d19ee3c70:unleaded98,ce3d19ee3c70,unleaded98,1.699,2026-09-13,2026-09-14,
cf9bb5bb02a6:diesel,cf9bb5bb02a6,diesel,1.829,2026-09-13,2026-09-14,
cf9bb5bb02a6:heating_oil,cf9bb5bb02a6,heating_oil,1.489,2026-09-13,2026-09-14,
cf9bb5bb02a6:kerosene,cf9bb5bb02a6,kerosene,1.419,2026-09-13,2026-09-14,
cf9bb5bb02a6:unleaded95,cf9bb5bb02a6,unleaded95,1.598,2026-09-13,2026-09-14,
cf9bb5bb02a6:unleaded98,cf9bb5bb02a6,unleaded98,1.689,2026-09-13,2026-09-14,
cfd3fe33b227:diesel,cfd3fe33b227,diesel,1.929,2026-09-13,2026-09-14,
cfd3fe33b227:heating_oil,cfd3fe33b227,heating_oil,1.559,2026-09-13,2026-09-14,
cfd3fe33b227:kerosene,cfd3fe33b227,kerosene,1.469,2026-09-13,2026-09-14,
cfd3fe33b227:unleaded95,cfd3fe33b227,unleaded95,1.627,2026-09-13,2026-09-14,
cfd3fe33b227:unleaded98,cfd3fe33b227,unleaded98,1.709,2026-09-13,2026-09-14,
cfe2df3cdc21:diesel,cfe2df3cdc21,diesel,1.919,2026-09-13,2026-09-14,
cfe2df3cdc21:heating_oil,cfe2df3cdc21,heating_oil,1.559,2026-09-13,2026-09-14,
cfe2df3cdc21:kerosene,cfe2df3cdc21,kerosene,1.489,2026-09-13,2026-09-14,
cfe2df3cdc21:unleaded95,cfe2df3cdc21,unleaded95,1.649,2026-09-13,2026-09-14,
cfe2df3cdc21:unleaded98,cfe2df3cdc21,unleaded98,1.689,2026-09-13,2026-09-14,
cfec076bb164:diesel,cfec076bb164,diesel,1.938,2026-09-13,2026-09-14,
cfec076bb164:heating_oil,cfec076bb164,heating_oil,1.525,2026-09-13,2026-09-14,
cfec076bb164:kerosene,cfec076bb164,kerosene,1.515,2026-09-13,2026-09-14,
cfec076bb164:unleaded95,cfec076bb164,unleaded95,1.679,2026-09-13,2026-09-14,
cfec076bb164:unleaded98,cfec076bb164,unleaded98,1.759,2026-09-13,2026-09-14,
d2ec9f5d093e:diesel,d2ec9f5d093e,diesel,1.919,2026-09-13,2026-09-14,
d2ec9f5d093e:kerosene,d2ec9f5d093e,kerosene,1.525,2026-09-13,2026-09-14,
d2ec9f5d093e:unleaded95,d2ec9f5d093e,unleaded95,1.649,2026-09-13,2026-09-14,
d2ec9f5d093e:unleaded98,d2ec9f5d093e,unleaded98,1.699,2026-09-13,2026-09-14,
d3095d05dc1e:diesel,d3095d05dc1e,diesel,1.909,2026-09-13,2026-09-14,
d3095d05dc1e:heating_oil,d3095d05dc1e,heating_oil,1.529,2026-09-13,2026-09-14,
d3095d05dc1e:kerosene,d3095d05dc1e,kerosene,1.439,2026-09-13,2026-09-14,
d3095d05dc1e:unleaded95,d3095d05dc1e,unleaded95,1.647,2026-09-13,2026-09-14,
d3095d05dc1e:unleaded98,d3095d05dc1e,unleaded98,1.697,2026-09-13,2026-09-14,
d31ea5693826:diesel,d31ea5693826,diesel,1.907,2026-09-13,2026-09-14,
d31ea5693826:unleaded95,d31ea5693826,unleaded95,1.647,2026-09-13,2026-09-14,
d31ea5693826:unleaded98,d31ea5693826,unleaded98,1.677,2026-09-13,2026-09-14,
d4092c9b4f08:diesel,d4092c9b4f08,diesel,1.895,2026-09-13,2026-09-14,
d4092c9b4f08:heating_oil,d4092c9b4f08,heating_oil,1.395,2026-09-13,2026-09-14,
d4092c9b4f08:kerosene,d4092c9b4f08,kerosene,1.363,2026-09-13,2026-09-14,
d4092c9b4f08:unleaded95,d4092c9b4f08,unleaded95,1.645,2026-09-13,2026-09-14,
d4092c9b4f08:unleaded98,d4092c9b4f08,unleaded98,1.699,2026-09-13,2026-09-14,
d47ea3209c18:diesel,d47ea3209c18,diesel,1.909,2026-09-13,2026-09-14,
d47ea3209c18:heating_oil,d47ea3209c18,heating_oil,1.519,2026-09-13,2026-09-14,
d47ea3209c18:kerosene,d47ea3209c18,kerosene,1.439,2026-09-13,2026-09-14,
d47ea3209c18:unleaded95,d47ea3209c18,unleaded95,1.637,2026-09-13,2026-09-14,
d47ea3209c18:unleaded98,d47ea3209c18,unleaded98,1.687,2026-09-13,2026-09-14,
d5197602e9cf:diesel,d5197602e9cf,diesel,1.919,2026-09-13,2026-09-14,
d5197602e9cf:heating_oil,d5197602e9cf,heating_oil,1.559,2026-09-13,2026-09-14,
d5197602e9cf:kerosene,d5197602e9cf,kerosene,1.490,2026-09-13,2026-09-14,
d5197602e9cf:unleaded95,d5197602e9cf,unleaded95,1.649,2026-09-13,2026-09-14,
d5197602e9cf:unleaded98,d5197602e9cf,unleaded98,1.698,2026-09-13,2026-09-14,
d59f16d1ea1f:diesel,d59f16d1ea1f,diesel,1.869,2026-09-13,2026-09-14,
d59f16d1ea1f:heating_oil,d59f16d1ea1f,heating_oil,1.528,2026-09-13,2026-09-14,
d59f16d1ea1f:kerosene,d59f16d1ea1f,kerosene,1.435,2026-09-13,2026-09-14,
d59f16d1ea1f:unleaded95,d59f16d1ea1f,unleaded95,1.609,2026-09-13,2026-09-14,
d59f16d1ea1f:unleaded98,d59f16d1ea1f,unleaded98,1.699,2026-09-13,2026-09-14,
d63746beb1b5:diesel,d63746beb1b5,diesel,1.947,2026-09-13,2026-09-14,
d63746beb1b5:heating_oil,d63746beb1b5,heating_oil,1.577,2026-09-13,2026-09-14,
d63746beb1b5:kerosene,d63746beb1b5,kerosene,1.487,2026-09-13,2026-09-14,
d63746beb1b5:unleaded95,d63746beb1b5,unleaded95,1.685,2026-09-13,2026-09-14,
d63746beb1b5:unleaded98,d63746beb1b5,unleaded98,1.745,2026-09-13,2026-09-14,
d6e5e190801d:diesel,d6e5e190801d,diesel,1.925,2026-09-13,2026-09-14,
d6e5e190801d:unleaded95,d6e5e190801d,unleaded95,1.663,2026-09-13,2026-09-14,
d6e5e190801d:unleaded98,d6e5e190801d,unleaded98,1.693,2026-09-13,2026-09-14,
d81649f97c28:diesel,d81649f97c28,diesel,1.929,2026-09-13,2026-09-14,
d81649f97c28:heating_oil,d81649f97c28,heating_oil,1.569,2026-09-13,2026-09-14,
d81649f97c28:kerosene,d81649f97c28,kerosene,1.479,2026-09-13,2026-09-14,
d81649f97c28:unleaded95,d81649f97c28,unleaded95,1.669,2026-09-13,2026-09-14,
d81649f97c28:unleaded98,d81649f97c28,unleaded98,1.719,2026-09-13,2026-09-14,
d825945d0dc1:diesel,d825945d0dc1,diesel,1.905,2026-09-13,2026-09-14,
d825945d0dc1:heating_oil,d825945d0dc1,heating_oil,1.524,2026-09-13,2026-09-14,
d825945d0dc1:kerosene,d825945d0dc1,kerosene,1.434,2026-09-13,2026-09-14,
d825945d0dc1:unleaded95,d825945d0dc1,unleaded95,1.647,2026-09-13,2026-09-14,
d825945d0dc1:unleaded98,d825945d0dc1,unleaded98,1.685,2026-09-13,2026-09-14,
d82e742710ef:diesel,d82e742710ef,diesel,1.859,2026-09-13,2026-09-14,
d82e742710ef:heating_oil,d82e742710ef,heating_oil,1.528,2026-09-13,2026-09-14,
d82e742710ef:kerosene,d82e742710ef,kerosene,1.435,2026-09-13,2026-09-14,
d82e742710ef:unleaded95,d82e742710ef,unleaded95,1.613,2026-09-13,2026-09-14,
d82e742710ef:unleaded98,d82e742710ef,unleaded98,1.699,2026-09-13,2026-09-14,
d8f54ff2148b:diesel,d8f54ff2148b,diesel,1.909,2026-09-13,2026-09-14,
d8f54ff2148b:unleaded95,d8f54ff2148b,unleaded95,1.649,2026-09-13,2026-09-14,
d8f54ff2148b:unleaded98,d8f54ff2148b,unleaded98,1.679,2026-09-13,2026-09-14,
d9f037ee2555:diesel,d9f037ee2555,diesel,1.885,2026-09-13,2026-09-14,
d9f037ee2555:heating_oil,d9f037ee2555,heating_oil,1.524,2026-09-13,2026-09-14,
d9f037ee2555:kerosene,d9f037ee2555,kerosene,1.433,2026-09-13,2026-09-14,
d9f037ee2555:unleaded95,d9f037ee2555,unleaded95,1.613,2026-09-13,2026-09-14,
d9f037ee2555:unleaded98,d9f037ee2555,unleaded98,1.685,2026-09-13,2026-09-14,
da0b210a2136:diesel,da0b210a2136,diesel,1.879,2026-09-13,2026-09-14,
da0b210a2136:heating_oil,da0b210a2136,heating_oil,1.528,2026-09-13,2026-09-14,
da0b210a2136:kerosene,da0b210a2136,kerosene,1.435,2026-09-13,2026-09-14,
da0b210a2136:unleaded95,da0b210a2136,unleaded95,1.645,2026-09-13,2026-09-14,
da0b210a2136:unleaded98,da0b210a2136,unleaded98,1.699,2026-09-13,2026-09-14,
dacff0faaefb:diesel,dacff0faaefb,diesel,1.859,2026-09-13,2026-09-14,
dacff0faaefb:heating_oil,dacff0faaefb,heating_oil,1.495,2026-09-13,2026-09-14,
dacff0faaefb:kerosene,dacff0faaefb,kerosene,1.395,2026-09-13,2026-09-14,
dacff0faaefb:unleaded95,dacff0faaefb,unleaded95,1.599,2026-09-13,2026-09-14,
dacff0faaefb:unleaded98,dacff0faaefb,unleaded98,1.665,2026-09-13,2026-09-14,
daf0981942c3:diesel,daf0981942c3,diesel,1.859,2026-09-13,2026-09-14,
daf0981942c3:heating_oil,daf0981942c3,heating_oil,1.528,2026-09-13,2026-09-14,
daf0981942c3:kerosene,daf0981942c3,kerosene,1.435,2026-09-13,2026-09-14,
daf0981942c3:unleaded95,daf0981942c3,unleaded95,1.599,2026-09-13,2026-09-14,
daf0981942c3:unleaded98,daf0981942c3,unleaded98,1.699,2026-09-13,2026-09-14,
dc094a637823:diesel,dc094a637823,diesel,1.825,2026-09-13,2026-09-14,
dc094a637823:heating_oil,dc094a637823,heating_oil,1.485,2026-09-13,2026-09-14,
dc094a637823:unleaded95,dc094a637823,unleaded95,1.585,2026-09-13,2026-09-14,
dc094a637823:unleaded98,dc094a637823,unleaded98,1.655,2026-09-13,2026-09-14,
dc18f4cb1ad3:diesel,dc18f4cb1ad3,diesel,1.890,2026-09-13,2026-09-14,
dc18f4cb1ad3:heating_oil,dc18f4cb1ad3,heating_oil,1.528,2026-09-13,2026-09-14,
dc18f4cb1ad3:kerosene,dc18f4cb1ad3,kerosene,1.435,2026-09-13,2026-09-14,
dc18f4cb1ad3:unleaded95,dc18f4cb1ad3,unleaded95,1.625,2026-09-13,2026-09-14,
dc18f4cb1ad3:unleaded98,dc18f4cb1ad3,unleaded98,1.699,2026-09-13,2026-09-14,
dc99e1b517b2:diesel,dc99e1b517b2,diesel,1.899,2026-09-13,2026-09-14,
dc99e1b517b2:heating_oil,dc99e1b517b2,heating_oil,1.528,2026-09-13,2026-09-14,
dc99e1b517b2:kerosene,dc99e1b517b2,kerosene,1.435,2026-09-13,2026-09-14,
dc99e1b517b2:unleaded95,dc99e1b517b2,unleaded95,1.629,2026-09-13,2026-09-14,
dc99e1b517b2:unleaded98,dc99e1b517b2,unleaded98,1.699,2026-09-13,2026-09-14,
dce42f6faf2a:diesel,dce42f6faf2a,diesel,1.909,2026-09-13,2026-09-14,
dce42f6faf2a:heating_oil,dce42f6faf2a,heating_oil,1.580,2026-09-13,2026-09-14,
dce42f6faf2a:kerosene,dce42f6faf2a,kerosene,1.222,2026-09-13,2026-09-14,
dce42f6faf2a:unleaded95,dce42f6faf2a,unleaded95,1.649,2026-09-13,2026-09-14,
dce42f6faf2a:unleaded98,dce42f6faf2a,unleaded98,1.700,2026-09-13,2026-09-14,
de92271f6ac9:diesel,de92271f6ac9,diesel,1.909,2026-09-13,2026-09-14,
de92271f6ac9:heating_oil,de92271f6ac9,heating_oil,1.490,2026-09-13,2026-09-14,
de92271f6ac9:kerosene,de92271f6ac9,kerosene,1.395,2026-09-13,2026-09-14,
de92271f6ac9:unleaded95,de92271f6ac9,unleaded95,1.649,2026-09-13,2026-09-14,
de92271f6ac9:unleaded98,de92271f6ac9,unleaded98,1.699,2026-09-13,2026-09-14,
dfc8523796a8:diesel,dfc8523796a8,diesel,1.907,2026-09-13,2026-09-14,
dfc8523796a8:heating_oil,dfc8523796a8,heating_oil,1.534,2026-09-13,2026-09-14,
dfc8523796a8:kerosene,dfc8523796a8,kerosene,1.464,2026-09-13,2026-09-14,
dfc8523796a8:unleaded95,dfc8523796a8,unleaded95,1.646,2026-09-13,2026-09-14,
dfc8523796a8:unleaded98,dfc8523796a8,unleaded98,1.689,2026-09-13,2026-09-14,
e02b4792b83a:diesel,e02b4792b83a,diesel,1.929,2026-09-13,2026-09-14,
e02b4792b83a:heating_oil,e02b4792b83a,heating_oil,1.530,2026-09-13,2026-09-14,
e02b4792b83a:unleaded95,e02b4792b83a,unleaded95,1.664,2026-09-13,2026-09-14,
e1c953e44df3:diesel,e1c953e44df3,diesel,1.959,2026-09-13,2026-09-14,
e1c953e44df3:heating_oil,e1c953e44df3,heating_oil,1.599,2026-09-13,2026-09-14,
e1c953e44df3:kerosene,e1c953e44df3,kerosene,1.499,2026-09-13,2026-09-14,
e1c953e44df3:unleaded95,e1c953e44df3,unleaded95,1.689,2026-09-13,2026-09-14,
e1c953e44df3:unleaded98,e1c953e44df3,unleaded98,1.787,2026-09-13,2026-09-14,
e2988b40a3b9:diesel,e2988b40a3b9,diesel,1.858,2026-09-13,2026-09-14,
e2988b40a3b9:heating_oil,e2988b40a3b9,heating_oil,1.504,2026-09-13,2026-09-14,
e2988b40a3b9:kerosene,e2988b40a3b9,kerosene,1.428,2026-09-13,2026-09-14,
e2988b40a3b9:unleaded95,e2988b40a3b9,unleaded95,1.598,2026-09-13,2026-09-14,
e2988b40a3b9:unleaded98,e2988b40a3b9,unleaded98,1.674,2026-09-13,2026-09-14,
e2fd268c172a:diesel,e2fd268c172a,diesel,1.929,2026-09-13,2026-09-14,
e2fd268c172a:unleaded95,e2fd268c172a,unleaded95,1.669,2026-09-13,2026-09-14,
e2fd268c172a:unleaded98,e2fd268c172a,unleaded98,1.719,2026-09-13,2026-09-14,
e3a6cf9b7017:diesel,e3a6cf9b7017,diesel,1.909,2026-09-13,2026-09-14,
e3a6cf9b7017:heating_oil,e3a6cf9b7017,heating_oil,1.529,2026-09-13,2026-09-14,
e3a6cf9b7017:kerosene,e3a6cf9b7017,kerosene,1.439,2026-09-13,2026-09-14,
e3a6cf9b7017:unleaded95,e3a6cf9b7017,unleaded95,1.647,2026-09-13,2026-09-14,
e3a6cf9b7017:unleaded98,e3a6cf9b7017,unleaded98,1.697,2026-09-13,2026-09-14,
e47bff9f4edc:diesel,e47bff9f4edc,diesel,1.907,2026-09-13,2026-09-14,
e47bff9f4edc:heating_oil,e47bff9f4edc,heating_oil,1.534,2026-09-13,2026-09-14,
e47bff9f4edc:kerosene,e47bff9f4edc,kerosene,1.464,2026-09-13,2026-09-14,
e47bff9f4edc:unleaded95,e47bff9f4edc,unleaded95,1.646,2026-09-13,2026-09-14,
e47bff9f4edc:unleaded98,e47bff9f4edc,unleaded98,1.689,2026-09-13,2026-09-14,
e551eeff6720:diesel,e551eeff6720,diesel,1.919,2026-09-13,2026-09-14,
e551eeff6720:heating_oil,e551eeff6720,heating_oil,1.539,2026-09-13,2026-09-14,
e551eeff6720:kerosene,e551eeff6720,kerosene,1.439,2026-09-13,2026-09-14,
e551eeff6720:unleaded95,e551eeff6720,unleaded95,1.647,2026-09-13,2026-09-14,
e551eeff6720:unleaded98,e551eeff6720,unleaded98,1.697,2026-09-13,2026-09-14,
e6d810278243:diesel,e6d810278243,diesel,1.909,2026-09-13,2026-09-14,
e6d810278243:heating_oil,e6d810278243,heating_oil,1.528,2026-09-13,2026-09-14,
e6d810278243:kerosene,e6d810278243,kerosene,1.435,2026-09-13,2026-09-14,
e6d810278243:unleaded95,e6d810278243,unleaded95,1.645,2026-09-13,2026-09-14,
e6d810278243:unleaded98,e6d810278243,unleaded98,1.699,2026-09-13,2026-09-14,
e743dc2607b2:diesel,e743dc2607b2,diesel,1.919,2026-09-13,2026-09-14,
e743dc2607b2:heating_oil,e743dc2607b2,heating_oil,1.595,2026-09-13,2026-09-14,
e743dc2607b2:kerosene,e743dc2607b2,kerosene,1.525,2026-09-13,2026-09-14,
e743dc2607b2:unleaded95,e743dc2607b2,unleaded95,1.649,2026-09-13,2026-09-14,
e743dc2607b2:unleaded98,e743dc2607b2,unleaded98,1.689,2026-09-13,2026-09-14,
e796a9d3d435:diesel,e796a9d3d435,diesel,1.958,2026-09-13,2026-09-14,
e796a9d3d435:heating_oil,e796a9d3d435,heating_oil,1.589,2026-09-13,2026-09-14,
e796a9d3d435:kerosene,e796a9d3d435,kerosene,1.499,2026-09-13,2026-09-14,
e796a9d3d435:unleaded95,e796a9d3d435,unleaded95,1.698,2026-09-13,2026-09-14,
e796a9d3d435:unleaded98,e796a9d3d435,unleaded98,1.738,2026-09-13,2026-09-14,
e7be22647dd4:diesel,e7be22647dd4,diesel,1.919,2026-09-13,2026-09-14,
e7be22647dd4:heating_oil,e7be22647dd4,heating_oil,1.559,2026-09-13,2026-09-14,
e7be22647dd4:kerosene,e7be22647dd4,kerosene,1.489,2026-09-13,2026-09-14,
e7be22647dd4:unleaded95,e7be22647dd4,unleaded95,1.649,2026-09-13,2026-09-14,
e7be22647dd4:unleaded98,e7be22647dd4,unleaded98,1.689,2026-09-13,2026-09-14,
e7bfeaa9c428:diesel,e7bfeaa9c428,diesel,1.909,2026-09-13,2026-09-14,
e7bfeaa9c428:heating_oil,e7bfeaa9c428,heating_oil,1.528,2026-09-13,2026-09-14,
e7bfeaa9c428:kerosene,e7bfeaa9c428,kerosene,1.435,2026-09-13,2026-09-14,
e7bfeaa9c428:unleaded95,e7bfeaa9c428,unleaded95,1.649,2026-09-13,2026-09-14,
e7bfeaa9c428:unleaded98,e7bfeaa9c428,unleaded98,1.699,2026-09-13,2026-09-14,
e9cef6250b69:diesel,e9cef6250b69,diesel,1.919,2026-09-13,2026-09-14,
e9cef6250b69:heating_oil,e9cef6250b69,heating_oil,1.559,2026-09-13,2026-09-14,
e9cef6250b69:kerosene,e9cef6250b69,kerosene,1.489,2026-09-13,2026-09-14,
e9cef6250b69:unleaded95,e9cef6250b69,unleaded95,1.647,2026-09-13,2026-09-14,
e9cef6250b69:unleaded98,e9cef6250b69,unleaded98,1.689,2026-09-13,2026-09-14,
ea232bbb0de1:diesel,ea232bbb0de1,diesel,1.929,2026-09-13,2026-09-14,
ea232bbb0de1:heating_oil,ea232bbb0de1,heating_oil,1.400,2026-09-13,2026-09-14,
ea232bbb0de1:kerosene,ea232bbb0de1,kerosene,1.400,2026-09-13,2026-09-14,
ea232bbb0de1:unleaded95,ea232bbb0de1,unleaded95,1.659,2026-09-13,2026-09-14,
ea232bbb0de1:unleaded98,ea232bbb0de1,unleaded98,1.699,2026-09-13,2026-09-14,
ea9a4cf7c4b6:diesel,ea9a4cf7c4b6,diesel,1.925,2026-09-13,2026-09-14,
ea9a4cf7c4b6:heating_oil,ea9a4cf7c4b6,heating_oil,1.575,2026-09-13,2026-09-14,
ea9a4cf7c4b6:kerosene,ea9a4cf7c4b6,kerosene,1.549,2026-09-13,2026-09-14,
ea9a4cf7c4b6:unleaded95,ea9a4cf7c4b6,unleaded95,1.665,2026-09-13,2026-09-14,
ea9a4cf7c4b6:unleaded98,ea9a4cf7c4b6,unleaded98,1.707,2026-09-13,2026-09-14,
ec323cfaf5f4:diesel,ec323cfaf5f4,diesel,1.935,2026-09-13,2026-09-14,
ec323cfaf5f4:heating_oil,ec323cfaf5f4,heating_oil,1.569,2026-09-13,2026-09-14,
ec323cfaf5f4:kerosene,ec323cfaf5f4,kerosene,1.459,2026-09-13,2026-09-14,
ec323cfaf5f4:unleaded95,ec323cfaf5f4,unleaded95,1.660,2026-09-13,2026-09-14,
ec323cfaf5f4:unleaded98,ec323cfaf5f4,unleaded98,1.719,2026-09-13,2026-09-14,
ed2f040407db:diesel,ed2f040407db,diesel,1.885,2026-09-13,2026-09-14,
ed2f040407db:heating_oil,ed2f040407db,heating_oil,1.524,2026-09-13,2026-09-14,
ed2f040407db:kerosene,ed2f040407db,kerosene,1.433,2026-09-13,2026-09-14,
ed2f040407db:unleaded95,ed2f040407db,unleaded95,1.613,2026-09-13,2026-09-14,
ed2f040407db:unleaded98,ed2f040407db,unleaded98,1.685,2026-09-13,2026-09-14,
ed726f0564b7:diesel,ed726f0564b7,diesel,1.929,2026-09-13,2026-09-14,
ed726f0564b7:heating_oil,ed726f0564b7,heating_oil,1.559,2026-09-13,2026-09-14,
ed726f0564b7:kerosene,ed726f0564b7,kerosene,1.469,2026-09-13,2026-09-14,
ed726f0564b7:unleaded95,ed726f0564b7,unleaded95,1.669,2026-09-13,2026-09-14,
ed726f0564b7:unleaded98,ed726f0564b7,unleaded98,1.709,2026-09-13,2026-09-14,
efca9d48e28b:diesel,efca9d48e28b,diesel,1.919,2026-09-13,2026-09-14,
efca9d48e28b:heating_oil,efca9d48e28b,heating_oil,1.559,2026-09-13,2026-09-14,
efca9d48e28b:kerosene,efca9d48e28b,kerosene,1.489,2026-09-13,2026-09-14,
efca9d48e28b:unleaded95,efca9d48e28b,unleaded95,1.649,2026-09-13,2026-09-14,
efca9d48e28b:unleaded98,efca9d48e28b,unleaded98,1.689,2026-09-13,2026-09-14,
f06cc2016c8b:diesel,f06cc2016c8b,diesel,1.907,2026-09-13,2026-09-14,
f06cc2016c8b:heating_oil,f06cc2016c8b,heating_oil,1.559,2026-09-13,2026-09-14,
f06cc2016c8b:kerosene,f06cc2016c8b,kerosene,1.469,2026-09-13,2026-09-14,
f06cc2016c8b:unleaded95,f06cc2016c8b,unleaded95,1.645,2026-09-13,2026-09-14,
f06cc2016c8b:unleaded98,f06cc2016c8b,unleaded98,1.675,2026-09-13,2026-09-14,
f17f81a488ad:diesel,f17f81a488ad,diesel,1.898,2026-09-13,2026-09-14,
f17f81a488ad:heating_oil,f17f81a488ad,heating_oil,1.489,2026-09-13,2026-09-14,
f17f81a488ad:kerosene,f17f81a488ad,kerosene,1.399,2026-09-13,2026-09-14,
f17f81a488ad:unleaded95,f17f81a488ad,unleaded95,1.619,2026-09-13,2026-09-14,
f17f81a488ad:unleaded98,f17f81a488ad,unleaded98,1.679,2026-09-13,2026-09-14,
f1dfb918aa44:diesel,f1dfb918aa44,diesel,1.919,2026-09-13,2026-09-14,
f1dfb918aa44:heating_oil,f1dfb918aa44,heating_oil,1.538,2026-09-13,2026-09-14,
f1dfb918aa44:unleaded95,f1dfb918aa44,unleaded95,1.665,2026-09-13,2026-09-14,
f1dfb918aa44:unleaded98,f1dfb918aa44,unleaded98,1.699,2026-09-13,2026-09-14,
f2f4e4925f53:diesel,f2f4e4925f53,diesel,1.909,2026-09-13,2026-09-14,
f2f4e4925f53:heating_oil,f2f4e4925f53,heating_oil,1.529,2026-09-13,2026-09-14,
f2f4e4925f53:kerosene,f2f4e4925f53,kerosene,1.416,2026-09-13,2026-09-14,
f2f4e4925f53:unleaded95,f2f4e4925f53,unleaded95,1.658,2026-09-13,2026-09-14,
f2f4e4925f53:unleaded98,f2f4e4925f53,unleaded98,1.715,2026-09-13,2026-09-14,
f31b0c4ec3e6:diesel,f31b0c4ec3e6,diesel,1.907,2026-09-13,2026-09-14,
f31b0c4ec3e6:heating_oil,f31b0c4ec3e6,heating_oil,1.559,2026-09-13,2026-09-14,
f31b0c4ec3e6:kerosene,f31b0c4ec3e6,kerosene,1.489,2026-09-13,2026-09-14,
f31b0c4ec3e6:unleaded95,f31b0c4ec3e6,unleaded95,1.647,2026-09-13,2026-09-14,
f31b0c4ec3e6:unleaded98,f31b0c4ec3e6,unleaded98,1.689,2026-09-13,2026-09-14,
f3cb3f8d3a20:diesel,f3cb3f8d3a20,diesel,1.908,2026-09-13,2026-09-14,
f3cb3f8d3a20:heating_oil,f3cb3f8d3a20,heating_oil,1.559,2026-09-13,2026-09-14,
f3cb3f8d3a20:unleaded95,f3cb3f8d3a20,unleaded95,1.645,2026-09-13,2026-09-14,
f3cb3f8d3a20:unleaded98,f3cb3f8d3a20,unleaded98,1.675,2026-09-13,2026-09-14,
f42c281a9496:diesel,f42c281a9496,diesel,1.939,2026-09-13,2026-09-14,
f42c281a9496:heating_oil,f42c281a9496,heating_oil,1.599,2026-09-13,2026-09-14,
f42c281a9496:kerosene,f42c281a9496,kerosene,1.489,2026-09-13,2026-09-14,
f42c281a9496:unleaded95,f42c281a9496,unleaded95,1.679,2026-09-13,2026-09-14,
f42c281a9496:unleaded98,f42c281a9496,unleaded98,1.735,2026-09-13,2026-09-14,
f4ab2c452dea:diesel,f4ab2c452dea,diesel,1.928,2026-09-13,2026-09-14,
f4ab2c452dea:heating_oil,f4ab2c452dea,heating_oil,1.547,2026-09-13,2026-09-14,
f4ab2c452dea:kerosene,f4ab2c452dea,kerosene,1.455,2026-09-13,2026-09-14,
f4ab2c452dea:unleaded95,f4ab2c452dea,unleaded95,1.669,2026-09-13,2026-09-14,
f4ab2c452dea:unleaded98,f4ab2c452dea,unleaded98,1.719,2026-09-13,2026-09-14,
f4d2b1d30ed4:diesel,f4d2b1d30ed4,diesel,1.885,2026-09-13,2026-09-14,
f4d2b1d30ed4:heating_oil,f4d2b1d30ed4,heating_oil,1.524,2026-09-13,2026-09-14,
f4d2b1d30ed4:kerosene,f4d2b1d30ed4,kerosene,1.433,2026-09-13,2026-09-14,
f4d2b1d30ed4:unleaded95,f4d2b1d30ed4,unleaded95,1.613,2026-09-13,2026-09-14,
f4d2b1d30ed4:unleaded98,f4d2b1d30ed4,unleaded98,1.685,2026-09-13,2026-09-14,
f5945935bb49:diesel,f5945935bb49,diesel,1.929,2026-09-13,2026-09-14,
f5945935bb49:heating_oil,f5945935bb49,heating_oil,1.548,2026-09-13,2026-09-14,
f5945935bb49:kerosene,f5945935bb49,kerosene,1.455,2026-09-13,2026-09-14,
f5945935bb49:unleaded95,f5945935bb49,unleaded95,1.669,2026-09-13,2026-09-14,
f5945935bb49:unleaded98,f5945935bb49,unleaded98,1.720,2026-09-13,2026-09-14,
f6f989575c60:diesel,f6f989575c60,diesel,1.924,2026-09-13,2026-09-14,
f6f989575c60:heating_oil,f6f989575c60,heating_oil,1.568,2026-09-13,2026-09-14,
f6f989575c60:kerosene,f6f989575c60,kerosene,1.499,2026-09-13,2026-09-14,
f6f989575c60:unleaded95,f6f989575c60,unleaded95,1.649,2026-09-13,2026-09-14,
f6f989575c60:unleaded98,f6f989575c60,unleaded98,1.689,2026-09-13,2026-09-14,
f7018faecfa5:diesel,f7018faecfa5,diesel,1.909,2026-09-13,2026-09-14,
f7018faecfa5:heating_oil,f7018faecfa5,heating_oil,1.528,2026-09-13,2026-09-14,
f7018faecfa5:kerosene,f7018faecfa5,kerosene,1.435,2026-09-13,2026-09-14,
f7018faecfa5:unleaded95,f7018faecfa5,unleaded95,1.649,2026-09-13,2026-09-14,
f7018faecfa5:unleaded98,f7018faecfa5,unleaded98,1.699,2026-09-13,2026-09-14,
f75770842fc7:diesel,f75770842fc7,diesel,1.909,2026-09-13,2026-09-14,
f75770842fc7:heating_oil,f75770842fc7,heating_oil,1.589,2026-09-13,2026-09-14,
f75770842fc7:unleaded95,f75770842fc7,unleaded95,1.648,2026-09-13,2026-09-14,
f75770842fc7:unleaded98,f75770842fc7,unleaded98,1.678,2026-09-13,2026-09-14,
f8ad88f2d98a:diesel,f8ad88f2d98a,diesel,1.909,2026-09-13,2026-09-14,
f8ad88f2d98a:heating_oil,f8ad88f2d98a,heating_oil,1.528,2026-09-13,2026-09-14,
f8ad88f2d98a:kerosene,f8ad88f2d98a,kerosene,1.435,2026-09-13,2026-09-14,
f8ad88f2d98a:unleaded95,f8ad88f2d98a,unleaded95,1.649,2026-09-13,2026-09-14,
f8ad88f2d98a:unleaded98,f8ad88f2d98a,unleaded98,1.699,2026-09-13,2026-09-14,
fc394b0b3c0a:diesel,fc394b0b3c0a,diesel,1.899,2026-09-13,2026-09-14,
fc394b0b3c0a:heating_oil,fc394b0b3c0a,heating_oil,1.559,2026-09-13,2026-09-14,
fc394b0b3c0a:kerosene,fc394b0b3c0a,kerosene,1.489,2026-09-13,2026-09-14,
fc394b0b3c0a:unleaded95,fc394b0b3c0a,unleaded95,1.629,2026-09-13,2026-09-14,
fc394b0b3c0a:unleaded98,fc394b0b3c0a,unleaded98,1.669,2026-09-13,2026-09-14,
fcc769f17c2b:diesel,fcc769f17c2b,diesel,1.938,2026-09-13,2026-09-14,
fcc769f17c2b:heating_oil,fcc769f17c2b,heating_oil,1.598,2026-09-13,2026-09-14,
fcc769f17c2b:kerosene,fcc769f17c2b,kerosene,1.500,2026-09-13,2026-09-14,
fcc769f17c2b:unleaded95,fcc769f17c2b,unleaded95,1.668,2026-09-13,2026-09-14,
fcc769f17c2b:unleaded98,fcc769f17c2b,unleaded98,1.688,2026-09-13,2026-09-14,
fe4873a2e4a6:diesel,fe4873a2e4a6,diesel,1.905,2026-09-13,2026-09-14,
fe4873a2e4a6:heating_oil,fe4873a2e4a6,heating_oil,1.499,2026-09-13,2026-09-14,
fe4873a2e4a6:kerosene,fe4873a2e4a6,kerosene,1.435,2026-09-13,2026-09-14,
fe4873a2e4a6:unleaded95,fe4873a2e4a6,unleaded95,1.639,2026-09-13,2026-09-14,
fe4873a2e4a6:unleaded98,fe4873a2e4a6,unleaded98,1.695,2026-09-13,2026-09-14,
