date,key,station_id,fuel,event,price,prev_price
2026-09-13,1044095b4cde:unleaded95,1044095b4cde,unleaded95,new,1.597,
2026-09-13,1b148a05085c:unleaded95,1b148a05085c,unleaded95,new,1.625,
2026-09-13,73805dddf7aa:unleaded95,73805dddf7aa,unleaded95,new,1.645,
2026-09-13,01d291cc5e9f:unleaded95,01d291cc5e9f,unleaded95,new,1.599,
2026-09-13,428b07ccf758:unleaded95,428b07ccf758,unleaded95,new,1.647,
2026-09-13,54ff5ad55f16:unleaded95,54ff5ad55f16,unleaded95,new,1.689,
2026-09-13,5dd7d7a9710d:unleaded95,5dd7d7a9710d,unleaded95,new,1.589,
2026-09-13,ab868b4b332e:unleaded95,ab868b4b332e,unleaded95,new,1.648,
2026-09-13,b08cefca3ef4:unleaded95,b08cefca3ef4,unleaded95,new,1.689,
2026-09-13,8e414da9ad9e:unleaded95,8e414da9ad9e,unleaded95,new,1.660,
2026-09-13,59fe848dcc1d:unleaded95,59fe848dcc1d,unleaded95,new,1.617,
2026-09-13,772be93750d2:unleaded95,772be93750d2,unleaded95,new,1.647,
2026-09-13,2435de52a3ba:unleaded95,2435de52a3ba,unleaded95,new,1.599,
2026-09-13,67516854f59e:unleaded95,67516854f59e,unleaded95,new,1.599,
2026-09-13,41841cb23dbd:unleaded95,41841cb23dbd,unleaded95,new,1.599,
2026-09-13,bc3de85eae09:unleaded95,bc3de85eae09,unleaded95,new,1.609,
2026-09-13,2d1dc84554ad:unleaded95,2d1dc84554ad,unleaded95,new,1.613,
2026-09-13,14ab75b4aa66:unleaded95,14ab75b4aa66,unleaded95,new,1.615,
2026-09-13,f06cc2016c8b:unleaded95,f06cc2016c8b,unleaded95,new,1.645,
2026-09-13,a63d37840b3e:unleaded95,a63d37840b3e,unleaded95,new,1.645,
2026-09-13,0aefcb943b9f:unleaded95,0aefcb943b9f,unleaded95,new,1.645,
2026-09-13,f3cb3f8d3a20:unleaded95,f3cb3f8d3a20,unleaded95,new,1.645,
2026-09-13,daf0981942c3:unleaded95,daf0981942c3,unleaded95,new,1.599,
2026-09-13,32039ce18953:unleaded95,32039ce18953,unleaded95,new,1.617,
2026-09-13,1a16860d8e30:unleaded95,1a16860d8e30,unleaded95,new,1.669,
2026-09-13,ed2f040407db:unleaded95,ed2f040407db,unleaded95,new,1.613,
2026-09-13,4ac8836fa7fb:unleaded95,4ac8836fa7fb,unleaded95,new,1.619,
2026-09-13,e3a6cf9b7017:unleaded95,e3a6cf9b7017,unleaded95,new,1.647,
2026-09-13,77450002346a:unleaded95,77450002346a,unleaded95,new,1.638,
2026-09-13,01ce074bf8e9:unleaded95,01ce074bf8e9,unleaded95,new,1.689,
2026-09-13,0f0ceccc2b7e:unleaded95,0f0ceccc2b7e,unleaded95,new,1.645,
2026-09-13,2d7b1e4bf3fa:unleaded95,2d7b1e4bf3fa,unleaded95,new,1.599,
2026-09-13,9cf1024093d0:unleaded95,9cf1024093d0,unleaded95,new,1.649,
2026-09-13,d81649f97c28:unleaded95,d81649f97c28,unleaded95,new,1.669,
2026-09-13,4d8c91cbdf87:unleaded95,4d8c91cbdf87,unleaded95,new,1.599,
2026-09-13,d825945d0dc1:unleaded95,d825945d0dc1,unleaded95,new,1.645,
2026-09-13,08c3056f889a:unleaded95,08c3056f889a,unleaded95,new,1.647,
2026-09-13,5bbb1e8908dc:unleaded95,5bbb1e8908dc,unleaded95,new,1.647,
2026-09-13,04eb0dc6ce16:unleaded95,04eb0dc6ce16,unleaded95,new,1.645,
2026-09-13,5a578950625a:unleaded95,5a578950625a,unleaded95,new,1.648,
2026-09-13,0cd6f55cdb37:unleaded95,0cd6f55cdb37,unleaded95,new,1.589,
2026-09-13,6e239d2282b3:unleaded95,6e239d2282b3,unleaded95,new,1.599,
2026-09-13,97bbb156e70b:unleaded95,97bbb156e70b,unleaded95,new,1.599,
2026-09-13,09f80e0d2a27:unleaded95,09f80e0d2a27,unleaded95,new,1.599,
2026-09-13,73117467c0c8:unleaded95,73117467c0c8,unleaded95,new,1.609,
2026-09-13,123bfd0e9e3a:unleaded95,123bfd0e9e3a,unleaded95,new,1.619,
2026-09-13,30e807950de4:unleaded95,30e807950de4,unleaded95,new,1.645,
2026-09-13,ba65517bf3ed:unleaded95,ba65517bf3ed,unleaded95,new,1.647,
2026-09-13,3fdaa889148c:unleaded95,3fdaa889148c,unleaded95,new,1.649,
2026-09-13,119d69819e8d:unleaded95,119d69819e8d,unleaded95,new,1.649,
2026-09-13,cfe2df3cdc21:unleaded95,cfe2df3cdc21,unleaded95,new,1.649,
2026-09-13,bcb9accad3db:unleaded95,bcb9accad3db,unleaded95,new,1.649,
2026-09-13,792650a717af:unleaded95,792650a717af,unleaded95,new,1.649,
2026-09-13,40e8c72b6e83:unleaded95,40e8c72b6e83,unleaded95,new,1.659,
2026-09-13,aea2d6e66b8f:unleaded95,aea2d6e66b8f,unleaded95,new,1.619,
2026-09-13,1a10004ef1a9:unleaded95,1a10004ef1a9,unleaded95,new,1.589,
2026-09-13,b920f34d9678:unleaded95,b920f34d9678,unleaded95,new,1.597,
2026-09-13,0ec6995b7755:unleaded95,0ec6995b7755,unleaded95,new,1.599,
2026-09-13,77af34d3792b:unleaded95,77af34d3792b,unleaded95,new,1.599,
2026-09-13,64c1bca40276:unleaded95,64c1bca40276,unleaded95,new,1.599,
2026-09-13,1f9b60bded75:unleaded95,1f9b60bded75,unleaded95,new,1.599,
2026-09-13,d59f16d1ea1f:unleaded95,d59f16d1ea1f,unleaded95,new,1.609,
2026-09-13,3dc149493178:unleaded95,3dc149493178,unleaded95,new,1.615,
2026-09-13,2676e12059bc:unleaded95,2676e12059bc,unleaded95,new,1.615,
2026-09-13,99e322d6ea26:unleaded95,99e322d6ea26,unleaded95,new,1.615,
2026-09-13,6ca3bacda2ef:unleaded95,6ca3bacda2ef,unleaded95,new,1.619,
2026-09-13,dc18f4cb1ad3:unleaded95,dc18f4cb1ad3,unleaded95,new,1.625,
2026-09-13,e6d810278243:unleaded95,e6d810278243,unleaded95,new,1.645,
2026-09-13,cc747759de94:unleaded95,cc747759de94,unleaded95,new,1.645,
2026-09-13,0708c47ecb63:unleaded95,0708c47ecb63,unleaded95,new,1.645,
2026-09-13,da0b210a2136:unleaded95,da0b210a2136,unleaded95,new,1.645,
2026-09-13,43962c7fecd8:unleaded95,43962c7fecd8,unleaded95,new,1.649,
2026-09-13,458aa789203d:unleaded95,458aa789203d,unleaded95,new,1.649,
2026-09-13,0fa89e115816:unleaded95,0fa89e115816,unleaded95,new,1.649,
2026-09-13,0f4f50ae5f90:unleaded95,0f4f50ae5f90,unleaded95,new,1.649,
2026-09-13,42e035b752d8:unleaded95,42e035b752d8,unleaded95,new,1.649,
2026-09-13,8d38472ccb06:unleaded95,8d38472ccb06,unleaded95,new,1.649,
2026-09-13,a1cbb4c4a9c8:unleaded95,a1cbb4c4a9c8,unleaded95,new,1.649,
2026-09-13,187618635ba0:unleaded95,187618635ba0,unleaded95,new,1.649,
2026-09-13,4f835e812e0f:unleaded95,4f835e812e0f,unleaded95,new,1.649,
2026-09-13,42462b695ab2:unleaded95,42462b695ab2,unleaded95,new,1.649,
2026-09-13,293b8fa19bf7:unleaded95,293b8fa19bf7,unleaded95,new,1.657,
2026-09-13,5a78a7364d62:unleaded95,5a78a7364d62,unleaded95,new,1.657,
2026-09-13,61489bbd24f4:unleaded95,61489bbd24f4,unleaded95,new,1.679,
2026-09-13,f4d2b1d30ed4:unleaded95,f4d2b1d30ed4,unleaded95,new,1.613,
2026-09-13,507f1f44e378:unleaded95,507f1f44e378,unleaded95,new,1.613,
2026-09-13,a3c0cf5666e0:unleaded95,a3c0cf5666e0,unleaded95,new,1.613,
2026-09-13,7b3d6f74a132:unleaded95,7b3d6f74a132,unleaded95,new,1.613,
2026-09-13,5d55628ec03b:unleaded95,5d55628ec03b,unleaded95,new,1.613,
2026-09-13,b0e8f28941c2:unleaded95,b0e8f28941c2,unleaded95,new,1.613,
2026-09-13,d9f037ee2555:unleaded95,d9f037ee2555,unleaded95,new,1.613,
2026-09-13,bcfe91ea09aa:unleaded95,bcfe91ea09aa,unleaded95,new,1.645,
2026-09-13,8899ec50983b:unleaded95,8899ec50983b,unleaded95,new,1.619,
2026-09-13,b979b66dc2a8:unleaded95,b979b66dc2a8,unleaded95,new,1.617,
2026-09-13,69fd22d4956b:unleaded95,69fd22d4956b,unleaded95,new,1.647,
2026-09-13,7b205bef86bd:unleaded95,7b205bef86bd,unleaded95,new,1.609,
2026-09-13,ec323cfaf5f4:unleaded95,ec323cfaf5f4,unleaded95,new,1.660,
2026-09-13,24f260ef3191:unleaded95,24f260ef3191,unleaded95,new,1.689,
2026-09-13,91d7bee2fcf0:unleaded95,91d7bee2fcf0,unleaded95,new,1.589,
2026-09-13,5f6aecc094a5:unleaded95,5f6aecc094a5,unleaded95,new,1.596,
2026-09-13,9cbdb349d454:unleaded95,9cbdb349d454,unleaded95,new,1.648,
2026-09-13,ea232bbb0de1:unleaded95,ea232bbb0de1,unleaded95,new,1.659,
2026-09-13,5fd49366646f:unleaded95,5fd49366646f,unleaded95,new,1.649,
2026-09-13,5b6d76f60256:unleaded95,5b6d76f60256,unleaded95,new,1.599,
2026-09-13,dacff0faaefb:unleaded95,dacff0faaefb,unleaded95,new,1.599,
2026-09-13,79c9bc2be4e7:unleaded95,79c9bc2be4e7,unleaded95,new,1.599,
2026-09-13,3fef2e98f65b:unleaded95,3fef2e98f65b,unleaded95,new,1.645,
2026-09-13,896e4ee2aacd:unleaded95,896e4ee2aacd,unleaded95,new,1.617,
2026-09-13,2685729352b8:unleaded95,2685729352b8,unleaded95,new,1.647,
2026-09-13,4b3ea41ef444:unleaded95,4b3ea41ef444,unleaded95,new,1.617,
2026-09-13,b99043294256:unleaded95,b99043294256,unleaded95,new,1.613,
2026-09-13,b7ed85fcf4b7:unleaded95,b7ed85fcf4b7,unleaded95,new,1.638,
2026-09-13,9ba59175b8fa:unleaded95,9ba59175b8fa,unleaded95,new,1.649,
2026-09-13,82d0d5b8a85f:unleaded95,82d0d5b8a85f,unleaded95,new,1.649,
2026-09-13,7c3d4980155f:unleaded95,7c3d4980155f,unleaded95,new,1.648,
2026-09-13,e1c953e44df3:unleaded95,e1c953e44df3,unleaded95,new,1.689,
2026-09-13,5fc48382973b:unleaded95,5fc48382973b,unleaded95,new,1.645,
2026-09-13,29adfa02acca:unleaded95,29adfa02acca,unleaded95,new,1.609,
2026-09-13,49f291bb3d72:unleaded95,49f291bb3d72,unleaded95,new,1.638,
2026-09-13,a78f59d05bcd:unleaded95,a78f59d05bcd,unleaded95,new,1.609,
2026-09-13,a048b4d2bd64:unleaded95,a048b4d2bd64,unleaded95,new,1.675,
2026-09-13,1fe98156d14c:unleaded95,1fe98156d14c,unleaded95,new,1.675,
2026-09-13,bbe6fff4e9d1:unleaded95,bbe6fff4e9d1,unleaded95,new,1.642,
2026-09-13,bda8d48d501e:unleaded95,bda8d48d501e,unleaded95,new,1.647,
2026-09-13,cfd3fe33b227:unleaded95,cfd3fe33b227,unleaded95,new,1.627,
2026-09-13,1ef5b819726d:unleaded95,1ef5b819726d,unleaded95,new,1.649,
2026-09-13,018228a5741c:unleaded95,018228a5741c,unleaded95,new,1.646,
2026-09-13,50bbcc14271b:unleaded95,50bbcc14271b,unleaded95,new,1.659,
2026-09-13,3c3fdd29b8f7:unleaded95,3c3fdd29b8f7,unleaded95,new,1.598,
2026-09-13,96a9e00b5b6d:unleaded95,96a9e00b5b6d,unleaded95,new,1.599,
2026-09-13,ca9163f0f3f8:unleaded95,ca9163f0f3f8,unleaded95,new,1.647,
2026-09-13,178bce87f3a6:unleaded95,178bce87f3a6,unleaded95,new,1.647,
2026-09-13,c7f59703554a:unleaded95,c7f59703554a,unleaded95,new,1.647,
2026-09-13,d31ea5693826:unleaded95,d31ea5693826,unleaded95,new,1.647,
2026-09-13,ac585f0e2770:unleaded95,ac585f0e2770,unleaded95,new,1.658,
2026-09-13,b3875ccbca12:unleaded95,b3875ccbca12,unleaded95,new,1.649,
2026-09-13,233254a84b2d:unleaded95,233254a84b2d,unleaded95,new,1.669,
2026-09-13,e2fd268c172a:unleaded95,e2fd268c172a,unleaded95,new,1.649,
2026-09-13,cd323f4673d7:unleaded95,cd323f4673d7,unleaded95,new,1.649,
2026-09-13,c0e5c11d688d:unleaded95,c0e5c11d688d,unleaded95,new,1.649,
2026-09-13,d5197602e9cf:unleaded95,d5197602e9cf,unleaded95,new,1.649,
2026-09-13,3009230fcbc6:unleaded95,3009230fcbc6,unleaded95,new,1.638,
2026-09-13,7e13d23a29b2:unleaded95,7e13d23a29b2,unleaded95,new,1.648,
2026-09-13,d47ea3209c18:unleaded95,d47ea3209c18,unleaded95,new,1.637,
2026-09-13,288f16b2cde1:unleaded95,288f16b2cde1,unleaded95,new,1.627,
2026-09-13,89f3721e58ea:unleaded95,89f3721e58ea,unleaded95,new,1.647,
2026-09-13,73e26adc0d93:unleaded95,73e26adc0d93,unleaded95,new,1.653,
2026-09-13,e551eeff6720:unleaded95,e551eeff6720,unleaded95,new,1.647,
2026-09-13,3ede104e6d56:unleaded95,3ede104e6d56,unleaded95,new,1.648,
2026-09-13,d8f54ff2148b:unleaded95,d8f54ff2148b,unleaded95,new,1.649,
2026-09-13,d2ec9f5d093e:unleaded95,d2ec9f5d093e,unleaded95,new,1.649,
2026-09-13,873fd7d21413:unleaded95,873fd7d21413,unleaded95,new,1.649,
2026-09-13,5f1d9d44de4c:unleaded95,5f1d9d44de4c,unleaded95,new,1.599,
2026-09-13,4a09006139d2:unleaded95,4a09006139d2,unleaded95,new,1.599,
2026-09-13,7510589f4eaa:unleaded95,7510589f4eaa,unleaded95,new,1.599,
2026-09-13,b42e8375c701:unleaded95,b42e8375c701,unleaded95,new,1.642,
2026-09-13,23c7b3207f92:unleaded95,23c7b3207f92,unleaded95,new,1.645,
2026-09-13,e47bff9f4edc:unleaded95,e47bff9f4edc,unleaded95,new,1.646,
2026-09-13,dfc8523796a8:unleaded95,dfc8523796a8,unleaded95,new,1.646,
2026-09-13,36fb67511673:unleaded95,36fb67511673,unleaded95,new,1.649,
2026-09-13,72bd542a8c85:unleaded95,72bd542a8c85,unleaded95,new,1.649,
2026-09-13,39fd6925ae42:unleaded95,39fd6925ae42,unleaded95,new,1.649,
2026-09-13,89f704207e91:unleaded95,89f704207e91,unleaded95,new,1.649,
2026-09-13,4a79c5105aa9:unleaded95,4a79c5105aa9,unleaded95,new,1.598,
2026-09-13,dc99e1b517b2:unleaded95,dc99e1b517b2,unleaded95,new,1.629,
2026-09-13,9bd07aac27bc:unleaded95,9bd07aac27bc,unleaded95,new,1.649,
2026-09-13,25791d087864:unleaded95,25791d087864,unleaded95,new,1.649,
2026-09-13,3a0c41beebb7:unleaded95,3a0c41beebb7,unleaded95,new,1.649,
2026-09-13,f8ad88f2d98a:unleaded95,f8ad88f2d98a,unleaded95,new,1.649,
2026-09-13,503646d494d5:unleaded95,503646d494d5,unleaded95,new,1.649,
2026-09-13,74b8ac0b63cd:unleaded95,74b8ac0b63cd,unleaded95,new,1.649,
2026-09-13,e7bfeaa9c428:unleaded95,e7bfeaa9c428,unleaded95,new,1.649,
2026-09-13,9746fda18600:unleaded95,9746fda18600,unleaded95,new,1.649,
2026-09-13,4fd43e7e497c:unleaded95,4fd43e7e497c,unleaded95,new,1.649,
2026-09-13,f7018faecfa5:unleaded95,f7018faecfa5,unleaded95,new,1.649,
2026-09-13,567e7e2b96ac:unleaded95,567e7e2b96ac,unleaded95,new,1.649,
2026-09-13,b27d9f5af2b6:unleaded95,b27d9f5af2b6,unleaded95,new,1.667,
2026-09-13,d4092c9b4f08:unleaded95,d4092c9b4f08,unleaded95,new,1.645,
2026-09-13,e2988b40a3b9:unleaded95,e2988b40a3b9,unleaded95,new,1.598,
2026-09-13,1476a096e3ba:unleaded95,1476a096e3ba,unleaded95,new,1.625,
2026-09-13,ed726f0564b7:unleaded95,ed726f0564b7,unleaded95,new,1.649,
2026-09-13,93feddaea003:unleaded95,93feddaea003,unleaded95,new,1.659,
2026-09-13,00e8792b88ef:unleaded95,00e8792b88ef,unleaded95,new,1.647,
2026-09-13,72b865f82639:unleaded95,72b865f82639,unleaded95,new,1.718,
2026-09-13,69c2fb53eb4c:unleaded95,69c2fb53eb4c,unleaded95,new,1.649,
2026-09-13,cfec076bb164:unleaded95,cfec076bb164,unleaded95,new,1.679,
2026-09-13,be850363d55b:unleaded95,be850363d55b,unleaded95,new,1.669,
2026-09-13,f1dfb918aa44:unleaded95,f1dfb918aa44,unleaded95,new,1.665,
2026-09-13,7cb63eb7db4a:unleaded95,7cb63eb7db4a,unleaded95,new,1.645,
2026-09-13,9e6df553eab2:unleaded95,9e6df553eab2,unleaded95,new,1.649,
2026-09-13,a13338dc541d:unleaded95,a13338dc541d,unleaded95,new,1.649,
2026-09-13,5697a79e3714:unleaded95,5697a79e3714,unleaded95,new,1.659,
2026-09-13,ac1e40cae503:unleaded95,ac1e40cae503,unleaded95,new,1.649,
2026-09-13,5fdf8a375f2a:unleaded95,5fdf8a375f2a,unleaded95,new,1.647,
2026-09-13,46946a1f650f:unleaded95,46946a1f650f,unleaded95,new,1.649,
2026-09-13,f42c281a9496:unleaded95,f42c281a9496,unleaded95,new,1.679,
2026-09-13,bb62751b98a5:unleaded95,bb62751b98a5,unleaded95,new,1.647,
2026-09-13,285b1e3703eb:unleaded95,285b1e3703eb,unleaded95,new,1.647,
2026-09-13,ae7fb39a6ec9:unleaded95,ae7fb39a6ec9,unleaded95,new,1.648,
2026-09-13,f6f989575c60:unleaded95,f6f989575c60,unleaded95,new,1.649,
2026-09-13,3d365e518577:unleaded95,3d365e518577,unleaded95,new,1.646,
2026-09-13,55d0b50126da:unleaded95,55d0b50126da,unleaded95,new,1.613,
2026-09-13,de92271f6ac9:unleaded95,de92271f6ac9,unleaded95,new,1.649,
2026-09-13,73f4fd3d41f8:unleaded95,73f4fd3d41f8,unleaded95,new,1.648,
2026-09-13,dce42f6faf2a:unleaded95,dce42f6faf2a,unleaded95,new,1.649,
2026-09-13,a60171704519:unleaded95,a60171704519,unleaded95,new,1.598,
2026-09-13,91c473332d72:unleaded95,91c473332d72,unleaded95,new,1.649,
2026-09-13,117c3b6f97d9:unleaded95,117c3b6f97d9,unleaded95,new,1.647,
2026-09-13,66e87f05a350:unleaded95,66e87f05a350,unleaded95,new,1.623,
2026-09-13,0af9f8bfb4c1:unleaded95,0af9f8bfb4c1,unleaded95,new,1.624,
2026-09-13,fc394b0b3c0a:unleaded95,fc394b0b3c0a,unleaded95,new,1.629,
2026-09-13,7ea7211d094c:unleaded95,7ea7211d094c,unleaded95,new,1.647,
2026-09-13,c7e92648a250:unleaded95,c7e92648a250,unleaded95,new,1.649,
2026-09-13,44624b1025cd:unleaded95,44624b1025cd,unleaded95,new,1.649,
2026-09-13,ce1eb1eb6a71:unleaded95,ce1eb1eb6a71,unleaded95,new,1.649,
2026-09-13,b2f690bf5cb7:unleaded95,b2f690bf5cb7,unleaded95,new,1.627,
2026-09-13,4ca921929927:unleaded95,4ca921929927,unleaded95,new,1.648,
2026-09-13,d82e742710ef:unleaded95,d82e742710ef,unleaded95,new,1.613,
2026-09-13,565dd6821200:unleaded95,565dd6821200,unleaded95,new,1.623,
2026-09-13,0effbc30de91:unleaded95,0effbc30de91,unleaded95,new,1.645,
2026-09-13,b109dbc73edf:unleaded95,b109dbc73edf,unleaded95,new,1.647,
2026-09-13,66d305f4af2e:unleaded95,66d305f4af2e,unleaded95,new,1.647,
2026-09-13,b20e8e600357:unleaded95,b20e8e600357,unleaded95,new,1.647,
2026-09-13,624124474669:unleaded95,624124474669,unleaded95,new,1.649,
2026-09-13,17ee7f0dd4f0:unleaded95,17ee7f0dd4f0,unleaded95,new,1.649,
2026-09-13,462ee152ff3b:unleaded95,462ee152ff3b,unleaded95,new,1.649,
2026-09-13,71cfa14de08b:unleaded95,71cfa14de08b,unleaded95,new,1.649,
2026-09-13,8f76232b6d53:unleaded95,8f76232b6d53,unleaded95,new,1.643,
2026-09-13,fe4873a2e4a6:unleaded95,fe4873a2e4a6,unleaded95,new,1.639,
2026-09-13,e743dc2607b2:unleaded95,e743dc2607b2,unleaded95,new,1.649,
2026-09-13,69f804f17a32:unleaded95,69f804f17a32,unleaded95,new,1.649,
2026-09-13,84e85efa4053:unleaded95,84e85efa4053,unleaded95,new,1.659,
2026-09-13,c0388ce15031:unleaded95,c0388ce15031,unleaded95,new,1.679,
2026-09-13,f75770842fc7:unleaded95,f75770842fc7,unleaded95,new,1.648,
2026-09-13,47bdc6813569:unleaded95,47bdc6813569,unleaded95,new,1.648,
2026-09-13,e7be22647dd4:unleaded95,e7be22647dd4,unleaded95,new,1.649,
2026-09-13,6c1ec11817fc:unleaded95,6c1ec11817fc,unleaded95,new,1.649,
2026-09-13,a4ce4b453fac:unleaded95,a4ce4b453fac,unleaded95,new,1.647,
2026-09-13,adc2bba2a282:unleaded95,adc2bba2a282,unleaded95,new,1.619,
2026-09-13,dc094a637823:unleaded95,dc094a637823,unleaded95,new,1.585,
2026-09-13,cf9bb5bb02a6:unleaded95,cf9bb5bb02a6,unleaded95,new,1.598,
2026-09-13,8448a4c5531f:unleaded95,8448a4c5531f,unleaded95,new,1.599,
2026-09-13,f17f81a488ad:unleaded95,f17f81a488ad,unleaded95,new,1.619,
2026-09-13,0a9aabc9ae21:unleaded95,0a9aabc9ae21,unleaded95,new,1.629,
2026-09-13,3e638c4e5fc9:unleaded95,3e638c4e5fc9,unleaded95,new,1.646,
2026-09-13,acf6a1b651b0:unleaded95,acf6a1b651b0,unleaded95,new,1.585,
2026-09-13,25e9844b870d:unleaded95,25e9844b870d,unleaded95,new,1.649,
2026-09-13,d3095d05dc1e:unleaded95,d3095d05dc1e,unleaded95,new,1.647,
2026-09-13,03fef4e54d18:unleaded95,03fef4e54d18,unleaded95,new,1.649,
2026-09-13,04f7bb8cfb51:unleaded95,04f7bb8cfb51,unleaded95,new,1.649,
2026-09-13,0eb54c313653:unleaded95,0eb54c313653,unleaded95,new,1.649,
2026-09-13,39363f6470ee:unleaded95,39363f6470ee,unleaded95,new,1.666,
2026-09-13,71f50aee8649:unleaded95,71f50aee8649,unleaded95,new,1.669,
2026-09-13,54d562b7ab71:unleaded95,54d562b7ab71,unleaded95,new,1.667,
2026-09-13,d6e5e190801d:unleaded95,d6e5e190801d,unleaded95,new,1.663,
2026-09-13,b431bffa5187:unleaded95,b431bffa5187,unleaded95,new,1.664,
2026-09-13,2bb2812d2829:unleaded95,2bb2812d2829,unleaded95,new,1.665,
2026-09-13,2be80460e2e6:unleaded95,2be80460e2e6,unleaded95,new,1.664,
2026-09-13,e02b4792b83a:unleaded95,e02b4792b83a,unleaded95,new,1.664,
2026-09-13,74c4f4a42210:unleaded95,74c4f4a42210,unleaded95,new,1.665,
2026-09-13,0c0bfa6b6769:unleaded95,0c0bfa6b6769,unleaded95,new,1.677,
2026-09-13,b0bfb1dc3b5b:unleaded95,b0bfb1dc3b5b,unleaded95,new,1.649,
2026-09-13,15cf154d622b:unleaded95,15cf154d622b,unleaded95,new,1.679,
2026-09-13,ac84fe0ca4a9:unleaded95,ac84fe0ca4a9,unleaded95,new,1.668,
2026-09-13,996e90f70398:unleaded95,996e90f70398,unleaded95,new,1.665,
2026-09-13,02712f946c71:unleaded95,02712f946c71,unleaded95,new,1.709,
2026-09-13,fcc769f17c2b:unleaded95,fcc769f17c2b,unleaded95,new,1.668,
2026-09-13,1552d6c63ab2:unleaded95,1552d6c63ab2,unleaded95,new,1.649,
2026-09-13,0bc666d07f6e:unleaded95,0bc666d07f6e,unleaded95,new,1.649,
2026-09-13,83e2c7cccb9a:unleaded95,83e2c7cccb9a,unleaded95,new,1.649,
2026-09-13,87bc9a5f5af2:unleaded95,87bc9a5f5af2,unleaded95,new,1.669,
2026-09-13,64e46f2932df:unleaded95,64e46f2932df,unleaded95,new,1.669,
2026-09-13,a8a9b3e4e12f:unleaded95,a8a9b3e4e12f,unleaded95,new,1.669,
2026-09-13,f4ab2c452dea:unleaded95,f4ab2c452dea,unleaded95,new,1.669,
2026-09-13,0a5e60e91490:unleaded95,0a5e60e91490,unleaded95,new,1.669,
2026-09-13,b994933d2448:unleaded95,b994933d2448,unleaded95,new,1.669,
2026-09-13,34932a59bf86:unleaded95,34932a59bf86,unleaded95,new,1.669,
2026-09-13,f5945935bb49:unleaded95,f5945935bb49,unleaded95,new,1.669,
2026-09-13,122aa6b021d2:unleaded95,122aa6b021d2,unleaded95,new,1.669,
2026-09-13,b8ca587237dd:unleaded95,b8ca587237dd,unleaded95,new,1.646,
2026-09-13,aec251ff51dc:unleaded95,aec251ff51dc,unleaded95,new,1.660,
2026-09-13,7c12967369e5:unleaded95,7c12967369e5,unleaded95,new,1.679,
2026-09-13,70804ad4c6ed:unleaded95,70804ad4c6ed,unleaded95,new,1.677,
2026-09-13,70b0af332d9f:unleaded95,70b0af332d9f,unleaded95,new,1.647,
2026-09-13,f2f4e4925f53:unleaded95,f2f4e4925f53,unleaded95,new,1.658,
2026-09-13,c6158b4fcb5f:unleaded95,c6158b4fcb5f,unleaded95,new,1.669,
2026-09-13,0e4663dea41e:unleaded95,0e4663dea41e,unleaded95,new,1.669,
2026-09-13,1bae28692c95:unleaded95,1bae28692c95,unleaded95,new,1.649,
2026-09-13,d63746beb1b5:unleaded95,d63746beb1b5,unleaded95,new,1.685,
2026-09-13,e796a9d3d435:unleaded95,e796a9d3d435,unleaded95,new,1.678,
2026-09-13,6cbad4fb4f78:unleaded95,6cbad4fb4f78,unleaded95,new,1.647,
2026-09-13,0ed0b92e6d0c:unleaded95,0ed0b92e6d0c,unleaded95,new,1.647,
2026-09-13,216880e896f0:unleaded95,216880e896f0,unleaded95,new,1.648,
2026-09-13,48113cc9c12a:unleaded95,48113cc9c12a,unleaded95,new,1.649,
2026-09-13,e9cef6250b69:unleaded95,e9cef6250b69,unleaded95,new,1.647,
2026-09-13,6ce5fb3545fe:unleaded95,6ce5fb3545fe,unleaded95,new,1.649,
2026-09-13,a07b05ec2cfc:unleaded95,a07b05ec2cfc,unleaded95,new,1.649,
2026-09-13,8f64c72c7f44:unleaded95,8f64c72c7f44,unleaded95,new,1.649,
2026-09-13,efca9d48e28b:unleaded95,efca9d48e28b,unleaded95,new,1.649,
2026-09-13,4ae21a9b5efa:unleaded95,4ae21a9b5efa,unleaded95,new,1.649,
2026-09-13,65b480ad17ec:unleaded95,65b480ad17ec,unleaded95,new,1.642,
2026-09-13,84148c33cbb4:unleaded95,84148c33cbb4,unleaded95,new,1.647,
2026-09-13,c42afad7f35d:unleaded95,c42afad7f35d,unleaded95,new,1.649,
2026-09-13,743927ebc86a:unleaded95,743927ebc86a,unleaded95,new,1.642,
2026-09-13,cc2e49c3c04f:unleaded95,cc2e49c3c04f,unleaded95,new,1.642,
2026-09-13,92d17347e22a:unleaded95,92d17347e22a,unleaded95,new,1.647,
2026-09-13,366a0c1d06e2:unleaded95,366a0c1d06e2,unleaded95,new,1.649,
2026-09-13,320be8d683a2:unleaded95,320be8d683a2,unleaded95,new,1.648,
2026-09-13,5567cd093258:unleaded95,5567cd093258,unleaded95,new,1.649,
2026-09-13,50a8f4e8f043:unleaded95,50a8f4e8f043,unleaded95,new,1.649,
2026-09-13,364d076c3a94:unleaded95,364d076c3a94,unleaded95,new,1.647,
2026-09-13,ce3d19ee3c70:unleaded95,ce3d19ee3c70,unleaded95,new,1.649,
2026-09-13,9cfc7d5c5cf3:unleaded95,9cfc7d5c5cf3,unleaded95,new,1.647,
2026-09-13,f31b0c4ec3e6:unleaded95,f31b0c4ec3e6,unleaded95,new,1.647,
2026-09-13,4e416e4c8b88:unleaded95,4e416e4c8b88,unleaded95,new,1.649,
2026-09-13,ea9a4cf7c4b6:unleaded95,ea9a4cf7c4b6,unleaded95,new,1.645,
2026-09-13,b24c2084919b:unleaded95,b24c2084919b,unleaded95,new,1.648,
2026-09-13,1044095b4cde:unleaded98,1044095b4cde,unleaded98,new,1.697,
2026-09-13,1b148a05085c:unleaded98,1b148a05085c,unleaded98,new,1.685,
2026-09-13,73805dddf7aa:unleaded98,73805dddf7aa,unleaded98,new,1.695,
2026-09-13,01d291cc5e9f:unleaded98,01d291cc5e9f,unleaded98,new,1.669,
2026-09-13,428b07ccf758:unleaded98,428b07ccf758,unleaded98,new,1.697,
2026-09-13,54ff5ad55f16:unleaded98,54ff5ad55f16,unleaded98,new,1.739,
2026-09-13,5dd7d7a9710d:unleaded98,5dd7d7a9710d,unleaded98,new,1.629,
2026-09-13,ab868b4b332e:unleaded98,ab868b4b332e,unleaded98,new,1.698,
2026-09-13,8e414da9ad9e:unleaded98,8e414da9ad9e,unleaded98,new,1.719,
2026-09-13,59fe848dcc1d:unleaded98,59fe848dcc1d,unleaded98,new,1.707,
2026-09-13,772be93750d2:unleaded98,772be93750d2,unleaded98,new,1.754,
2026-09-13,2435de52a3ba:unleaded98,2435de52a3ba,unleaded98,new,1.749,
2026-09-13,67516854f59e:unleaded98,67516854f59e,unleaded98,new,1.749,
2026-09-13,41841cb23dbd:unleaded98,41841cb23dbd,unleaded98,new,1.749,
2026-09-13,bc3de85eae09:unleaded98,bc3de85eae09,unleaded98,new,1.759,
2026-09-13,2d1dc84554ad:unleaded98,2d1dc84554ad,unleaded98,new,1.763,
2026-09-13,14ab75b4aa66:unleaded98,14ab75b4aa66,unleaded98,new,1.765,
2026-09-13,a63d37840b3e:unleaded98,a63d37840b3e,unleaded98,new,1.795,
2026-09-13,f3cb3f8d3a20:unleaded98,f3cb3f8d3a20,unleaded98,new,1.795,
2026-09-13,0aefcb943b9f:unleaded98,0aefcb943b9f,unleaded98,new,1.795,
2026-09-13,f06cc2016c8b:unleaded98,f06cc2016c8b,unleaded98,new,1.795,
2026-09-13,daf0981942c3:unleaded98,daf0981942c3,unleaded98,new,1.699,
2026-09-13,32039ce18953:unleaded98,32039ce18953,unleaded98,new,1.707,
2026-09-13,1a16860d8e30:unleaded98,1a16860d8e30,unleaded98,new,1.689,
2026-09-13,ed2f040407db:unleaded98,ed2f040407db,unleaded98,new,1.685,
2026-09-13,e3a6cf9b7017:unleaded98,e3a6cf9b7017,unleaded98,new,1.697,
2026-09-13,4ac8836fa7fb:unleaded98,4ac8836fa7fb,unleaded98,new,1.697,
2026-09-13,77450002346a:unleaded98,77450002346a,unleaded98,new,1.697,
2026-09-13,01ce074bf8e9:unleaded98,01ce074bf8e9,unleaded98,new,1.739,
2026-09-13,0f0ceccc2b7e:unleaded98,0f0ceccc2b7e,unleaded98,new,1.690,
2026-09-13,2d7b1e4bf3fa:unleaded98,2d7b1e4bf3fa,unleaded98,new,1.649,
2026-09-13,9cf1024093d0:unleaded98,9cf1024093d0,unleaded98,new,1.699,
2026-09-13,d81649f97c28:unleaded98,d81649f97c28,unleaded98,new,1.719,
2026-09-13,4d8c91cbdf87:unleaded98,4d8c91cbdf87,unleaded98,new,1.649,
2026-09-13,d825945d0dc1:unleaded98,d825945d0dc1,unleaded98,new,1.683,
2026-09-13,08c3056f889a:unleaded98,08c3056f889a,unleaded98,new,1.755,
2026-09-13,5bbb1e8908dc:unleaded98,5bbb1e8908dc,unleaded98,new,1.697,
2026-09-13,04eb0dc6ce16:unleaded98,04eb0dc6ce16,unleaded98,new,1.695,
2026-09-13,5a578950625a:unleaded98,5a578950625a,unleaded98,new,1.748,
2026-09-13,0cd6f55cdb37:unleaded98,0cd6f55cdb37,unleaded98,new,1.629,
2026-09-13,30e807950de4:unleaded98,30e807950de4,unleaded98,new,1.689,
2026-09-13,cfe2df3cdc21:unleaded98,cfe2df3cdc21,unleaded98,new,1.689,
2026-09-13,ba65517bf3ed:unleaded98,ba65517bf3ed,unleaded98,new,1.689,
2026-09-13,bcb9accad3db:unleaded98,bcb9accad3db,unleaded98,new,1.689,
2026-09-13,73117467c0c8:unleaded98,73117467c0c8,unleaded98,new,1.689,
2026-09-13,3fdaa889148c:unleaded98,3fdaa889148c,unleaded98,new,1.689,
2026-09-13,119d69819e8d:unleaded98,119d69819e8d,unleaded98,new,1.689,
2026-09-13,09f80e0d2a27:unleaded98,09f80e0d2a27,unleaded98,new,1.689,
2026-09-13,97bbb156e70b:unleaded98,97bbb156e70b,unleaded98,new,1.689,
2026-09-13,6e239d2282b3:unleaded98,6e239d2282b3,unleaded98,new,1.689,
2026-09-13,123bfd0e9e3a:unleaded98,123bfd0e9e3a,unleaded98,new,1.689,
2026-09-13,792650a717af:unleaded98,792650a717af,unleaded98,new,1.699,
2026-09-13,40e8c72b6e83:unleaded98,40e8c72b6e83,unleaded98,new,1.719,
2026-09-13,aea2d6e66b8f:unleaded98,aea2d6e66b8f,unleaded98,new,1.697,
2026-09-13,43962c7fecd8:unleaded98,43962c7fecd8,unleaded98,new,1.699,
2026-09-13,458aa789203d:unleaded98,458aa789203d,unleaded98,new,1.699,
2026-09-13,0fa89e115816:unleaded98,0fa89e115816,unleaded98,new,1.699,
2026-09-13,42e035b752d8:unleaded98,42e035b752d8,unleaded98,new,1.699,
2026-09-13,8d38472ccb06:unleaded98,8d38472ccb06,unleaded98,new,1.699,
2026-09-13,cc747759de94:unleaded98,cc747759de94,unleaded98,new,1.699,
2026-09-13,6ca3bacda2ef:unleaded98,6ca3bacda2ef,unleaded98,new,1.699,
2026-09-13,e6d810278243:unleaded98,e6d810278243,unleaded98,new,1.699,
2026-09-13,0ec6995b7755:unleaded98,0ec6995b7755,unleaded98,new,1.699,
2026-09-13,0f4f50ae5f90:unleaded98,0f4f50ae5f90,unleaded98,new,1.699,
2026-09-13,99e322d6ea26:unleaded98,99e322d6ea26,unleaded98,new,1.699,
2026-09-13,a1cbb4c4a9c8:unleaded98,a1cbb4c4a9c8,unleaded98,new,1.699,
2026-09-13,5a78a7364d62:unleaded98,5a78a7364d62,unleaded98,new,1.699,
2026-09-13,0708c47ecb63:unleaded98,0708c47ecb63,unleaded98,new,1.699,
2026-09-13,64c1bca40276:unleaded98,64c1bca40276,unleaded98,new,1.699,
2026-09-13,da0b210a2136:unleaded98,da0b210a2136,unleaded98,new,1.699,
2026-09-13,77af34d3792b:unleaded98,77af34d3792b,unleaded98,new,1.699,
2026-09-13,dc18f4cb1ad3:unleaded98,dc18f4cb1ad3,unleaded98,new,1.699,
2026-09-13,1a10004ef1a9:unleaded98,1a10004ef1a9,unleaded98,new,1.699,
2026-09-13,293b8fa19bf7:unleaded98,293b8fa19bf7,unleaded98,new,1.699,
2026-09-13,4f835e812e0f:unleaded98,4f835e812e0f,unleaded98,new,1.699,
2026-09-13,b920f34d9678:unleaded98,b920f34d9678,unleaded98,new,1.699,
2026-09-13,d59f16d1ea1f:unleaded98,d59f16d1ea1f,unleaded98,new,1.699,
2026-09-13,187618635ba0:unleaded98,187618635ba0,unleaded98,new,1.699,
2026-09-13,3dc149493178:unleaded98,3dc149493178,unleaded98,new,1.699,
2026-09-13,1f9b60bded75:unleaded98,1f9b60bded75,unleaded98,new,1.699,
2026-09-13,2676e12059bc:unleaded98,2676e12059bc,unleaded98,new,1.699,
2026-09-13,42462b695ab2:unleaded98,42462b695ab2,unleaded98,new,1.699,
2026-09-13,61489bbd24f4:unleaded98,61489bbd24f4,unleaded98,new,1.729,
2026-09-13,bcfe91ea09aa:unleaded98,bcfe91ea09aa,unleaded98,new,1.683,
2026-09-13,f4d2b1d30ed4:unleaded98,f4d2b1d30ed4,unleaded98,new,1.685,
2026-09-13,a3c0cf5666e0:unleaded98,a3c0cf5666e0,unleaded98,new,1.685,
2026-09-13,507f1f44e378:unleaded98,507f1f44e378,unleaded98,new,1.685,
2026-09-13,b0e8f28941c2:unleaded98,b0e8f28941c2,unleaded98,new,1.685,
2026-09-13,5d55628ec03b:unleaded98,5d55628ec03b,unleaded98,new,1.685,
2026-09-13,d9f037ee2555:unleaded98,d9f037ee2555,unleaded98,new,1.685,
2026-09-13,7b3d6f74a132:unleaded98,7b3d6f74a132,unleaded98,new,1.685,
2026-09-13,8899ec50983b:unleaded98,8899ec50983b,unleaded98,new,1.689,
2026-09-13,b979b66dc2a8:unleaded98,b979b66dc2a8,unleaded98,new,1.667,
2026-09-13,69fd22d4956b:unleaded98,69fd22d4956b,unleaded98,new,1.697,
2026-09-13,7b205bef86bd:unleaded98,7b205bef86bd,unleaded98,new,1.700,
2026-09-13,ec323cfaf5f4:unleaded98,ec323cfaf5f4,unleaded98,new,1.719,
2026-09-13,24f260ef3191:unleaded98,24f260ef3191,unleaded98,new,1.789,
2026-09-13,91d7bee2fcf0:unleaded98,91d7bee2fcf0,unleaded98,new,1.649,
2026-09-13,5f6aecc094a5:unleaded98,5f6aecc094a5,unleaded98,new,1.669,
2026-09-13,9cbdb349d454:unleaded98,9cbdb349d454,unleaded98,new,1.778,
2026-09-13,ea232bbb0de1:unleaded98,ea232bbb0de1,unleaded98,new,1.699,
2026-09-13,5fd49366646f:unleaded98,5fd49366646f,unleaded98,new,1.699,
2026-09-13,5b6d76f60256:unleaded98,5b6d76f60256,unleaded98,new,1.699,
2026-09-13,dacff0faaefb:unleaded98,dacff0faaefb,unleaded98,new,1.665,
2026-09-13,79c9bc2be4e7:unleaded98,79c9bc2be4e7,unleaded98,new,1.665,
2026-09-13,3fef2e98f65b:unleaded98,3fef2e98f65b,unleaded98,new,1.775,
2026-09-13,896e4ee2aacd:unleaded98,896e4ee2aacd,unleaded98,new,1.689,
2026-09-13,2685729352b8:unleaded98,2685729352b8,unleaded98,new,1.697,
2026-09-13,4b3ea41ef444:unleaded98,4b3ea41ef444,unleaded98,new,1.699,
2026-09-13,b99043294256:unleaded98,b99043294256,unleaded98,new,1.709,
2026-09-13,b7ed85fcf4b7:unleaded98,b7ed85fcf4b7,unleaded98,new,1.697,
2026-09-13,9ba59175b8fa:unleaded98,9ba59175b8fa,unleaded98,new,1.699,
2026-09-13,82d0d5b8a85f:unleaded98,82d0d5b8a85f,unleaded98,new,1.689,
2026-09-13,7c3d4980155f:unleaded98,7c3d4980155f,unleaded98,new,1.699,
2026-09-13,e1c953e44df3:unleaded98,e1c953e44df3,unleaded98,new,1.787,
2026-09-13,5fc48382973b:unleaded98,5fc48382973b,unleaded98,new,1.795,
2026-09-13,29adfa02acca:unleaded98,29adfa02acca,unleaded98,new,1.700,
2026-09-13,49f291bb3d72:unleaded98,49f291bb3d72,unleaded98,new,1.778,
2026-09-13,a78f59d05bcd:unleaded98,a78f59d05bcd,unleaded98,new,1.700,
2026-09-13,a048b4d2bd64:unleaded98,a048b4d2bd64,unleaded98,new,1.735,
2026-09-13,1fe98156d14c:unleaded98,1fe98156d14c,unleaded98,new,1.735,
2026-09-13,bbe6fff4e9d1:unleaded98,bbe6fff4e9d1,unleaded98,new,1.692,
2026-09-13,bda8d48d501e:unleaded98,bda8d48d501e,unleaded98,new,1.697,
2026-09-13,cfd3fe33b227:unleaded98,cfd3fe33b227,unleaded98,new,1.699,
2026-09-13,1ef5b819726d:unleaded98,1ef5b819726d,unleaded98,new,1.699,
2026-09-13,018228a5741c:unleaded98,018228a5741c,unleaded98,new,1.696,
2026-09-13,50bbcc14271b:unleaded98,50bbcc14271b,unleaded98,new,1.699,
2026-09-13,3c3fdd29b8f7:unleaded98,3c3fdd29b8f7,unleaded98,new,1.748,
2026-09-13,96a9e00b5b6d:unleaded98,96a9e00b5b6d,unleaded98,new,1.749,
2026-09-13,c7f59703554a:unleaded98,c7f59703554a,unleaded98,new,1.797,
2026-09-13,178bce87f3a6:unleaded98,178bce87f3a6,unleaded98,new,1.797,
2026-09-13,d31ea5693826:unleaded98,d31ea5693826,unleaded98,new,1.797,
2026-09-13,ca9163f0f3f8:unleaded98,ca9163f0f3f8,unleaded98,new,1.797,
2026-09-13,ac585f0e2770:unleaded98,ac585f0e2770,unleaded98,new,1.808,
2026-09-13,b3875ccbca12:unleaded98,b3875ccbca12,unleaded98,new,1.697,
2026-09-13,233254a84b2d:unleaded98,233254a84b2d,unleaded98,new,1.729,
2026-09-13,e2fd268c172a:unleaded98,e2fd268c172a,unleaded98,new,1.699,
2026-09-13,cd323f4673d7:unleaded98,cd323f4673d7,unleaded98,new,1.699,
2026-09-13,c0e5c11d688d:unleaded98,c0e5c11d688d,unleaded98,new,1.699,
2026-09-13,d5197602e9cf:unleaded98,d5197602e9cf,unleaded98,new,1.698,
2026-09-13,3009230fcbc6:unleaded98,3009230fcbc6,unleaded98,new,1.695,
2026-09-13,7e13d23a29b2:unleaded98,7e13d23a29b2,unleaded98,new,1.868,
2026-09-13,d47ea3209c18:unleaded98,d47ea3209c18,unleaded98,new,1.687,
2026-09-13,288f16b2cde1:unleaded98,288f16b2cde1,unleaded98,new,1.697,
2026-09-13,89f3721e58ea:unleaded98,89f3721e58ea,unleaded98,new,1.697,
2026-09-13,73e26adc0d93:unleaded98,73e26adc0d93,unleaded98,new,1.688,
2026-09-13,e551eeff6720:unleaded98,e551eeff6720,unleaded98,new,1.697,
2026-09-13,3ede104e6d56:unleaded98,3ede104e6d56,unleaded98,new,1.758,
2026-09-13,d8f54ff2148b:unleaded98,d8f54ff2148b,unleaded98,new,1.799,
2026-09-13,d2ec9f5d093e:unleaded98,d2ec9f5d093e,unleaded98,new,1.699,
2026-09-13,873fd7d21413:unleaded98,873fd7d21413,unleaded98,new,1.700,
2026-09-13,5f1d9d44de4c:unleaded98,5f1d9d44de4c,unleaded98,new,1.674,
2026-09-13,4a09006139d2:unleaded98,4a09006139d2,unleaded98,new,1.674,
2026-09-13,7510589f4eaa:unleaded98,7510589f4eaa,unleaded98,new,1.687,
2026-09-13,dfc8523796a8:unleaded98,dfc8523796a8,unleaded98,new,1.689,
2026-09-13,e47bff9f4edc:unleaded98,e47bff9f4edc,unleaded98,new,1.689,
2026-09-13,89f704207e91:unleaded98,89f704207e91,unleaded98,new,1.689,
2026-09-13,b42e8375c701:unleaded98,b42e8375c701,unleaded98,new,1.689,
2026-09-13,23c7b3207f92:unleaded98,23c7b3207f92,unleaded98,new,1.689,
2026-09-13,72bd542a8c85:unleaded98,72bd542a8c85,unleaded98,new,1.689,
2026-09-13,39fd6925ae42:unleaded98,39fd6925ae42,unleaded98,new,1.689,
2026-09-13,36fb67511673:unleaded98,36fb67511673,unleaded98,new,1.689,
2026-09-13,503646d494d5:unleaded98,503646d494d5,unleaded98,new,1.699,
2026-09-13,74b8ac0b63cd:unleaded98,74b8ac0b63cd,unleaded98,new,1.699,
2026-09-13,9bd07aac27bc:unleaded98,9bd07aac27bc,unleaded98,new,1.699,
2026-09-13,25791d087864:unleaded98,25791d087864,unleaded98,new,1.699,
2026-09-13,3a0c41beebb7:unleaded98,3a0c41beebb7,unleaded98,new,1.699,
2026-09-13,4a79c5105aa9:unleaded98,4a79c5105aa9,unleaded98,new,1.699,
2026-09-13,dc99e1b517b2:unleaded98,dc99e1b517b2,unleaded98,new,1.699,
2026-09-13,f8ad88f2d98a:unleaded98,f8ad88f2d98a,unleaded98,new,1.699,
2026-09-13,9746fda18600:unleaded98,9746fda18600,unleaded98,new,1.699,
2026-09-13,4fd43e7e497c:unleaded98,4fd43e7e497c,unleaded98,new,1.699,
2026-09-13,567e7e2b96ac:unleaded98,567e7e2b96ac,unleaded98,new,1.699,
2026-09-13,f7018faecfa5:unleaded98,f7018faecfa5,unleaded98,new,1.699,
2026-09-13,e7bfeaa9c428:unleaded98,e7bfeaa9c428,unleaded98,new,1.699,
2026-09-13,b27d9f5af2b6:unleaded98,b27d9f5af2b6,unleaded98,new,1.719,
2026-09-13,d4092c9b4f08:unleaded98,d4092c9b4f08,unleaded98,new,1.699,
2026-09-13,e2988b40a3b9:unleaded98,e2988b40a3b9,unleaded98,new,1.674,
2026-09-13,1476a096e3ba:unleaded98,1476a096e3ba,unleaded98,new,1.674,
2026-09-13,ed726f0564b7:unleaded98,ed726f0564b7,unleaded98,new,1.697,
2026-09-13,93feddaea003:unleaded98,93feddaea003,unleaded98,new,1.719,
2026-09-13,00e8792b88ef:unleaded98,00e8792b88ef,unleaded98,new,1.697,
2026-09-13,72b865f82639:unleaded98,72b865f82639,unleaded98,new,1.785,
2026-09-13,69c2fb53eb4c:unleaded98,69c2fb53eb4c,unleaded98,new,1.695,
2026-09-13,cfec076bb164:unleaded98,cfec076bb164,unleaded98,new,1.759,
2026-09-13,be850363d55b:unleaded98,be850363d55b,unleaded98,new,1.789,
2026-09-13,f1dfb918aa44:unleaded98,f1dfb918aa44,unleaded98,new,1.699,
2026-09-13,7cb63eb7db4a:unleaded98,7cb63eb7db4a,unleaded98,new,1.696,
2026-09-13,9e6df553eab2:unleaded98,9e6df553eab2,unleaded98,new,1.709,
2026-09-13,a13338dc541d:unleaded98,a13338dc541d,unleaded98,new,1.689,
2026-09-13,5697a79e3714:unleaded98,5697a79e3714,unleaded98,new,1.709,
2026-09-13,ac1e40cae503:unleaded98,ac1e40cae503,unleaded98,new,1.689,
2026-09-13,5fdf8a375f2a:unleaded98,5fdf8a375f2a,unleaded98,new,1.697,
2026-09-13,46946a1f650f:unleaded98,46946a1f650f,unleaded98,new,1.699,
2026-09-13,f42c281a9496:unleaded98,f42c281a9496,unleaded98,new,1.735,
2026-09-13,bb62751b98a5:unleaded98,bb62751b98a5,unleaded98,new,1.797,
2026-09-13,285b1e3703eb:unleaded98,285b1e3703eb,unleaded98,new,1.797,
2026-09-13,ae7fb39a6ec9:unleaded98,ae7fb39a6ec9,unleaded98,new,1.699,
2026-09-13,f6f989575c60:unleaded98,f6f989575c60,unleaded98,new,1.689,
2026-09-13,3d365e518577:unleaded98,3d365e518577,unleaded98,new,1.690,
2026-09-13,de92271f6ac9:unleaded98,de92271f6ac9,unleaded98,new,1.699,
2026-09-13,73f4fd3d41f8:unleaded98,73f4fd3d41f8,unleaded98,new,1.695,
2026-09-13,dce42f6faf2a:unleaded98,dce42f6faf2a,unleaded98,new,1.700,
2026-09-13,a60171704519:unleaded98,a60171704519,unleaded98,new,1.689,
2026-09-13,91c473332d72:unleaded98,91c473332d72,unleaded98,new,1.689,
2026-09-13,117c3b6f97d9:unleaded98,117c3b6f97d9,unleaded98,new,1.697,
2026-09-13,fc394b0b3c0a:unleaded98,fc394b0b3c0a,unleaded98,new,1.669,
2026-09-13,0af9f8bfb4c1:unleaded98,0af9f8bfb4c1,unleaded98,new,1.678,
2026-09-13,66e87f05a350:unleaded98,66e87f05a350,unleaded98,new,1.689,
2026-09-13,c7e92648a250:unleaded98,c7e92648a250,unleaded98,new,1.689,
2026-09-13,ce1eb1eb6a71:unleaded98,ce1eb1eb6a71,unleaded98,new,1.689,
2026-09-13,44624b1025cd:unleaded98,44624b1025cd,unleaded98,new,1.689,
2026-09-13,7ea7211d094c:unleaded98,7ea7211d094c,unleaded98,new,1.689,
2026-09-13,b2f690bf5cb7:unleaded98,b2f690bf5cb7,unleaded98,new,1.698,
2026-09-13,4ca921929927:unleaded98,4ca921929927,unleaded98,new,1.748,
2026-09-13,b109dbc73edf:unleaded98,b109dbc73edf,unleaded98,new,1.699,
2026-09-13,565dd6821200:unleaded98,565dd6821200,unleaded98,new,1.699,
2026-09-13,71cfa14de08b:unleaded98,71cfa14de08b,unleaded98,new,1.699,
2026-09-13,462ee152ff3b:unleaded98,462ee152ff3b,unleaded98,new,1.699,
2026-09-13,66d305f4af2e:unleaded98,66d305f4af2e,unleaded98,new,1.699,
2026-09-13,17ee7f0dd4f0:unleaded98,17ee7f0dd4f0,unleaded98,new,1.699,
2026-09-13,d82e742710ef:unleaded98,d82e742710ef,unleaded98,new,1.699,
2026-09-13,b20e8e600357:unleaded98,b20e8e600357,unleaded98,new,1.699,
2026-09-13,0effbc30de91:unleaded98,0effbc30de91,unleaded98,new,1.699,
2026-09-13,624124474669:unleaded98,624124474669,unleaded98,new,1.699,
2026-09-13,8f76232b6d53:unleaded98,8f76232b6d53,unleaded98,new,1.694,
2026-09-13,fe4873a2e4a6:unleaded98,fe4873a2e4a6,unleaded98,new,1.695,
2026-09-13,e743dc2607b2:unleaded98,e743dc2607b2,unleaded98,new,1.689,
2026-09-13,69f804f17a32:unleaded98,69f804f17a32,unleaded98,new,1.689,
2026-09-13,84e85efa4053:unleaded98,84e85efa4053,unleaded98,new,1.749,
2026-09-13,c0388ce15031:unleaded98,c0388ce15031,unleaded98,new,1.709,
2026-09-13,f75770842fc7:unleaded98,f75770842fc7,unleaded98,new,1.808,
2026-09-13,47bdc6813569:unleaded98,47bdc6813569,unleaded98,new,1.699,
2026-09-13,e7be22647dd4:unleaded98,e7be22647dd4,unleaded98,new,1.689,
2026-09-13,6c1ec11817fc:unleaded98,6c1ec11817fc,unleaded98,new,1.694,
2026-09-13,a4ce4b453fac:unleaded98,a4ce4b453fac,unleaded98,new,1.697,
2026-09-13,adc2bba2a282:unleaded98,adc2bba2a282,unleaded98,new,1.699,
2026-09-13,f17f81a488ad:unleaded98,f17f81a488ad,unleaded98,new,1.679,
2026-09-13,0a9aabc9ae21:unleaded98,0a9aabc9ae21,unleaded98,new,1.679,
2026-09-13,dc094a637823:unleaded98,dc094a637823,unleaded98,new,1.735,
2026-09-13,cf9bb5bb02a6:unleaded98,cf9bb5bb02a6,unleaded98,new,1.738,
2026-09-13,8448a4c5531f:unleaded98,8448a4c5531f,unleaded98,new,1.738,
2026-09-13,3e638c4e5fc9:unleaded98,3e638c4e5fc9,unleaded98,new,1.690,
2026-09-13,acf6a1b651b0:unleaded98,acf6a1b651b0,unleaded98,new,1.689,
2026-09-13,25e9844b870d:unleaded98,25e9844b870d,unleaded98,new,1.799,
2026-09-13,d3095d05dc1e:unleaded98,d3095d05dc1e,unleaded98,new,1.697,
2026-09-13,03fef4e54d18:unleaded98,03fef4e54d18,unleaded98,new,1.689,
2026-09-13,04f7bb8cfb51:unleaded98,04f7bb8cfb51,unleaded98,new,1.689,
2026-09-13,0eb54c313653:unleaded98,0eb54c313653,unleaded98,new,1.689,
2026-09-13,39363f6470ee:unleaded98,39363f6470ee,unleaded98,new,1.742,
2026-09-13,71f50aee8649:unleaded98,71f50aee8649,unleaded98,new,1.717,
2026-09-13,d6e5e190801d:unleaded98,d6e5e190801d,unleaded98,new,1.813,
2026-09-13,b431bffa5187:unleaded98,b431bffa5187,unleaded98,new,1.814,
2026-09-13,2bb2812d2829:unleaded98,2bb2812d2829,unleaded98,new,1.815,
2026-09-13,2be80460e2e6:unleaded98,2be80460e2e6,unleaded98,new,1.716,
2026-09-13,74c4f4a42210:unleaded98,74c4f4a42210,unleaded98,new,1.707,
2026-09-13,0c0bfa6b6769:unleaded98,0c0bfa6b6769,unleaded98,new,1.727,
2026-09-13,b0bfb1dc3b5b:unleaded98,b0bfb1dc3b5b,unleaded98,new,1.689,
2026-09-13,15cf154d622b:unleaded98,15cf154d622b,unleaded98,new,1.739,
2026-09-13,ac84fe0ca4a9:unleaded98,ac84fe0ca4a9,unleaded98,new,1.709,
2026-09-13,996e90f70398:unleaded98,996e90f70398,unleaded98,new,1.707,
2026-09-13,02712f946c71:unleaded98,02712f946c71,unleaded98,new,1.909,
2026-09-13,fcc769f17c2b:unleaded98,fcc769f17c2b,unleaded98,new,1.688,
2026-09-13,1552d6c63ab2:unleaded98,1552d6c63ab2,unleaded98,new,1.689,
2026-09-13,64e46f2932df:unleaded98,64e46f2932df,unleaded98,new,1.689,
2026-09-13,0bc666d07f6e:unleaded98,0bc666d07f6e,unleaded98,new,1.689,
2026-09-13,87bc9a5f5af2:unleaded98,87bc9a5f5af2,unleaded98,new,1.689,
2026-09-13,83e2c7cccb9a:unleaded98,83e2c7cccb9a,unleaded98,new,1.689,
2026-09-13,b994933d2448:unleaded98,b994933d2448,unleaded98,new,1.689,
2026-09-13,a8a9b3e4e12f:unleaded98,a8a9b3e4e12f,unleaded98,new,1.719,
2026-09-13,f4ab2c452dea:unleaded98,f4ab2c452dea,unleaded98,new,1.719,
2026-09-13,0a5e60e91490:unleaded98,0a5e60e91490,unleaded98,new,1.719,
2026-09-13,34932a59bf86:unleaded98,34932a59bf86,unleaded98,new,1.719,
2026-09-13,f5945935bb49:unleaded98,f5945935bb49,unleaded98,new,1.720,
2026-09-13,122aa6b021d2:unleaded98,122aa6b021d2,unleaded98,new,1.720,
2026-09-13,b8ca587237dd:unleaded98,b8ca587237dd,unleaded98,new,1.693,
2026-09-13,aec251ff51dc:unleaded98,aec251ff51dc,unleaded98,new,1.703,
2026-09-13,7c12967369e5:unleaded98,7c12967369e5,unleaded98,new,1.739,
2026-09-13,70804ad4c6ed:unleaded98,70804ad4c6ed,unleaded98,new,1.729,
2026-09-13,70b0af332d9f:unleaded98,70b0af332d9f,unleaded98,new,1.684,
2026-09-13,f2f4e4925f53:unleaded98,f2f4e4925f53,unleaded98,new,1.715,
2026-09-13,c6158b4fcb5f:unleaded98,c6158b4fcb5f,unleaded98,new,1.719,
2026-09-13,0e4663dea41e:unleaded98,0e4663dea41e,unleaded98,new,1.719,
2026-09-13,1bae28692c95:unleaded98,1bae28692c95,unleaded98,new,1.689,
2026-09-13,d63746beb1b5:unleaded98,d63746beb1b5,unleaded98,new,1.745,
2026-09-13,e796a9d3d435:unleaded98,e796a9d3d435,unleaded98,new,1.728,
2026-09-13,0ed0b92e6d0c:unleaded98,0ed0b92e6d0c,unleaded98,new,1.797,
2026-09-13,6cbad4fb4f78:unleaded98,6cbad4fb4f78,unleaded98,new,1.797,
2026-09-13,216880e896f0:unleaded98,216880e896f0,unleaded98,new,1.798,
2026-09-13,48113cc9c12a:unleaded98,48113cc9c12a,unleaded98,new,1.695,
2026-09-13,8f64c72c7f44:unleaded98,8f64c72c7f44,unleaded98,new,1.689,
2026-09-13,4ae21a9b5efa:unleaded98,4ae21a9b5efa,unleaded98,new,1.689,
2026-09-13,efca9d48e28b:unleaded98,efca9d48e28b,unleaded98,new,1.689,
2026-09-13,6ce5fb3545fe:unleaded98,6ce5fb3545fe,unleaded98,new,1.689,
2026-09-13,e9cef6250b69:unleaded98,e9cef6250b69,unleaded98,new,1.689,
2026-09-13,a07b05ec2cfc:unleaded98,a07b05ec2cfc,unleaded98,new,1.689,
2026-09-13,c42afad7f35d:unleaded98,c42afad7f35d,unleaded98,new,1.699,
2026-09-13,65b480ad17ec:unleaded98,65b480ad17ec,unleaded98,new,1.699,
2026-09-13,84148c33cbb4:unleaded98,84148c33cbb4,unleaded98,new,1.699,
2026-09-13,cc2e49c3c04f:unleaded98,cc2e49c3c04f,unleaded98,new,1.685,
2026-09-13,743927ebc86a:unleaded98,743927ebc86a,unleaded98,new,1.697,
2026-09-13,92d17347e22a:unleaded98,92d17347e22a,unleaded98,new,1.695,
2026-09-13,366a0c1d06e2:unleaded98,366a0c1d06e2,unleaded98,new,1.688,
2026-09-13,320be8d683a2:unleaded98,320be8d683a2,unleaded98,new,1.685,
2026-09-13,5567cd093258:unleaded98,5567cd093258,unleaded98,new,1.699,
2026-09-13,50a8f4e8f043:unleaded98,50a8f4e8f043,unleaded98,new,1.699,
2026-09-13,364d076c3a94:unleaded98,364d076c3a94,unleaded98,new,1.697,
2026-09-13,ce3d19ee3c70:unleaded98,ce3d19ee3c70,unleaded98,new,1.699,
2026-09-13,9cfc7d5c5cf3:unleaded98,9cfc7d5c5cf3,unleaded98,new,1.697,
2026-09-13,f31b0c4ec3e6:unleaded98,f31b0c4ec3e6,unleaded98,new,1.689,
2026-09-13,4e416e4c8b88:unleaded98,4e416e4c8b88,unleaded98,new,1.699,
2026-09-13,ea9a4cf7c4b6:unleaded98,ea9a4cf7c4b6,unleaded98,new,1.697,
2026-09-13,b24c2084919b:unleaded98,b24c2084919b,unleaded98,new,1.718,
2026-09-13,1044095b4cde:diesel,1044095b4cde,diesel,new,1.899,
2026-09-13,1b148a05085c:diesel,1b148a05085c,diesel,new,1.885,
2026-09-13,73805dddf7aa:diesel,73805dddf7aa,diesel,new,1.909,
2026-09-13,01d291cc5e9f:diesel,01d291cc5e9f,diesel,new,1.868,
2026-09-13,428b07ccf758:diesel,428b07ccf758,diesel,new,1.909,
2026-09-13,54ff5ad55f16:diesel,54ff5ad55f16,diesel,new,1.949,
2026-09-13,5dd7d7a9710d:diesel,5dd7d7a9710d,diesel,new,1.859,
2026-09-13,ab868b4b332e:diesel,ab868b4b332e,diesel,new,1.908,
2026-09-13,b08cefca3ef4:diesel,b08cefca3ef4,diesel,new,1.949,
2026-09-13,8e414da9ad9e:diesel,8e414da9ad9e,diesel,new,1.935,
2026-09-13,59fe848dcc1d:diesel,59fe848dcc1d,diesel,new,1.919,
2026-09-13,772be93750d2:diesel,772be93750d2,diesel,new,1.905,
2026-09-13,41841cb23dbd:diesel,41841cb23dbd,diesel,new,1.859,
2026-09-13,2435de52a3ba:diesel,2435de52a3ba,diesel,new,1.859,
2026-09-13,67516854f59e:diesel,67516854f59e,diesel,new,1.867,
2026-09-13,bc3de85eae09:diesel,bc3de85eae09,diesel,new,1.869,
2026-09-13,14ab75b4aa66:diesel,14ab75b4aa66,diesel,new,1.884,
2026-09-13,2d1dc84554ad:diesel,2d1dc84554ad,diesel,new,1.884,
2026-09-13,a63d37840b3e:diesel,a63d37840b3e,diesel,new,1.907,
2026-09-13,f06cc2016c8b:diesel,f06cc2016c8b,diesel,new,1.907,
2026-09-13,0aefcb943b9f:diesel,0aefcb943b9f,diesel,new,1.908,
2026-09-13,f3cb3f8d3a20:diesel,f3cb3f8d3a20,diesel,new,1.908,
2026-09-13,daf0981942c3:diesel,daf0981942c3,diesel,new,1.859,
2026-09-13,32039ce18953:diesel,32039ce18953,diesel,new,1.919,
2026-09-13,1a16860d8e30:diesel,1a16860d8e30,diesel,new,1.938,
2026-09-13,ed2f040407db:diesel,ed2f040407db,diesel,new,1.885,
2026-09-13,4ac8836fa7fb:diesel,4ac8836fa7fb,diesel,new,1.889,
2026-09-13,e3a6cf9b7017:diesel,e3a6cf9b7017,diesel,new,1.909,
2026-09-13,77450002346a:diesel,77450002346a,diesel,new,1.885,
2026-09-13,01ce074bf8e9:diesel,01ce074bf8e9,diesel,new,1.949,
2026-09-13,0f0ceccc2b7e:diesel,0f0ceccc2b7e,diesel,new,1.919,
2026-09-13,2d7b1e4bf3fa:diesel,2d7b1e4bf3fa,diesel,new,1.859,
2026-09-13,9cf1024093d0:diesel,9cf1024093d0,diesel,new,1.919,
2026-09-13,d81649f97c28:diesel,d81649f97c28,diesel,new,1.929,
2026-09-13,4d8c91cbdf87:diesel,4d8c91cbdf87,diesel,new,1.859,
2026-09-13,d825945d0dc1:diesel,d825945d0dc1,diesel,new,1.903,
2026-09-13,08c3056f889a:diesel,08c3056f889a,diesel,new,1.905,
2026-09-13,5bbb1e8908dc:diesel,5bbb1e8908dc,diesel,new,1.909,
2026-09-13,04eb0dc6ce16:diesel,04eb0dc6ce16,diesel,new,1.920,
2026-09-13,5a578950625a:diesel,5a578950625a,diesel,new,1.909,
2026-09-13,6e239d2282b3:diesel,6e239d2282b3,diesel,new,1.859,
2026-09-13,0cd6f55cdb37:diesel,0cd6f55cdb37,diesel,new,1.859,
2026-09-13,09f80e0d2a27:diesel,09f80e0d2a27,diesel,new,1.859,
2026-09-13,73117467c0c8:diesel,73117467c0c8,diesel,new,1.869,
2026-09-13,97bbb156e70b:diesel,97bbb156e70b,diesel,new,1.879,
2026-09-13,30e807950de4:diesel,30e807950de4,diesel,new,1.879,
2026-09-13,123bfd0e9e3a:diesel,123bfd0e9e3a,diesel,new,1.889,
2026-09-13,3fdaa889148c:diesel,3fdaa889148c,diesel,new,1.890,
2026-09-13,ba65517bf3ed:diesel,ba65517bf3ed,diesel,new,1.905,
2026-09-13,cfe2df3cdc21:diesel,cfe2df3cdc21,diesel,new,1.919,
2026-09-13,bcb9accad3db:diesel,bcb9accad3db,diesel,new,1.919,
2026-09-13,119d69819e8d:diesel,119d69819e8d,diesel,new,1.919,
2026-09-13,792650a717af:diesel,792650a717af,diesel,new,1.905,
2026-09-13,40e8c72b6e83:diesel,40e8c72b6e83,diesel,new,1.929,
2026-09-13,aea2d6e66b8f:diesel,aea2d6e66b8f,diesel,new,1.889,
2026-09-13,0ec6995b7755:diesel,0ec6995b7755,diesel,new,1.859,
2026-09-13,77af34d3792b:diesel,77af34d3792b,diesel,new,1.859,
2026-09-13,1a10004ef1a9:diesel,1a10004ef1a9,diesel,new,1.859,
2026-09-13,64c1bca40276:diesel,64c1bca40276,diesel,new,1.859,
2026-09-13,1f9b60bded75:diesel,1f9b60bded75,diesel,new,1.859,
2026-09-13,d59f16d1ea1f:diesel,d59f16d1ea1f,diesel,new,1.869,
2026-09-13,da0b210a2136:diesel,da0b210a2136,diesel,new,1.879,
2026-09-13,3dc149493178:diesel,3dc149493178,diesel,new,1.879,
2026-09-13,dc18f4cb1ad3:diesel,dc18f4cb1ad3,diesel,new,1.890,
2026-09-13,b920f34d9678:diesel,b920f34d9678,diesel,new,1.899,
2026-09-13,2676e12059bc:diesel,2676e12059bc,diesel,new,1.899,
2026-09-13,99e322d6ea26:diesel,99e322d6ea26,diesel,new,1.899,
2026-09-13,6ca3bacda2ef:diesel,6ca3bacda2ef,diesel,new,1.899,
2026-09-13,42e035b752d8:diesel,42e035b752d8,diesel,new,1.909,
2026-09-13,43962c7fecd8:diesel,43962c7fecd8,diesel,new,1.909,
2026-09-13,458aa789203d:diesel,458aa789203d,diesel,new,1.909,
2026-09-13,0fa89e115816:diesel,0fa89e115816,diesel,new,1.909,
2026-09-13,e6d810278243:diesel,e6d810278243,diesel,new,1.909,
2026-09-13,a1cbb4c4a9c8:diesel,a1cbb4c4a9c8,diesel,new,1.909,
2026-09-13,293b8fa19bf7:diesel,293b8fa19bf7,diesel,new,1.909,
2026-09-13,4f835e812e0f:diesel,4f835e812e0f,diesel,new,1.909,
2026-09-13,8d38472ccb06:diesel,8d38472ccb06,diesel,new,1.909,
2026-09-13,cc747759de94:diesel,cc747759de94,diesel,new,1.909,
2026-09-13,187618635ba0:diesel,187618635ba0,diesel,new,1.909,
2026-09-13,5a78a7364d62:diesel,5a78a7364d62,diesel,new,1.909,
2026-09-13,0708c47ecb63:diesel,0708c47ecb63,diesel,new,1.909,
2026-09-13,42462b695ab2:diesel,42462b695ab2,diesel,new,1.909,
2026-09-13,0f4f50ae5f90:diesel,0f4f50ae5f90,diesel,new,1.919,
2026-09-13,61489bbd24f4:diesel,61489bbd24f4,diesel,new,1.939,
2026-09-13,7b3d6f74a132:diesel,7b3d6f74a132,diesel,new,1.885,
2026-09-13,507f1f44e378:diesel,507f1f44e378,diesel,new,1.885,
2026-09-13,a3c0cf5666e0:diesel,a3c0cf5666e0,diesel,new,1.885,
2026-09-13,f4d2b1d30ed4:diesel,f4d2b1d30ed4,diesel,new,1.885,
2026-09-13,d9f037ee2555:diesel,d9f037ee2555,diesel,new,1.885,
2026-09-13,b0e8f28941c2:diesel,b0e8f28941c2,diesel,new,1.885,
2026-09-13,5d55628ec03b:diesel,5d55628ec03b,diesel,new,1.885,
2026-09-13,bcfe91ea09aa:diesel,bcfe91ea09aa,diesel,new,1.903,
2026-09-13,8899ec50983b:diesel,8899ec50983b,diesel,new,1.879,
2026-09-13,b979b66dc2a8:diesel,b979b66dc2a8,diesel,new,1.879,
2026-09-13,69fd22d4956b:diesel,69fd22d4956b,diesel,new,1.909,
2026-09-13,7b205bef86bd:diesel,7b205bef86bd,diesel,new,1.869,
2026-09-13,ec323cfaf5f4:diesel,ec323cfaf5f4,diesel,new,1.935,
2026-09-13,24f260ef3191:diesel,24f260ef3191,diesel,new,1.959,
2026-09-13,91d7bee2fcf0:diesel,91d7bee2fcf0,diesel,new,1.848,
2026-09-13,5f6aecc094a5:diesel,5f6aecc094a5,diesel,new,1.868,
2026-09-13,9cbdb349d454:diesel,9cbdb349d454,diesel,new,1.909,
2026-09-13,ea232bbb0de1:diesel,ea232bbb0de1,diesel,new,1.929,
2026-09-13,5fd49366646f:diesel,5fd49366646f,diesel,new,1.909,
2026-09-13,5b6d76f60256:diesel,5b6d76f60256,diesel,new,1.859,
2026-09-13,dacff0faaefb:diesel,dacff0faaefb,diesel,new,1.859,
2026-09-13,79c9bc2be4e7:diesel,79c9bc2be4e7,diesel,new,1.859,
2026-09-13,3fef2e98f65b:diesel,3fef2e98f65b,diesel,new,1.909,
2026-09-13,896e4ee2aacd:diesel,896e4ee2aacd,diesel,new,1.919,
2026-09-13,2685729352b8:diesel,2685729352b8,diesel,new,1.909,
2026-09-13,4b3ea41ef444:diesel,4b3ea41ef444,diesel,new,1.908,
2026-09-13,b99043294256:diesel,b99043294256,diesel,new,1.919,
2026-09-13,b7ed85fcf4b7:diesel,b7ed85fcf4b7,diesel,new,1.908,
2026-09-13,9ba59175b8fa:diesel,9ba59175b8fa,diesel,new,1.909,
2026-09-13,82d0d5b8a85f:diesel,82d0d5b8a85f,diesel,new,1.919,
2026-09-13,7c3d4980155f:diesel,7c3d4980155f,diesel,new,1.908,
2026-09-13,e1c953e44df3:diesel,e1c953e44df3,diesel,new,1.959,
2026-09-13,5fc48382973b:diesel,5fc48382973b,diesel,new,1.907,
2026-09-13,29adfa02acca:diesel,29adfa02acca,diesel,new,1.890,
2026-09-13,49f291bb3d72:diesel,49f291bb3d72,diesel,new,1.909,
2026-09-13,a78f59d05bcd:diesel,a78f59d05bcd,diesel,new,1.869,
2026-09-13,a048b4d2bd64:diesel,a048b4d2bd64,diesel,new,1.943,
2026-09-13,1fe98156d14c:diesel,1fe98156d14c,diesel,new,1.943,
2026-09-13,bbe6fff4e9d1:diesel,bbe6fff4e9d1,diesel,new,1.905,
2026-09-13,bda8d48d501e:diesel,bda8d48d501e,diesel,new,1.909,
2026-09-13,cfd3fe33b227:diesel,cfd3fe33b227,diesel,new,1.909,
2026-09-13,1ef5b819726d:diesel,1ef5b819726d,diesel,new,1.909,
2026-09-13,018228a5741c:diesel,018228a5741c,diesel,new,1.908,
2026-09-13,50bbcc14271b:diesel,50bbcc14271b,diesel,new,1.929,
2026-09-13,96a9e00b5b6d:diesel,96a9e00b5b6d,diesel,new,1.859,
2026-09-13,3c3fdd29b8f7:diesel,3c3fdd29b8f7,diesel,new,1.859,
2026-09-13,c7f59703554a:diesel,c7f59703554a,diesel,new,1.907,
2026-09-13,178bce87f3a6:diesel,178bce87f3a6,diesel,new,1.907,
2026-09-13,d31ea5693826:diesel,d31ea5693826,diesel,new,1.907,
2026-09-13,ca9163f0f3f8:diesel,ca9163f0f3f8,diesel,new,1.908,
2026-09-13,ac585f0e2770:diesel,ac585f0e2770,diesel,new,1.917,
2026-09-13,b3875ccbca12:diesel,b3875ccbca12,diesel,new,1.908,
2026-09-13,233254a84b2d:diesel,233254a84b2d,diesel,new,1.929,
2026-09-13,e2fd268c172a:diesel,e2fd268c172a,diesel,new,1.909,
2026-09-13,cd323f4673d7:diesel,cd323f4673d7,diesel,new,1.909,
2026-09-13,c0e5c11d688d:diesel,c0e5c11d688d,diesel,new,1.909,
2026-09-13,d5197602e9cf:diesel,d5197602e9cf,diesel,new,1.919,
2026-09-13,3009230fcbc6:diesel,3009230fcbc6,diesel,new,1.898,
2026-09-13,7e13d23a29b2:diesel,7e13d23a29b2,diesel,new,1.929,
2026-09-13,d47ea3209c18:diesel,d47ea3209c18,diesel,new,1.909,
2026-09-13,288f16b2cde1:diesel,288f16b2cde1,diesel,new,1.899,
2026-09-13,89f3721e58ea:diesel,89f3721e58ea,diesel,new,1.909,
2026-09-13,73e26adc0d93:diesel,73e26adc0d93,diesel,new,1.929,
2026-09-13,e551eeff6720:diesel,e551eeff6720,diesel,new,1.919,
2026-09-13,3ede104e6d56:diesel,3ede104e6d56,diesel,new,1.908,
2026-09-13,d8f54ff2148b:diesel,d8f54ff2148b,diesel,new,1.909,
2026-09-13,d2ec9f5d093e:diesel,d2ec9f5d093e,diesel,new,1.919,
2026-09-13,873fd7d21413:diesel,873fd7d21413,diesel,new,1.909,
2026-09-13,5f1d9d44de4c:diesel,5f1d9d44de4c,diesel,new,1.869,
2026-09-13,4a09006139d2:diesel,4a09006139d2,diesel,new,1.869,
2026-09-13,b42e8375c701:diesel,b42e8375c701,diesel,new,1.905,
2026-09-13,7510589f4eaa:diesel,7510589f4eaa,diesel,new,1.907,
2026-09-13,23c7b3207f92:diesel,23c7b3207f92,diesel,new,1.907,
2026-09-13,e47bff9f4edc:diesel,e47bff9f4edc,diesel,new,1.907,
2026-09-13,dfc8523796a8:diesel,dfc8523796a8,diesel,new,1.907,
2026-09-13,89f704207e91:diesel,89f704207e91,diesel,new,1.908,
2026-09-13,39fd6925ae42:diesel,39fd6925ae42,diesel,new,1.909,
2026-09-13,72bd542a8c85:diesel,72bd542a8c85,diesel,new,1.917,
2026-09-13,36fb67511673:diesel,36fb67511673,diesel,new,1.919,
2026-09-13,4a79c5105aa9:diesel,4a79c5105aa9,diesel,new,1.859,
2026-09-13,dc99e1b517b2:diesel,dc99e1b517b2,diesel,new,1.899,
2026-09-13,9746fda18600:diesel,9746fda18600,diesel,new,1.909,
2026-09-13,4fd43e7e497c:diesel,4fd43e7e497c,diesel,new,1.909,
2026-09-13,567e7e2b96ac:diesel,567e7e2b96ac,diesel,new,1.909,
2026-09-13,f7018faecfa5:diesel,f7018faecfa5,diesel,new,1.909,
2026-09-13,e7bfeaa9c428:diesel,e7bfeaa9c428,diesel,new,1.909,
2026-09-13,74b8ac0b63cd:diesel,74b8ac0b63cd,diesel,new,1.909,
2026-09-13,503646d494d5:diesel,503646d494d5,diesel,new,1.909,
2026-09-13,3a0c41beebb7:diesel,3a0c41beebb7,diesel,new,1.909,
2026-09-13,f8ad88f2d98a:diesel,f8ad88f2d98a,diesel,new,1.909,
2026-09-13,9bd07aac27bc:diesel,9bd07aac27bc,diesel,new,1.909,
2026-09-13,25791d087864:diesel,25791d087864,diesel,new,1.909,
2026-09-13,b27d9f5af2b6:diesel,b27d9f5af2b6,diesel,new,1.929,
2026-09-13,d4092c9b4f08:diesel,d4092c9b4f08,diesel,new,1.895,
2026-09-13,e2988b40a3b9:diesel,e2988b40a3b9,diesel,new,1.858,
2026-09-13,1476a096e3ba:diesel,1476a096e3ba,diesel,new,1.895,
2026-09-13,ed726f0564b7:diesel,ed726f0564b7,diesel,new,1.909,
2026-09-13,93feddaea003:diesel,93feddaea003,diesel,new,1.929,
2026-09-13,00e8792b88ef:diesel,00e8792b88ef,diesel,new,1.909,
2026-09-13,72b865f82639:diesel,72b865f82639,diesel,new,1.989,
2026-09-13,69c2fb53eb4c:diesel,69c2fb53eb4c,diesel,new,1.920,
2026-09-13,cfec076bb164:diesel,cfec076bb164,diesel,new,1.938,
2026-09-13,be850363d55b:diesel,be850363d55b,diesel,new,1.919,
2026-09-13,f1dfb918aa44:diesel,f1dfb918aa44,diesel,new,1.919,
2026-09-13,7cb63eb7db4a:diesel,7cb63eb7db4a,diesel,new,1.907,
2026-09-13,9e6df553eab2:diesel,9e6df553eab2,diesel,new,1.919,
2026-09-13,a13338dc541d:diesel,a13338dc541d,diesel,new,1.919,
2026-09-13,5697a79e3714:diesel,5697a79e3714,diesel,new,1.919,
2026-09-13,ac1e40cae503:diesel,ac1e40cae503,diesel,new,1.919,
2026-09-13,5fdf8a375f2a:diesel,5fdf8a375f2a,diesel,new,1.909,
2026-09-13,46946a1f650f:diesel,46946a1f650f,diesel,new,1.909,
2026-09-13,f42c281a9496:diesel,f42c281a9496,diesel,new,1.939,
2026-09-13,bb62751b98a5:diesel,bb62751b98a5,diesel,new,1.897,
2026-09-13,285b1e3703eb:diesel,285b1e3703eb,diesel,new,1.907,
2026-09-13,ae7fb39a6ec9:diesel,ae7fb39a6ec9,diesel,new,1.908,
2026-09-13,f6f989575c60:diesel,f6f989575c60,diesel,new,1.924,
2026-09-13,3d365e518577:diesel,3d365e518577,diesel,new,1.909,
2026-09-13,55d0b50126da:diesel,55d0b50126da,diesel,new,1.879,
2026-09-13,de92271f6ac9:diesel,de92271f6ac9,diesel,new,1.909,
2026-09-13,73f4fd3d41f8:diesel,73f4fd3d41f8,diesel,new,1.919,
2026-09-13,dce42f6faf2a:diesel,dce42f6faf2a,diesel,new,1.909,
2026-09-13,a60171704519:diesel,a60171704519,diesel,new,1.839,
2026-09-13,91c473332d72:diesel,91c473332d72,diesel,new,1.919,
2026-09-13,117c3b6f97d9:diesel,117c3b6f97d9,diesel,new,1.909,
2026-09-13,0af9f8bfb4c1:diesel,0af9f8bfb4c1,diesel,new,1.887,
2026-09-13,66e87f05a350:diesel,66e87f05a350,diesel,new,1.887,
2026-09-13,fc394b0b3c0a:diesel,fc394b0b3c0a,diesel,new,1.899,
2026-09-13,7ea7211d094c:diesel,7ea7211d094c,diesel,new,1.909,
2026-09-13,c7e92648a250:diesel,c7e92648a250,diesel,new,1.919,
2026-09-13,44624b1025cd:diesel,44624b1025cd,diesel,new,1.919,
2026-09-13,ce1eb1eb6a71:diesel,ce1eb1eb6a71,diesel,new,1.919,
2026-09-13,b2f690bf5cb7:diesel,b2f690bf5cb7,diesel,new,1.889,
2026-09-13,4ca921929927:diesel,4ca921929927,diesel,new,1.909,
2026-09-13,d82e742710ef:diesel,d82e742710ef,diesel,new,1.859,
2026-09-13,565dd6821200:diesel,565dd6821200,diesel,new,1.887,
2026-09-13,b109dbc73edf:diesel,b109dbc73edf,diesel,new,1.897,
2026-09-13,66d305f4af2e:diesel,66d305f4af2e,diesel,new,1.909,
2026-09-13,462ee152ff3b:diesel,462ee152ff3b,diesel,new,1.909,
2026-09-13,71cfa14de08b:diesel,71cfa14de08b,diesel,new,1.909,
2026-09-13,b20e8e600357:diesel,b20e8e600357,diesel,new,1.909,
2026-09-13,0effbc30de91:diesel,0effbc30de91,diesel,new,1.909,
2026-09-13,624124474669:diesel,624124474669,diesel,new,1.909,
2026-09-13,17ee7f0dd4f0:diesel,17ee7f0dd4f0,diesel,new,1.909,
2026-09-13,8f76232b6d53:diesel,8f76232b6d53,diesel,new,1.904,
2026-09-13,fe4873a2e4a6:diesel,fe4873a2e4a6,diesel,new,1.905,
2026-09-13,e743dc2607b2:diesel,e743dc2607b2,diesel,new,1.919,
2026-09-13,69f804f17a32:diesel,69f804f17a32,diesel,new,1.919,
2026-09-13,84e85efa4053:diesel,84e85efa4053,diesel,new,1.929,
2026-09-13,c0388ce15031:diesel,c0388ce15031,diesel,new,1.949,
2026-09-13,f75770842fc7:diesel,f75770842fc7,diesel,new,1.909,
2026-09-13,47bdc6813569:diesel,47bdc6813569,diesel,new,1.909,
2026-09-13,e7be22647dd4:diesel,e7be22647dd4,diesel,new,1.919,
2026-09-13,6c1ec11817fc:diesel,6c1ec11817fc,diesel,new,1.919,
2026-09-13,a4ce4b453fac:diesel,a4ce4b453fac,diesel,new,1.909,
2026-09-13,adc2bba2a282:diesel,adc2bba2a282,diesel,new,1.879,
2026-09-13,dc094a637823:diesel,dc094a637823,diesel,new,1.825,
2026-09-13,cf9bb5bb02a6:diesel,cf9bb5bb02a6,diesel,new,1.829,
2026-09-13,8448a4c5531f:diesel,8448a4c5531f,diesel,new,1.869,
2026-09-13,0a9aabc9ae21:diesel,0a9aabc9ae21,diesel,new,1.898,
2026-09-13,f17f81a488ad:diesel,f17f81a488ad,diesel,new,1.898,
2026-09-13,3e638c4e5fc9:diesel,3e638c4e5fc9,diesel,new,1.914,
2026-09-13,acf6a1b651b0:diesel,acf6a1b651b0,diesel,new,1.839,
2026-09-13,25e9844b870d:diesel,25e9844b870d,diesel,new,1.919,
2026-09-13,d3095d05dc1e:diesel,d3095d05dc1e,diesel,new,1.909,
2026-09-13,03fef4e54d18:diesel,03fef4e54d18,diesel,new,1.919,
2026-09-13,04f7bb8cfb51:diesel,04f7bb8cfb51,diesel,new,1.924,
2026-09-13,0eb54c313653:diesel,0eb54c313653,diesel,new,1.924,
2026-09-13,39363f6470ee:diesel,39363f6470ee,diesel,new,1.931,
2026-09-13,71f50aee8649:diesel,71f50aee8649,diesel,new,1.929,
2026-09-13,54d562b7ab71:diesel,54d562b7ab71,diesel,new,1.929,
2026-09-13,2bb2812d2829:diesel,2bb2812d2829,diesel,new,1.917,
2026-09-13,b431bffa5187:diesel,b431bffa5187,diesel,new,1.925,
2026-09-13,d6e5e190801d:diesel,d6e5e190801d,diesel,new,1.925,
2026-09-13,2be80460e2e6:diesel,2be80460e2e6,diesel,new,1.929,
2026-09-13,e02b4792b83a:diesel,e02b4792b83a,diesel,new,1.929,
2026-09-13,74c4f4a42210:diesel,74c4f4a42210,diesel,new,1.939,
2026-09-13,0c0bfa6b6769:diesel,0c0bfa6b6769,diesel,new,1.937,
2026-09-13,b0bfb1dc3b5b:diesel,b0bfb1dc3b5b,diesel,new,1.909,
2026-09-13,15cf154d622b:diesel,15cf154d622b,diesel,new,1.939,
2026-09-13,ac84fe0ca4a9:diesel,ac84fe0ca4a9,diesel,new,1.928,
2026-09-13,996e90f70398:diesel,996e90f70398,diesel,new,1.939,
2026-09-13,02712f946c71:diesel,02712f946c71,diesel,new,1.969,
2026-09-13,fcc769f17c2b:diesel,fcc769f17c2b,diesel,new,1.938,
2026-09-13,83e2c7cccb9a:diesel,83e2c7cccb9a,diesel,new,1.919,
2026-09-13,0bc666d07f6e:diesel,0bc666d07f6e,diesel,new,1.919,
2026-09-13,87bc9a5f5af2:diesel,87bc9a5f5af2,diesel,new,1.919,
2026-09-13,1552d6c63ab2:diesel,1552d6c63ab2,diesel,new,1.919,
2026-09-13,64e46f2932df:diesel,64e46f2932df,diesel,new,1.919,
2026-09-13,b994933d2448:diesel,b994933d2448,diesel,new,1.919,
2026-09-13,34932a59bf86:diesel,34932a59bf86,diesel,new,1.928,
2026-09-13,f4ab2c452dea:diesel,f4ab2c452dea,diesel,new,1.928,
2026-09-13,0a5e60e91490:diesel,0a5e60e91490,diesel,new,1.928,
2026-09-13,a8a9b3e4e12f:diesel,a8a9b3e4e12f,diesel,new,1.928,
2026-09-13,f5945935bb49:diesel,f5945935bb49,diesel,new,1.929,
2026-09-13,122aa6b021d2:diesel,122aa6b021d2,diesel,new,1.929,
2026-09-13,b8ca587237dd:diesel,b8ca587237dd,diesel,new,1.905,
2026-09-13,aec251ff51dc:diesel,aec251ff51dc,diesel,new,1.925,
2026-09-13,7c12967369e5:diesel,7c12967369e5,diesel,new,1.949,
2026-09-13,70804ad4c6ed:diesel,70804ad4c6ed,diesel,new,1.939,
2026-09-13,70b0af332d9f:diesel,70b0af332d9f,diesel,new,1.905,
2026-09-13,f2f4e4925f53:diesel,f2f4e4925f53,diesel,new,1.909,
2026-09-13,c6158b4fcb5f:diesel,c6158b4fcb5f,diesel,new,1.928,
2026-09-13,0e4663dea41e:diesel,0e4663dea41e,diesel,new,1.939,
2026-09-13,1bae28692c95:diesel,1bae28692c95,diesel,new,1.919,
2026-09-13,d63746beb1b5:diesel,d63746beb1b5,diesel,new,1.947,
2026-09-13,e796a9d3d435:diesel,e796a9d3d435,diesel,new,1.938,
2026-09-13,6cbad4fb4f78:diesel,6cbad4fb4f78,diesel,new,1.907,
2026-09-13,0ed0b92e6d0c:diesel,0ed0b92e6d0c,diesel,new,1.907,
2026-09-13,216880e896f0:diesel,216880e896f0,diesel,new,1.908,
2026-09-13,48113cc9c12a:diesel,48113cc9c12a,diesel,new,1.909,
2026-09-13,4ae21a9b5efa:diesel,4ae21a9b5efa,diesel,new,1.909,
2026-09-13,6ce5fb3545fe:diesel,6ce5fb3545fe,diesel,new,1.919,
2026-09-13,e9cef6250b69:diesel,e9cef6250b69,diesel,new,1.919,
2026-09-13,a07b05ec2cfc:diesel,a07b05ec2cfc,diesel,new,1.919,
2026-09-13,efca9d48e28b:diesel,efca9d48e28b,diesel,new,1.919,
2026-09-13,8f64c72c7f44:diesel,8f64c72c7f44,diesel,new,1.919,
2026-09-13,65b480ad17ec:diesel,65b480ad17ec,diesel,new,1.894,
2026-09-13,84148c33cbb4:diesel,84148c33cbb4,diesel,new,1.908,
2026-09-13,c42afad7f35d:diesel,c42afad7f35d,diesel,new,1.908,
2026-09-13,cc2e49c3c04f:diesel,cc2e49c3c04f,diesel,new,1.894,
2026-09-13,743927ebc86a:diesel,743927ebc86a,diesel,new,1.905,
2026-09-13,92d17347e22a:diesel,92d17347e22a,diesel,new,1.909,
2026-09-13,366a0c1d06e2:diesel,366a0c1d06e2,diesel,new,1.919,
2026-09-13,320be8d683a2:diesel,320be8d683a2,diesel,new,1.915,
2026-09-13,5567cd093258:diesel,5567cd093258,diesel,new,1.909,
2026-09-13,50a8f4e8f043:diesel,50a8f4e8f043,diesel,new,1.909,
2026-09-13,364d076c3a94:diesel,364d076c3a94,diesel,new,1.908,
2026-09-13,ce3d19ee3c70:diesel,ce3d19ee3c70,diesel,new,1.909,
2026-09-13,9cfc7d5c5cf3:diesel,9cfc7d5c5cf3,diesel,new,1.909,
2026-09-13,f31b0c4ec3e6:diesel,f31b0c4ec3e6,diesel,new,1.907,
2026-09-13,4e416e4c8b88:diesel,4e416e4c8b88,diesel,new,1.919,
2026-09-13,ea9a4cf7c4b6:diesel,ea9a4cf7c4b6,diesel,new,1.909,
2026-09-13,b24c2084919b:diesel,b24c2084919b,diesel,new,1.908,
2026-09-13,1044095b4cde:heating_oil,1044095b4cde,heating_oil,new,1.539,
2026-09-13,1b148a05085c:heating_oil,1b148a05085c,heating_oil,new,1.499,
2026-09-13,73805dddf7aa:heating_oil,73805dddf7aa,heating_oil,new,1.540,
2026-09-13,01d291cc5e9f:heating_oil,01d291cc5e9f,heating_oil,new,1.500,
2026-09-13,428b07ccf758:heating_oil,428b07ccf758,heating_oil,new,1.529,
2026-09-13,54ff5ad55f16:heating_oil,54ff5ad55f16,heating_oil,new,1.569,
2026-09-13,5dd7d7a9710d:heating_oil,5dd7d7a9710d,heating_oil,new,1.499,
2026-09-13,ab868b4b332e:heating_oil,ab868b4b332e,heating_oil,new,1.528,
2026-09-13,b08cefca3ef4:heating_oil,b08cefca3ef4,heating_oil,new,1.583,
2026-09-13,8e414da9ad9e:heating_oil,8e414da9ad9e,heating_oil,new,1.569,
2026-09-13,59fe848dcc1d:heating_oil,59fe848dcc1d,heating_oil,new,1.529,
2026-09-13,772be93750d2:heating_oil,772be93750d2,heating_oil,new,1.538,
2026-09-13,14ab75b4aa66:heating_oil,14ab75b4aa66,heating_oil,new,1.539,
2026-09-13,67516854f59e:heating_oil,67516854f59e,heating_oil,new,1.539,
2026-09-13,2d1dc84554ad:heating_oil,2d1dc84554ad,heating_oil,new,1.539,
2026-09-13,f06cc2016c8b:heating_oil,f06cc2016c8b,heating_oil,new,1.539,
2026-09-13,41841cb23dbd:heating_oil,41841cb23dbd,heating_oil,new,1.539,
2026-09-13,f3cb3f8d3a20:heating_oil,f3cb3f8d3a20,heating_oil,new,1.539,
2026-09-13,0aefcb943b9f:heating_oil,0aefcb943b9f,heating_oil,new,1.539,
2026-09-13,a63d37840b3e:heating_oil,a63d37840b3e,heating_oil,new,1.539,
2026-09-13,2435de52a3ba:heating_oil,2435de52a3ba,heating_oil,new,1.539,
2026-09-13,daf0981942c3:heating_oil,daf0981942c3,heating_oil,new,1.528,
2026-09-13,32039ce18953:heating_oil,32039ce18953,heating_oil,new,1.529,
2026-09-13,1a16860d8e30:heating_oil,1a16860d8e30,heating_oil,new,1.583,
2026-09-13,ed2f040407db:heating_oil,ed2f040407db,heating_oil,new,1.487,
2026-09-13,e3a6cf9b7017:heating_oil,e3a6cf9b7017,heating_oil,new,1.529,
2026-09-13,4ac8836fa7fb:heating_oil,4ac8836fa7fb,heating_oil,new,1.529,
2026-09-13,77450002346a:heating_oil,77450002346a,heating_oil,new,1.499,
2026-09-13,01ce074bf8e9:heating_oil,01ce074bf8e9,heating_oil,new,1.559,
2026-09-13,0f0ceccc2b7e:heating_oil,0f0ceccc2b7e,heating_oil,new,1.560,
2026-09-13,2d7b1e4bf3fa:heating_oil,2d7b1e4bf3fa,heating_oil,new,1.489,
2026-09-13,9cf1024093d0:heating_oil,9cf1024093d0,heating_oil,new,1.499,
2026-09-13,d81649f97c28:heating_oil,d81649f97c28,heating_oil,new,1.569,
2026-09-13,4d8c91cbdf87:heating_oil,4d8c91cbdf87,heating_oil,new,1.489,
2026-09-13,d825945d0dc1:heating_oil,d825945d0dc1,heating_oil,new,1.524,
2026-09-13,5bbb1e8908dc:heating_oil,5bbb1e8908dc,heating_oil,new,1.529,
2026-09-13,04eb0dc6ce16:heating_oil,04eb0dc6ce16,heating_oil,new,1.560,
2026-09-13,30e807950de4:heating_oil,30e807950de4,heating_oil,new,1.528,
2026-09-13,ba65517bf3ed:heating_oil,ba65517bf3ed,heating_oil,new,1.538,
2026-09-13,bcb9accad3db:heating_oil,bcb9accad3db,heating_oil,new,1.559,
2026-09-13,cfe2df3cdc21:heating_oil,cfe2df3cdc21,heating_oil,new,1.559,
2026-09-13,73117467c0c8:heating_oil,73117467c0c8,heating_oil,new,1.559,
2026-09-13,0cd6f55cdb37:heating_oil,0cd6f55cdb37,heating_oil,new,1.559,
2026-09-13,09f80e0d2a27:heating_oil,09f80e0d2a27,heating_oil,new,1.559,
2026-09-13,3fdaa889148c:heating_oil,3fdaa889148c,heating_oil,new,1.559,
2026-09-13,119d69819e8d:heating_oil,119d69819e8d,heating_oil,new,1.559,
2026-09-13,6e239d2282b3:heating_oil,6e239d2282b3,heating_oil,new,1.559,
2026-09-13,123bfd0e9e3a:heating_oil,123bfd0e9e3a,heating_oil,new,1.559,
2026-09-13,97bbb156e70b:heating_oil,97bbb156e70b,heating_oil,new,1.559,
2026-09-13,792650a717af:heating_oil,792650a717af,heating_oil,new,1.498,
2026-09-13,40e8c72b6e83:heating_oil,40e8c72b6e83,heating_oil,new,1.549,
2026-09-13,aea2d6e66b8f:heating_oil,aea2d6e66b8f,heating_oil,new,1.529,
2026-09-13,0fa89e115816:heating_oil,0fa89e115816,heating_oil,new,1.528,
2026-09-13,43962c7fecd8:heating_oil,43962c7fecd8,heating_oil,new,1.528,
2026-09-13,458aa789203d:heating_oil,458aa789203d,heating_oil,new,1.528,
2026-09-13,0f4f50ae5f90:heating_oil,0f4f50ae5f90,heating_oil,new,1.528,
2026-09-13,42e035b752d8:heating_oil,42e035b752d8,heating_oil,new,1.528,
2026-09-13,0ec6995b7755:heating_oil,0ec6995b7755,heating_oil,new,1.528,
2026-09-13,293b8fa19bf7:heating_oil,293b8fa19bf7,heating_oil,new,1.528,
2026-09-13,4f835e812e0f:heating_oil,4f835e812e0f,heating_oil,new,1.528,
2026-09-13,a1cbb4c4a9c8:heating_oil,a1cbb4c4a9c8,heating_oil,new,1.528,
2026-09-13,8d38472ccb06:heating_oil,8d38472ccb06,heating_oil,new,1.528,
2026-09-13,99e322d6ea26:heating_oil,99e322d6ea26,heating_oil,new,1.528,
2026-09-13,cc747759de94:heating_oil,cc747759de94,heating_oil,new,1.528,
2026-09-13,6ca3bacda2ef:heating_oil,6ca3bacda2ef,heating_oil,new,1.528,
2026-09-13,e6d810278243:heating_oil,e6d810278243,heating_oil,new,1.528,
2026-09-13,dc18f4cb1ad3:heating_oil,dc18f4cb1ad3,heating_oil,new,1.528,
2026-09-13,1a10004ef1a9:heating_oil,1a10004ef1a9,heating_oil,new,1.528,
2026-09-13,0708c47ecb63:heating_oil,0708c47ecb63,heating_oil,new,1.528,
2026-09-13,64c1bca40276:heating_oil,64c1bca40276,heating_oil,new,1.528,
2026-09-13,b920f34d9678:heating_oil,b920f34d9678,heating_oil,new,1.528,
2026-09-13,5a78a7364d62:heating_oil,5a78a7364d62,heating_oil,new,1.528,
2026-09-13,187618635ba0:heating_oil,187618635ba0,heating_oil,new,1.528,
2026-09-13,3dc149493178:heating_oil,3dc149493178,heating_oil,new,1.528,
2026-09-13,1f9b60bded75:heating_oil,1f9b60bded75,heating_oil,new,1.528,
2026-09-13,da0b210a2136:heating_oil,da0b210a2136,heating_oil,new,1.528,
2026-09-13,77af34d3792b:heating_oil,77af34d3792b,heating_oil,new,1.528,
2026-09-13,d59f16d1ea1f:heating_oil,d59f16d1ea1f,heating_oil,new,1.528,
2026-09-13,2676e12059bc:heating_oil,2676e12059bc,heating_oil,new,1.528,
2026-09-13,42462b695ab2:heating_oil,42462b695ab2,heating_oil,new,1.528,
2026-09-13,61489bbd24f4:heating_oil,61489bbd24f4,heating_oil,new,1.559,
2026-09-13,f4d2b1d30ed4:heating_oil,f4d2b1d30ed4,heating_oil,new,1.524,
2026-09-13,bcfe91ea09aa:heating_oil,bcfe91ea09aa,heating_oil,new,1.524,
2026-09-13,a3c0cf5666e0:heating_oil,a3c0cf5666e0,heating_oil,new,1.524,
2026-09-13,507f1f44e378:heating_oil,507f1f44e378,heating_oil,new,1.524,
2026-09-13,5d55628ec03b:heating_oil,5d55628ec03b,heating_oil,new,1.524,
2026-09-13,d9f037ee2555:heating_oil,d9f037ee2555,heating_oil,new,1.524,
2026-09-13,7b3d6f74a132:heating_oil,7b3d6f74a132,heating_oil,new,1.524,
2026-09-13,b0e8f28941c2:heating_oil,b0e8f28941c2,heating_oil,new,1.524,
2026-09-13,8899ec50983b:heating_oil,8899ec50983b,heating_oil,new,1.529,
2026-09-13,b979b66dc2a8:heating_oil,b979b66dc2a8,heating_oil,new,1.519,
2026-09-13,69fd22d4956b:heating_oil,69fd22d4956b,heating_oil,new,1.529,
2026-09-13,7b205bef86bd:heating_oil,7b205bef86bd,heating_oil,new,1.529,
2026-09-13,ec323cfaf5f4:heating_oil,ec323cfaf5f4,heating_oil,new,1.569,
2026-09-13,24f260ef3191:heating_oil,24f260ef3191,heating_oil,new,1.599,
2026-09-13,91d7bee2fcf0:heating_oil,91d7bee2fcf0,heating_oil,new,1.509,
2026-09-13,5f6aecc094a5:heating_oil,5f6aecc094a5,heating_oil,new,1.530,
2026-09-13,9cbdb349d454:heating_oil,9cbdb349d454,heating_oil,new,1.539,
2026-09-13,ea232bbb0de1:heating_oil,ea232bbb0de1,heating_oil,new,1.400,
2026-09-13,5fd49366646f:heating_oil,5fd49366646f,heating_oil,new,1.529,
2026-09-13,5b6d76f60256:heating_oil,5b6d76f60256,heating_oil,new,1.528,
2026-09-13,dacff0faaefb:heating_oil,dacff0faaefb,heating_oil,new,1.495,
2026-09-13,79c9bc2be4e7:heating_oil,79c9bc2be4e7,heating_oil,new,1.495,
2026-09-13,3fef2e98f65b:heating_oil,3fef2e98f65b,heating_oil,new,1.529,
2026-09-13,896e4ee2aacd:heating_oil,896e4ee2aacd,heating_oil,new,1.559,
2026-09-13,2685729352b8:heating_oil,2685729352b8,heating_oil,new,1.529,
2026-09-13,4b3ea41ef444:heating_oil,4b3ea41ef444,heating_oil,new,1.499,
2026-09-13,b99043294256:heating_oil,b99043294256,heating_oil,new,1.538,
2026-09-13,b7ed85fcf4b7:heating_oil,b7ed85fcf4b7,heating_oil,new,1.529,
2026-09-13,9ba59175b8fa:heating_oil,9ba59175b8fa,heating_oil,new,1.529,
2026-09-13,82d0d5b8a85f:heating_oil,82d0d5b8a85f,heating_oil,new,1.539,
2026-09-13,7c3d4980155f:heating_oil,7c3d4980155f,heating_oil,new,1.527,
2026-09-13,e1c953e44df3:heating_oil,e1c953e44df3,heating_oil,new,1.599,
2026-09-13,5fc48382973b:heating_oil,5fc48382973b,heating_oil,new,1.525,
2026-09-13,29adfa02acca:heating_oil,29adfa02acca,heating_oil,new,1.538,
2026-09-13,49f291bb3d72:heating_oil,49f291bb3d72,heating_oil,new,1.539,
2026-09-13,a78f59d05bcd:heating_oil,a78f59d05bcd,heating_oil,new,1.528,
2026-09-13,a048b4d2bd64:heating_oil,a048b4d2bd64,heating_oil,new,1.573,
2026-09-13,1fe98156d14c:heating_oil,1fe98156d14c,heating_oil,new,1.573,
2026-09-13,bbe6fff4e9d1:heating_oil,bbe6fff4e9d1,heating_oil,new,1.525,
2026-09-13,bda8d48d501e:heating_oil,bda8d48d501e,heating_oil,new,1.529,
2026-09-13,cfd3fe33b227:heating_oil,cfd3fe33b227,heating_oil,new,1.529,
2026-09-13,1ef5b819726d:heating_oil,1ef5b819726d,heating_oil,new,1.529,
2026-09-13,018228a5741c:heating_oil,018228a5741c,heating_oil,new,1.498,
2026-09-13,50bbcc14271b:heating_oil,50bbcc14271b,heating_oil,new,1.570,
2026-09-13,178bce87f3a6:heating_oil,178bce87f3a6,heating_oil,new,1.539,
2026-09-13,ac585f0e2770:heating_oil,ac585f0e2770,heating_oil,new,1.539,
2026-09-13,c7f59703554a:heating_oil,c7f59703554a,heating_oil,new,1.539,
2026-09-13,ca9163f0f3f8:heating_oil,ca9163f0f3f8,heating_oil,new,1.539,
2026-09-13,b3875ccbca12:heating_oil,b3875ccbca12,heating_oil,new,1.528,
2026-09-13,233254a84b2d:heating_oil,233254a84b2d,heating_oil,new,1.529,
2026-09-13,cd323f4673d7:heating_oil,cd323f4673d7,heating_oil,new,1.489,
2026-09-13,c0e5c11d688d:heating_oil,c0e5c11d688d,heating_oil,new,1.529,
2026-09-13,d5197602e9cf:heating_oil,d5197602e9cf,heating_oil,new,1.559,
2026-09-13,3009230fcbc6:heating_oil,3009230fcbc6,heating_oil,new,1.518,
2026-09-13,7e13d23a29b2:heating_oil,7e13d23a29b2,heating_oil,new,1.549,
2026-09-13,d47ea3209c18:heating_oil,d47ea3209c18,heating_oil,new,1.519,
2026-09-13,288f16b2cde1:heating_oil,288f16b2cde1,heating_oil,new,1.529,
2026-09-13,89f3721e58ea:heating_oil,89f3721e58ea,heating_oil,new,1.529,
2026-09-13,73e26adc0d93:heating_oil,73e26adc0d93,heating_oil,new,1.594,
2026-09-13,e551eeff6720:heating_oil,e551eeff6720,heating_oil,new,1.539,
2026-09-13,3ede104e6d56:heating_oil,3ede104e6d56,heating_oil,new,1.539,
2026-09-13,873fd7d21413:heating_oil,873fd7d21413,heating_oil,new,1.618,
2026-09-13,4a09006139d2:heating_oil,4a09006139d2,heating_oil,new,1.509,
2026-09-13,5f1d9d44de4c:heating_oil,5f1d9d44de4c,heating_oil,new,1.509,
2026-09-13,89f704207e91:heating_oil,89f704207e91,heating_oil,new,1.528,
2026-09-13,23c7b3207f92:heating_oil,23c7b3207f92,heating_oil,new,1.534,
2026-09-13,7510589f4eaa:heating_oil,7510589f4eaa,heating_oil,new,1.534,
2026-09-13,dfc8523796a8:heating_oil,dfc8523796a8,heating_oil,new,1.534,
2026-09-13,e47bff9f4edc:heating_oil,e47bff9f4edc,heating_oil,new,1.534,
2026-09-13,b42e8375c701:heating_oil,b42e8375c701,heating_oil,new,1.539,
2026-09-13,72bd542a8c85:heating_oil,72bd542a8c85,heating_oil,new,1.539,
2026-09-13,36fb67511673:heating_oil,36fb67511673,heating_oil,new,1.549,
2026-09-13,dc99e1b517b2:heating_oil,dc99e1b517b2,heating_oil,new,1.528,
2026-09-13,f8ad88f2d98a:heating_oil,f8ad88f2d98a,heating_oil,new,1.528,
2026-09-13,3a0c41beebb7:heating_oil,3a0c41beebb7,heating_oil,new,1.528,
2026-09-13,4a79c5105aa9:heating_oil,4a79c5105aa9,heating_oil,new,1.528,
2026-09-13,9bd07aac27bc:heating_oil,9bd07aac27bc,heating_oil,new,1.528,
2026-09-13,25791d087864:heating_oil,25791d087864,heating_oil,new,1.528,
2026-09-13,e7bfeaa9c428:heating_oil,e7bfeaa9c428,heating_oil,new,1.528,
2026-09-13,503646d494d5:heating_oil,503646d494d5,heating_oil,new,1.528,
2026-09-13,74b8ac0b63cd:heating_oil,74b8ac0b63cd,heating_oil,new,1.528,
2026-09-13,f7018faecfa5:heating_oil,f7018faecfa5,heating_oil,new,1.528,
2026-09-13,4fd43e7e497c:heating_oil,4fd43e7e497c,heating_oil,new,1.528,
2026-09-13,567e7e2b96ac:heating_oil,567e7e2b96ac,heating_oil,new,1.528,
2026-09-13,9746fda18600:heating_oil,9746fda18600,heating_oil,new,1.528,
2026-09-13,b27d9f5af2b6:heating_oil,b27d9f5af2b6,heating_oil,new,1.549,
2026-09-13,d4092c9b4f08:heating_oil,d4092c9b4f08,heating_oil,new,1.395,
2026-09-13,e2988b40a3b9:heating_oil,e2988b40a3b9,heating_oil,new,1.504,
2026-09-13,1476a096e3ba:heating_oil,1476a096e3ba,heating_oil,new,1.523,
2026-09-13,ed726f0564b7:heating_oil,ed726f0564b7,heating_oil,new,1.529,
2026-09-13,00e8792b88ef:heating_oil,00e8792b88ef,heating_oil,new,1.529,
2026-09-13,72b865f82639:heating_oil,72b865f82639,heating_oil,new,1.655,
2026-09-13,69c2fb53eb4c:heating_oil,69c2fb53eb4c,heating_oil,new,1.567,
2026-09-13,cfec076bb164:heating_oil,cfec076bb164,heating_oil,new,1.525,
2026-09-13,be850363d55b:heating_oil,be850363d55b,heating_oil,new,1.569,
2026-09-13,f1dfb918aa44:heating_oil,f1dfb918aa44,heating_oil,new,1.538,
2026-09-13,7cb63eb7db4a:heating_oil,7cb63eb7db4a,heating_oil,new,1.527,
2026-09-13,9e6df553eab2:heating_oil,9e6df553eab2,heating_oil,new,1.539,
2026-09-13,a13338dc541d:heating_oil,a13338dc541d,heating_oil,new,1.559,
2026-09-13,5697a79e3714:heating_oil,5697a79e3714,heating_oil,new,1.559,
2026-09-13,ac1e40cae503:heating_oil,ac1e40cae503,heating_oil,new,1.559,
2026-09-13,5fdf8a375f2a:heating_oil,5fdf8a375f2a,heating_oil,new,1.529,
2026-09-13,46946a1f650f:heating_oil,46946a1f650f,heating_oil,new,1.540,
2026-09-13,f42c281a9496:heating_oil,f42c281a9496,heating_oil,new,1.599,
2026-09-13,bb62751b98a5:heating_oil,bb62751b98a5,heating_oil,new,1.539,
2026-09-13,285b1e3703eb:heating_oil,285b1e3703eb,heating_oil,new,1.539,
2026-09-13,ae7fb39a6ec9:heating_oil,ae7fb39a6ec9,heating_oil,new,1.527,
2026-09-13,f6f989575c60:heating_oil,f6f989575c60,heating_oil,new,1.568,
2026-09-13,3d365e518577:heating_oil,3d365e518577,heating_oil,new,1.485,
2026-09-13,55d0b50126da:heating_oil,55d0b50126da,heating_oil,new,1.489,
2026-09-13,de92271f6ac9:heating_oil,de92271f6ac9,heating_oil,new,1.390,
2026-09-13,73f4fd3d41f8:heating_oil,73f4fd3d41f8,heating_oil,new,1.562,
2026-09-13,dce42f6faf2a:heating_oil,dce42f6faf2a,heating_oil,new,1.580,
2026-09-13,a60171704519:heating_oil,a60171704519,heating_oil,new,1.489,
2026-09-13,91c473332d72:heating_oil,91c473332d72,heating_oil,new,1.559,
2026-09-13,117c3b6f97d9:heating_oil,117c3b6f97d9,heating_oil,new,1.529,
2026-09-13,0af9f8bfb4c1:heating_oil,0af9f8bfb4c1,heating_oil,new,1.550,
2026-09-13,66e87f05a350:heating_oil,66e87f05a350,heating_oil,new,1.559,
2026-09-13,c7e92648a250:heating_oil,c7e92648a250,heating_oil,new,1.559,
2026-09-13,44624b1025cd:heating_oil,44624b1025cd,heating_oil,new,1.559,
2026-09-13,fc394b0b3c0a:heating_oil,fc394b0b3c0a,heating_oil,new,1.559,
2026-09-13,7ea7211d094c:heating_oil,7ea7211d094c,heating_oil,new,1.559,
2026-09-13,b2f690bf5cb7:heating_oil,b2f690bf5cb7,heating_oil,new,1.498,
2026-09-13,4ca921929927:heating_oil,4ca921929927,heating_oil,new,1.539,
2026-09-13,66d305f4af2e:heating_oil,66d305f4af2e,heating_oil,new,1.528,
2026-09-13,565dd6821200:heating_oil,565dd6821200,heating_oil,new,1.528,
2026-09-13,71cfa14de08b:heating_oil,71cfa14de08b,heating_oil,new,1.528,
2026-09-13,b109dbc73edf:heating_oil,b109dbc73edf,heating_oil,new,1.528,
2026-09-13,462ee152ff3b:heating_oil,462ee152ff3b,heating_oil,new,1.528,
2026-09-13,b20e8e600357:heating_oil,b20e8e600357,heating_oil,new,1.528,
2026-09-13,0effbc30de91:heating_oil,0effbc30de91,heating_oil,new,1.528,
2026-09-13,624124474669:heating_oil,624124474669,heating_oil,new,1.528,
2026-09-13,17ee7f0dd4f0:heating_oil,17ee7f0dd4f0,heating_oil,new,1.528,
2026-09-13,d82e742710ef:heating_oil,d82e742710ef,heating_oil,new,1.528,
2026-09-13,8f76232b6d53:heating_oil,8f76232b6d53,heating_oil,new,1.523,
2026-09-13,fe4873a2e4a6:heating_oil,fe4873a2e4a6,heating_oil,new,1.499,
2026-09-13,e743dc2607b2:heating_oil,e743dc2607b2,heating_oil,new,1.595,
2026-09-13,69f804f17a32:heating_oil,69f804f17a32,heating_oil,new,1.559,
2026-09-13,84e85efa4053:heating_oil,84e85efa4053,heating_oil,new,1.619,
2026-09-13,c0388ce15031:heating_oil,c0388ce15031,heating_oil,new,1.589,
2026-09-13,f75770842fc7:heating_oil,f75770842fc7,heating_oil,new,1.589,
2026-09-13,47bdc6813569:heating_oil,47bdc6813569,heating_oil,new,1.529,
2026-09-13,e7be22647dd4:heating_oil,e7be22647dd4,heating_oil,new,1.559,
2026-09-13,6c1ec11817fc:heating_oil,6c1ec11817fc,heating_oil,new,1.570,
2026-09-13,a4ce4b453fac:heating_oil,a4ce4b453fac,heating_oil,new,1.529,
2026-09-13,adc2bba2a282:heating_oil,adc2bba2a282,heating_oil,new,1.529,
2026-09-13,dc094a637823:heating_oil,dc094a637823,heating_oil,new,1.485,
2026-09-13,cf9bb5bb02a6:heating_oil,cf9bb5bb02a6,heating_oil,new,1.489,
2026-09-13,0a9aabc9ae21:heating_oil,0a9aabc9ae21,heating_oil,new,1.489,
2026-09-13,f17f81a488ad:heating_oil,f17f81a488ad,heating_oil,new,1.489,
2026-09-13,8448a4c5531f:heating_oil,8448a4c5531f,heating_oil,new,1.529,
2026-09-13,3e638c4e5fc9:heating_oil,3e638c4e5fc9,heating_oil,new,1.537,
2026-09-13,acf6a1b651b0:heating_oil,acf6a1b651b0,heating_oil,new,1.559,
2026-09-13,25e9844b870d:heating_oil,25e9844b870d,heating_oil,new,1.599,
2026-09-13,d3095d05dc1e:heating_oil,d3095d05dc1e,heating_oil,new,1.529,
2026-09-13,03fef4e54d18:heating_oil,03fef4e54d18,heating_oil,new,1.559,
2026-09-13,04f7bb8cfb51:heating_oil,04f7bb8cfb51,heating_oil,new,1.639,
2026-09-13,0eb54c313653:heating_oil,0eb54c313653,heating_oil,new,1.639,
2026-09-13,39363f6470ee:heating_oil,39363f6470ee,heating_oil,new,1.613,
2026-09-13,71f50aee8649:heating_oil,71f50aee8649,heating_oil,new,1.549,
2026-09-13,54d562b7ab71:heating_oil,54d562b7ab71,heating_oil,new,1.568,
2026-09-13,b431bffa5187:heating_oil,b431bffa5187,heating_oil,new,1.539,
2026-09-13,2bb2812d2829:heating_oil,2bb2812d2829,heating_oil,new,1.539,
2026-09-13,2be80460e2e6:heating_oil,2be80460e2e6,heating_oil,new,1.546,
2026-09-13,e02b4792b83a:heating_oil,e02b4792b83a,heating_oil,new,1.530,
2026-09-13,74c4f4a42210:heating_oil,74c4f4a42210,heating_oil,new,1.593,
2026-09-13,0c0bfa6b6769:heating_oil,0c0bfa6b6769,heating_oil,new,1.549,
2026-09-13,b0bfb1dc3b5b:heating_oil,b0bfb1dc3b5b,heating_oil,new,1.539,
2026-09-13,15cf154d622b:heating_oil,15cf154d622b,heating_oil,new,1.569,
2026-09-13,ac84fe0ca4a9:heating_oil,ac84fe0ca4a9,heating_oil,new,1.540,
2026-09-13,996e90f70398:heating_oil,996e90f70398,heating_oil,new,1.593,
2026-09-13,02712f946c71:heating_oil,02712f946c71,heating_oil,new,1.569,
2026-09-13,fcc769f17c2b:heating_oil,fcc769f17c2b,heating_oil,new,1.598,
2026-09-13,1552d6c63ab2:heating_oil,1552d6c63ab2,heating_oil,new,1.559,
2026-09-13,64e46f2932df:heating_oil,64e46f2932df,heating_oil,new,1.559,
2026-09-13,87bc9a5f5af2:heating_oil,87bc9a5f5af2,heating_oil,new,1.559,
2026-09-13,0bc666d07f6e:heating_oil,0bc666d07f6e,heating_oil,new,1.559,
2026-09-13,83e2c7cccb9a:heating_oil,83e2c7cccb9a,heating_oil,new,1.559,
2026-09-13,b994933d2448:heating_oil,b994933d2448,heating_oil,new,1.547,
2026-09-13,34932a59bf86:heating_oil,34932a59bf86,heating_oil,new,1.547,
2026-09-13,a8a9b3e4e12f:heating_oil,a8a9b3e4e12f,heating_oil,new,1.547,
2026-09-13,f4ab2c452dea:heating_oil,f4ab2c452dea,heating_oil,new,1.547,
2026-09-13,0a5e60e91490:heating_oil,0a5e60e91490,heating_oil,new,1.547,
2026-09-13,f5945935bb49:heating_oil,f5945935bb49,heating_oil,new,1.548,
2026-09-13,122aa6b021d2:heating_oil,122aa6b021d2,heating_oil,new,1.549,
2026-09-13,aec251ff51dc:heating_oil,aec251ff51dc,heating_oil,new,1.526,
2026-09-13,b8ca587237dd:heating_oil,b8ca587237dd,heating_oil,new,1.536,
2026-09-13,7c12967369e5:heating_oil,7c12967369e5,heating_oil,new,1.579,
2026-09-13,70804ad4c6ed:heating_oil,70804ad4c6ed,heating_oil,new,1.549,
2026-09-13,f2f4e4925f53:heating_oil,f2f4e4925f53,heating_oil,new,1.529,
2026-09-13,c6158b4fcb5f:heating_oil,c6158b4fcb5f,heating_oil,new,1.547,
2026-09-13,0e4663dea41e:heating_oil,0e4663dea41e,heating_oil,new,1.549,
2026-09-13,1bae28692c95:heating_oil,1bae28692c95,heating_oil,new,1.539,
2026-09-13,d63746beb1b5:heating_oil,d63746beb1b5,heating_oil,new,1.577,
2026-09-13,e796a9d3d435:heating_oil,e796a9d3d435,heating_oil,new,1.559,
2026-09-13,0ed0b92e6d0c:heating_oil,0ed0b92e6d0c,heating_oil,new,1.539,
2026-09-13,216880e896f0:heating_oil,216880e896f0,heating_oil,new,1.539,
2026-09-13,6cbad4fb4f78:heating_oil,6cbad4fb4f78,heating_oil,new,1.539,
2026-09-13,48113cc9c12a:heating_oil,48113cc9c12a,heating_oil,new,1.525,
2026-09-13,8f64c72c7f44:heating_oil,8f64c72c7f44,heating_oil,new,1.559,
2026-09-13,4ae21a9b5efa:heating_oil,4ae21a9b5efa,heating_oil,new,1.559,
2026-09-13,efca9d48e28b:heating_oil,efca9d48e28b,heating_oil,new,1.559,
2026-09-13,6ce5fb3545fe:heating_oil,6ce5fb3545fe,heating_oil,new,1.559,
2026-09-13,e9cef6250b69:heating_oil,e9cef6250b69,heating_oil,new,1.559,
2026-09-13,a07b05ec2cfc:heating_oil,a07b05ec2cfc,heating_oil,new,1.559,
2026-09-13,c42afad7f35d:heating_oil,c42afad7f35d,heating_oil,new,1.528,
2026-09-13,65b480ad17ec:heating_oil,65b480ad17ec,heating_oil,new,1.528,
2026-09-13,84148c33cbb4:heating_oil,84148c33cbb4,heating_oil,new,1.528,
2026-09-13,cc2e49c3c04f:heating_oil,cc2e49c3c04f,heating_oil,new,1.495,
2026-09-13,743927ebc86a:heating_oil,743927ebc86a,heating_oil,new,1.525,
2026-09-13,92d17347e22a:heating_oil,92d17347e22a,heating_oil,new,1.529,
2026-09-13,366a0c1d06e2:heating_oil,366a0c1d06e2,heating_oil,new,1.558,
2026-09-13,320be8d683a2:heating_oil,320be8d683a2,heating_oil,new,1.549,
2026-09-13,5567cd093258:heating_oil,5567cd093258,heating_oil,new,1.528,
2026-09-13,50a8f4e8f043:heating_oil,50a8f4e8f043,heating_oil,new,1.528,
2026-09-13,364d076c3a94:heating_oil,364d076c3a94,heating_oil,new,1.529,
2026-09-13,9cfc7d5c5cf3:heating_oil,9cfc7d5c5cf3,heating_oil,new,1.529,
2026-09-13,f31b0c4ec3e6:heating_oil,f31b0c4ec3e6,heating_oil,new,1.559,
2026-09-13,4e416e4c8b88:heating_oil,4e416e4c8b88,heating_oil,new,1.584,
2026-09-13,ea9a4cf7c4b6:heating_oil,ea9a4cf7c4b6,heating_oil,new,1.549,
2026-09-13,b24c2084919b:heating_oil,b24c2084919b,heating_oil,new,1.527,
2026-09-13,1044095b4cde:kerosene,1044095b4cde,kerosene,new,1.439,
2026-09-13,1b148a05085c:kerosene,1b148a05085c,kerosene,new,1.410,
2026-09-13,73805dddf7aa:kerosene,73805dddf7aa,kerosene,new,1.440,
2026-09-13,01d291cc5e9f:kerosene,01d291cc5e9f,kerosene,new,1.420,
2026-09-13,428b07ccf758:kerosene,428b07ccf758,kerosene,new,1.439,
2026-09-13,54ff5ad55f16:kerosene,54ff5ad55f16,kerosene,new,1.479,
2026-09-13,5dd7d7a9710d:kerosene,5dd7d7a9710d,kerosene,new,1.429,
2026-09-13,ab868b4b332e:kerosene,ab868b4b332e,kerosene,new,1.438,
2026-09-13,8e414da9ad9e:kerosene,8e414da9ad9e,kerosene,new,1.459,
2026-09-13,59fe848dcc1d:kerosene,59fe848dcc1d,kerosene,new,1.439,
2026-09-13,772be93750d2:kerosene,772be93750d2,kerosene,new,1.460,
2026-09-13,14ab75b4aa66:kerosene,14ab75b4aa66,kerosene,new,1.439,
2026-09-13,67516854f59e:kerosene,67516854f59e,kerosene,new,1.439,
2026-09-13,f06cc2016c8b:kerosene,f06cc2016c8b,kerosene,new,1.439,
2026-09-13,41841cb23dbd:kerosene,41841cb23dbd,kerosene,new,1.439,
2026-09-13,a63d37840b3e:kerosene,a63d37840b3e,kerosene,new,1.439,
2026-09-13,0aefcb943b9f:kerosene,0aefcb943b9f,kerosene,new,1.439,
2026-09-13,daf0981942c3:kerosene,daf0981942c3,kerosene,new,1.435,
2026-09-13,32039ce18953:kerosene,32039ce18953,kerosene,new,1.439,
2026-09-13,ed2f040407db:kerosene,ed2f040407db,kerosene,new,1.368,
2026-09-13,e3a6cf9b7017:kerosene,e3a6cf9b7017,kerosene,new,1.439,
2026-09-13,4ac8836fa7fb:kerosene,4ac8836fa7fb,kerosene,new,1.439,
2026-09-13,77450002346a:kerosene,77450002346a,kerosene,new,1.389,
2026-09-13,01ce074bf8e9:kerosene,01ce074bf8e9,kerosene,new,1.469,
2026-09-13,0f0ceccc2b7e:kerosene,0f0ceccc2b7e,kerosene,new,1.490,
2026-09-13,2d7b1e4bf3fa:kerosene,2d7b1e4bf3fa,kerosene,new,1.399,
2026-09-13,9cf1024093d0:kerosene,9cf1024093d0,kerosene,new,1.398,
2026-09-13,d81649f97c28:kerosene,d81649f97c28,kerosene,new,1.479,
2026-09-13,4d8c91cbdf87:kerosene,4d8c91cbdf87,kerosene,new,1.399,
2026-09-13,d825945d0dc1:kerosene,d825945d0dc1,kerosene,new,1.434,
2026-09-13,5bbb1e8908dc:kerosene,5bbb1e8908dc,kerosene,new,1.439,
2026-09-13,04eb0dc6ce16:kerosene,04eb0dc6ce16,kerosene,new,1.490,
2026-09-13,30e807950de4:kerosene,30e807950de4,kerosene,new,1.435,
2026-09-13,3fdaa889148c:kerosene,3fdaa889148c,kerosene,new,1.489,
2026-09-13,09f80e0d2a27:kerosene,09f80e0d2a27,kerosene,new,1.489,
2026-09-13,bcb9accad3db:kerosene,bcb9accad3db,kerosene,new,1.489,
2026-09-13,cfe2df3cdc21:kerosene,cfe2df3cdc21,kerosene,new,1.489,
2026-09-13,0cd6f55cdb37:kerosene,0cd6f55cdb37,kerosene,new,1.489,
2026-09-13,ba65517bf3ed:kerosene,ba65517bf3ed,kerosene,new,1.489,
2026-09-13,73117467c0c8:kerosene,73117467c0c8,kerosene,new,1.489,
2026-09-13,119d69819e8d:kerosene,119d69819e8d,kerosene,new,1.489,
2026-09-13,123bfd0e9e3a:kerosene,123bfd0e9e3a,kerosene,new,1.489,
2026-09-13,6e239d2282b3:kerosene,6e239d2282b3,kerosene,new,1.489,
2026-09-13,97bbb156e70b:kerosene,97bbb156e70b,kerosene,new,1.489,
2026-09-13,792650a717af:kerosene,792650a717af,kerosene,new,1.349,
2026-09-13,40e8c72b6e83:kerosene,40e8c72b6e83,kerosene,new,1.459,
2026-09-13,aea2d6e66b8f:kerosene,aea2d6e66b8f,kerosene,new,1.439,
2026-09-13,0fa89e115816:kerosene,0fa89e115816,kerosene,new,1.435,
2026-09-13,43962c7fecd8:kerosene,43962c7fecd8,kerosene,new,1.435,
2026-09-13,458aa789203d:kerosene,458aa789203d,kerosene,new,1.435,
2026-09-13,99e322d6ea26:kerosene,99e322d6ea26,kerosene,new,1.435,
2026-09-13,0ec6995b7755:kerosene,0ec6995b7755,kerosene,new,1.435,
2026-09-13,0f4f50ae5f90:kerosene,0f4f50ae5f90,kerosene,new,1.435,
2026-09-13,dc18f4cb1ad3:kerosene,dc18f4cb1ad3,kerosene,new,1.435,
2026-09-13,1a10004ef1a9:kerosene,1a10004ef1a9,kerosene,new,1.435,
2026-09-13,293b8fa19bf7:kerosene,293b8fa19bf7,kerosene,new,1.435,
2026-09-13,4f835e812e0f:kerosene,4f835e812e0f,kerosene,new,1.435,
2026-09-13,a1cbb4c4a9c8:kerosene,a1cbb4c4a9c8,kerosene,new,1.435,
2026-09-13,8d38472ccb06:kerosene,8d38472ccb06,kerosene,new,1.435,
2026-09-13,cc747759de94:kerosene,cc747759de94,kerosene,new,1.435,
2026-09-13,6ca3bacda2ef:kerosene,6ca3bacda2ef,kerosene,new,1.435,
2026-09-13,e6d810278243:kerosene,e6d810278243,kerosene,new,1.435,
2026-09-13,42e035b752d8:kerosene,42e035b752d8,kerosene,new,1.435,
2026-09-13,5a78a7364d62:kerosene,5a78a7364d62,kerosene,new,1.435,
2026-09-13,187618635ba0:kerosene,187618635ba0,kerosene,new,1.435,
2026-09-13,3dc149493178:kerosene,3dc149493178,kerosene,new,1.435,
2026-09-13,1f9b60bded75:kerosene,1f9b60bded75,kerosene,new,1.435,
2026-09-13,d59f16d1ea1f:kerosene,d59f16d1ea1f,kerosene,new,1.435,
2026-09-13,2676e12059bc:kerosene,2676e12059bc,kerosene,new,1.435,
2026-09-13,42462b695ab2:kerosene,42462b695ab2,kerosene,new,1.435,
2026-09-13,64c1bca40276:kerosene,64c1bca40276,kerosene,new,1.435,
2026-09-13,0708c47ecb63:kerosene,0708c47ecb63,kerosene,new,1.435,
2026-09-13,b920f34d9678:kerosene,b920f34d9678,kerosene,new,1.435,
2026-09-13,da0b210a2136:kerosene,da0b210a2136,kerosene,new,1.435,
2026-09-13,77af34d3792b:kerosene,77af34d3792b,kerosene,new,1.435,
2026-09-13,61489bbd24f4:kerosene,61489bbd24f4,kerosene,new,1.469,
2026-09-13,b0e8f28941c2:kerosene,b0e8f28941c2,kerosene,new,1.433,
2026-09-13,5d55628ec03b:kerosene,5d55628ec03b,kerosene,new,1.433,
2026-09-13,d9f037ee2555:kerosene,d9f037ee2555,kerosene,new,1.433,
2026-09-13,bcfe91ea09aa:kerosene,bcfe91ea09aa,kerosene,new,1.433,
2026-09-13,507f1f44e378:kerosene,507f1f44e378,kerosene,new,1.433,
2026-09-13,7b3d6f74a132:kerosene,7b3d6f74a132,kerosene,new,1.433,
2026-09-13,f4d2b1d30ed4:kerosene,f4d2b1d30ed4,kerosene,new,1.433,
2026-09-13,a3c0cf5666e0:kerosene,a3c0cf5666e0,kerosene,new,1.433,
2026-09-13,8899ec50983b:kerosene,8899ec50983b,kerosene,new,1.439,
2026-09-13,b979b66dc2a8:kerosene,b979b66dc2a8,kerosene,new,1.439,
2026-09-13,69fd22d4956b:kerosene,69fd22d4956b,kerosene,new,1.439,
2026-09-13,7b205bef86bd:kerosene,7b205bef86bd,kerosene,new,1.438,
2026-09-13,ec323cfaf5f4:kerosene,ec323cfaf5f4,kerosene,new,1.459,
2026-09-13,24f260ef3191:kerosene,24f260ef3191,kerosene,new,1.550,
2026-09-13,91d7bee2fcf0:kerosene,91d7bee2fcf0,kerosene,new,1.450,
2026-09-13,5f6aecc094a5:kerosene,5f6aecc094a5,kerosene,new,1.441,
2026-09-13,ea232bbb0de1:kerosene,ea232bbb0de1,kerosene,new,1.400,
2026-09-13,5fd49366646f:kerosene,5fd49366646f,kerosene,new,1.439,
2026-09-13,5b6d76f60256:kerosene,5b6d76f60256,kerosene,new,1.435,
2026-09-13,79c9bc2be4e7:kerosene,79c9bc2be4e7,kerosene,new,1.395,
2026-09-13,dacff0faaefb:kerosene,dacff0faaefb,kerosene,new,1.395,
2026-09-13,896e4ee2aacd:kerosene,896e4ee2aacd,kerosene,new,1.489,
2026-09-13,2685729352b8:kerosene,2685729352b8,kerosene,new,1.399,
2026-09-13,4b3ea41ef444:kerosene,4b3ea41ef444,kerosene,new,1.399,
2026-09-13,b99043294256:kerosene,b99043294256,kerosene,new,1.446,
2026-09-13,b7ed85fcf4b7:kerosene,b7ed85fcf4b7,kerosene,new,1.439,
2026-09-13,9ba59175b8fa:kerosene,9ba59175b8fa,kerosene,new,1.439,
2026-09-13,82d0d5b8a85f:kerosene,82d0d5b8a85f,kerosene,new,1.439,
2026-09-13,7c3d4980155f:kerosene,7c3d4980155f,kerosene,new,1.435,
2026-09-13,e1c953e44df3:kerosene,e1c953e44df3,kerosene,new,1.499,
2026-09-13,5fc48382973b:kerosene,5fc48382973b,kerosene,new,1.355,
2026-09-13,29adfa02acca:kerosene,29adfa02acca,kerosene,new,1.445,
2026-09-13,a78f59d05bcd:kerosene,a78f59d05bcd,kerosene,new,1.436,
2026-09-13,a048b4d2bd64:kerosene,a048b4d2bd64,kerosene,new,1.573,
2026-09-13,1fe98156d14c:kerosene,1fe98156d14c,kerosene,new,1.573,
2026-09-13,bbe6fff4e9d1:kerosene,bbe6fff4e9d1,kerosene,new,1.435,
2026-09-13,cfd3fe33b227:kerosene,cfd3fe33b227,kerosene,new,1.439,
2026-09-13,1ef5b819726d:kerosene,1ef5b819726d,kerosene,new,1.399,
2026-09-13,018228a5741c:kerosene,018228a5741c,kerosene,new,1.408,
2026-09-13,50bbcc14271b:kerosene,50bbcc14271b,kerosene,new,1.470,
2026-09-13,178bce87f3a6:kerosene,178bce87f3a6,kerosene,new,1.439,
2026-09-13,233254a84b2d:kerosene,233254a84b2d,kerosene,new,1.438,
2026-09-13,cd323f4673d7:kerosene,cd323f4673d7,kerosene,new,1.409,
2026-09-13,c0e5c11d688d:kerosene,c0e5c11d688d,kerosene,new,1.438,
2026-09-13,d5197602e9cf:kerosene,d5197602e9cf,kerosene,new,1.490,
2026-09-13,3009230fcbc6:kerosene,3009230fcbc6,kerosene,new,1.428,
2026-09-13,7e13d23a29b2:kerosene,7e13d23a29b2,kerosene,new,1.499,
2026-09-13,d47ea3209c18:kerosene,d47ea3209c18,kerosene,new,1.439,
2026-09-13,288f16b2cde1:kerosene,288f16b2cde1,kerosene,new,1.439,
2026-09-13,89f3721e58ea:kerosene,89f3721e58ea,kerosene,new,1.439,
2026-09-13,73e26adc0d93:kerosene,73e26adc0d93,kerosene,new,1.643,
2026-09-13,e551eeff6720:kerosene,e551eeff6720,kerosene,new,1.439,
2026-09-13,3ede104e6d56:kerosene,3ede104e6d56,kerosene,new,1.398,
2026-09-13,d2ec9f5d093e:kerosene,d2ec9f5d093e,kerosene,new,1.525,
2026-09-13,873fd7d21413:kerosene,873fd7d21413,kerosene,new,1.525,
2026-09-13,5f1d9d44de4c:kerosene,5f1d9d44de4c,kerosene,new,1.439,
2026-09-13,4a09006139d2:kerosene,4a09006139d2,kerosene,new,1.439,
2026-09-13,dfc8523796a8:kerosene,dfc8523796a8,kerosene,new,1.464,
2026-09-13,e47bff9f4edc:kerosene,e47bff9f4edc,kerosene,new,1.464,
2026-09-13,7510589f4eaa:kerosene,7510589f4eaa,kerosene,new,1.464,
2026-09-13,b42e8375c701:kerosene,b42e8375c701,kerosene,new,1.469,
2026-09-13,72bd542a8c85:kerosene,72bd542a8c85,kerosene,new,1.469,
2026-09-13,36fb67511673:kerosene,36fb67511673,kerosene,new,1.469,
2026-09-13,89f704207e91:kerosene,89f704207e91,kerosene,new,1.489,
2026-09-13,9bd07aac27bc:kerosene,9bd07aac27bc,kerosene,new,1.435,
2026-09-13,25791d087864:kerosene,25791d087864,kerosene,new,1.435,
2026-09-13,dc99e1b517b2:kerosene,dc99e1b517b2,kerosene,new,1.435,
2026-09-13,f8ad88f2d98a:kerosene,f8ad88f2d98a,kerosene,new,1.435,
2026-09-13,3a0c41beebb7:kerosene,3a0c41beebb7,kerosene,new,1.435,
2026-09-13,4a79c5105aa9:kerosene,4a79c5105aa9,kerosene,new,1.435,
2026-09-13,503646d494d5:kerosene,503646d494d5,kerosene,new,1.435,
2026-09-13,74b8ac0b63cd:kerosene,74b8ac0b63cd,kerosene,new,1.435,
2026-09-13,e7bfeaa9c428:kerosene,e7bfeaa9c428,kerosene,new,1.435,
2026-09-13,f7018faecfa5:kerosene,f7018faecfa5,kerosene,new,1.435,
2026-09-13,9746fda18600:kerosene,9746fda18600,kerosene,new,1.435,
2026-09-13,567e7e2b96ac:kerosene,567e7e2b96ac,kerosene,new,1.435,
2026-09-13,4fd43e7e497c:kerosene,4fd43e7e497c,kerosene,new,1.435,
2026-09-13,b27d9f5af2b6:kerosene,b27d9f5af2b6,kerosene,new,1.469,
2026-09-13,d4092c9b4f08:kerosene,d4092c9b4f08,kerosene,new,1.363,
2026-09-13,e2988b40a3b9:kerosene,e2988b40a3b9,kerosene,new,1.428,
2026-09-13,1476a096e3ba:kerosene,1476a096e3ba,kerosene,new,1.428,
2026-09-13,ed726f0564b7:kerosene,ed726f0564b7,kerosene,new,1.439,
2026-09-13,00e8792b88ef:kerosene,00e8792b88ef,kerosene,new,1.439,
2026-09-13,72b865f82639:kerosene,72b865f82639,kerosene,new,1.424,
2026-09-13,69c2fb53eb4c:kerosene,69c2fb53eb4c,kerosene,new,1.497,
2026-09-13,cfec076bb164:kerosene,cfec076bb164,kerosene,new,1.515,
2026-09-13,be850363d55b:kerosene,be850363d55b,kerosene,new,1.489,
2026-09-13,7cb63eb7db4a:kerosene,7cb63eb7db4a,kerosene,new,1.438,
2026-09-13,a13338dc541d:kerosene,a13338dc541d,kerosene,new,1.490,
2026-09-13,5697a79e3714:kerosene,5697a79e3714,kerosene,new,1.448,
2026-09-13,ac1e40cae503:kerosene,ac1e40cae503,kerosene,new,1.489,
2026-09-13,5fdf8a375f2a:kerosene,5fdf8a375f2a,kerosene,new,1.439,
2026-09-13,46946a1f650f:kerosene,46946a1f650f,kerosene,new,1.450,
2026-09-13,f42c281a9496:kerosene,f42c281a9496,kerosene,new,1.489,
2026-09-13,285b1e3703eb:kerosene,285b1e3703eb,kerosene,new,1.439,
2026-09-13,bb62751b98a5:kerosene,bb62751b98a5,kerosene,new,1.439,
2026-09-13,ae7fb39a6ec9:kerosene,ae7fb39a6ec9,kerosene,new,1.435,
2026-09-13,f6f989575c60:kerosene,f6f989575c60,kerosene,new,1.499,
2026-09-13,3d365e518577:kerosene,3d365e518577,kerosene,new,1.329,
2026-09-13,55d0b50126da:kerosene,55d0b50126da,kerosene,new,1.399,
2026-09-13,de92271f6ac9:kerosene,de92271f6ac9,kerosene,new,1.295,
2026-09-13,73f4fd3d41f8:kerosene,73f4fd3d41f8,kerosene,new,1.489,
2026-09-13,dce42f6faf2a:kerosene,dce42f6faf2a,kerosene,new,1.222,
2026-09-13,a60171704519:kerosene,a60171704519,kerosene,new,1.399,
2026-09-13,91c473332d72:kerosene,91c473332d72,kerosene,new,1.489,
2026-09-13,117c3b6f97d9:kerosene,117c3b6f97d9,kerosene,new,1.439,
2026-09-13,0af9f8bfb4c1:kerosene,0af9f8bfb4c1,kerosene,new,1.480,
2026-09-13,44624b1025cd:kerosene,44624b1025cd,kerosene,new,1.489,
2026-09-13,fc394b0b3c0a:kerosene,fc394b0b3c0a,kerosene,new,1.489,
2026-09-13,66e87f05a350:kerosene,66e87f05a350,kerosene,new,1.489,
2026-09-13,c7e92648a250:kerosene,c7e92648a250,kerosene,new,1.489,
2026-09-13,7ea7211d094c:kerosene,7ea7211d094c,kerosene,new,1.489,
2026-09-13,b2f690bf5cb7:kerosene,b2f690bf5cb7,kerosene,new,1.397,
2026-09-13,4ca921929927:kerosene,4ca921929927,kerosene,new,1.460,
2026-09-13,66d305f4af2e:kerosene,66d305f4af2e,kerosene,new,1.435,
2026-09-13,b109dbc73edf:kerosene,b109dbc73edf,kerosene,new,1.435,
2026-09-13,565dd6821200:kerosene,565dd6821200,kerosene,new,1.435,
2026-09-13,71cfa14de08b:kerosene,71cfa14de08b,kerosene,new,1.435,
2026-09-13,462ee152ff3b:kerosene,462ee152ff3b,kerosene,new,1.435,
2026-09-13,17ee7f0dd4f0:kerosene,17ee7f0dd4f0,kerosene,new,1.435,
2026-09-13,d82e742710ef:kerosene,d82e742710ef,kerosene,new,1.435,
2026-09-13,0effbc30de91:kerosene,0effbc30de91,kerosene,new,1.435,
2026-09-13,624124474669:kerosene,624124474669,kerosene,new,1.435,
2026-09-13,b20e8e600357:kerosene,b20e8e600357,kerosene,new,1.435,
2026-09-13,8f76232b6d53:kerosene,8f76232b6d53,kerosene,new,1.397,
2026-09-13,fe4873a2e4a6:kerosene,fe4873a2e4a6,kerosene,new,1.435,
2026-09-13,e743dc2607b2:kerosene,e743dc2607b2,kerosene,new,1.525,
2026-09-13,69f804f17a32:kerosene,69f804f17a32,kerosene,new,1.489,
2026-09-13,84e85efa4053:kerosene,84e85efa4053,kerosene,new,1.529,
2026-09-13,c0388ce15031:kerosene,c0388ce15031,kerosene,new,1.574,
2026-09-13,47bdc6813569:kerosene,47bdc6813569,kerosene,new,1.462,
2026-09-13,e7be22647dd4:kerosene,e7be22647dd4,kerosene,new,1.489,
2026-09-13,6c1ec11817fc:kerosene,6c1ec11817fc,kerosene,new,1.431,
2026-09-13,a4ce4b453fac:kerosene,a4ce4b453fac,kerosene,new,1.439,
2026-09-13,adc2bba2a282:kerosene,adc2bba2a282,kerosene,new,1.439,
2026-09-13,f17f81a488ad:kerosene,f17f81a488ad,kerosene,new,1.399,
2026-09-13,cf9bb5bb02a6:kerosene,cf9bb5bb02a6,kerosene,new,1.419,
2026-09-13,3e638c4e5fc9:kerosene,3e638c4e5fc9,kerosene,new,1.329,
2026-09-13,acf6a1b651b0:kerosene,acf6a1b651b0,kerosene,new,1.489,
2026-09-13,25e9844b870d:kerosene,25e9844b870d,kerosene,new,1.499,
2026-09-13,d3095d05dc1e:kerosene,d3095d05dc1e,kerosene,new,1.439,
2026-09-13,03fef4e54d18:kerosene,03fef4e54d18,kerosene,new,1.489,
2026-09-13,04f7bb8cfb51:kerosene,04f7bb8cfb51,kerosene,new,1.539,
2026-09-13,0eb54c313653:kerosene,0eb54c313653,kerosene,new,1.539,
2026-09-13,71f50aee8649:kerosene,71f50aee8649,kerosene,new,1.459,
2026-09-13,54d562b7ab71:kerosene,54d562b7ab71,kerosene,new,1.447,
2026-09-13,2be80460e2e6:kerosene,2be80460e2e6,kerosene,new,1.459,
2026-09-13,74c4f4a42210:kerosene,74c4f4a42210,kerosene,new,1.299,
2026-09-13,0c0bfa6b6769:kerosene,0c0bfa6b6769,kerosene,new,1.469,
2026-09-13,b0bfb1dc3b5b:kerosene,b0bfb1dc3b5b,kerosene,new,1.439,
2026-09-13,15cf154d622b:kerosene,15cf154d622b,kerosene,new,1.489,
2026-09-13,ac84fe0ca4a9:kerosene,ac84fe0ca4a9,kerosene,new,1.440,
2026-09-13,996e90f70398:kerosene,996e90f70398,kerosene,new,1.510,
2026-09-13,02712f946c71:kerosene,02712f946c71,kerosene,new,1.399,
2026-09-13,fcc769f17c2b:kerosene,fcc769f17c2b,kerosene,new,1.500,
2026-09-13,1552d6c63ab2:kerosene,1552d6c63ab2,kerosene,new,1.489,
2026-09-13,64e46f2932df:kerosene,64e46f2932df,kerosene,new,1.489,
2026-09-13,83e2c7cccb9a:kerosene,83e2c7cccb9a,kerosene,new,1.489,
2026-09-13,0bc666d07f6e:kerosene,0bc666d07f6e,kerosene,new,1.489,
2026-09-13,b994933d2448:kerosene,b994933d2448,kerosene,new,1.455,
2026-09-13,34932a59bf86:kerosene,34932a59bf86,kerosene,new,1.455,
2026-09-13,a8a9b3e4e12f:kerosene,a8a9b3e4e12f,kerosene,new,1.455,
2026-09-13,f4ab2c452dea:kerosene,f4ab2c452dea,kerosene,new,1.455,
2026-09-13,0a5e60e91490:kerosene,0a5e60e91490,kerosene,new,1.455,
2026-09-13,f5945935bb49:kerosene,f5945935bb49,kerosene,new,1.455,
2026-09-13,122aa6b021d2:kerosene,122aa6b021d2,kerosene,new,1.455,
2026-09-13,b8ca587237dd:kerosene,b8ca587237dd,kerosene,new,1.438,
2026-09-13,aec251ff51dc:kerosene,aec251ff51dc,kerosene,new,1.506,
2026-09-13,7c12967369e5:kerosene,7c12967369e5,kerosene,new,1.489,
2026-09-13,70804ad4c6ed:kerosene,70804ad4c6ed,kerosene,new,1.469,
2026-09-13,f2f4e4925f53:kerosene,f2f4e4925f53,kerosene,new,1.416,
2026-09-13,c6158b4fcb5f:kerosene,c6158b4fcb5f,kerosene,new,1.455,
2026-09-13,0e4663dea41e:kerosene,0e4663dea41e,kerosene,new,1.459,
2026-09-13,1bae28692c95:kerosene,1bae28692c95,kerosene,new,1.439,
2026-09-13,d63746beb1b5:kerosene,d63746beb1b5,kerosene,new,1.487,
2026-09-13,e796a9d3d435:kerosene,e796a9d3d435,kerosene,new,1.469,
2026-09-13,0ed0b92e6d0c:kerosene,0ed0b92e6d0c,kerosene,new,1.439,
2026-09-13,6cbad4fb4f78:kerosene,6cbad4fb4f78,kerosene,new,1.439,
2026-09-13,48113cc9c12a:kerosene,48113cc9c12a,kerosene,new,1.435,
2026-09-13,4ae21a9b5efa:kerosene,4ae21a9b5efa,kerosene,new,1.489,
2026-09-13,6ce5fb3545fe:kerosene,6ce5fb3545fe,kerosene,new,1.489,
2026-09-13,e9cef6250b69:kerosene,e9cef6250b69,kerosene,new,1.489,
2026-09-13,a07b05ec2cfc:kerosene,a07b05ec2cfc,kerosene,new,1.489,
2026-09-13,8f64c72c7f44:kerosene,8f64c72c7f44,kerosene,new,1.489,
2026-09-13,efca9d48e28b:kerosene,efca9d48e28b,kerosene,new,1.489,
2026-09-13,c42afad7f35d:kerosene,c42afad7f35d,kerosene,new,1.435,
2026-09-13,65b480ad17ec:kerosene,65b480ad17ec,kerosene,new,1.435,
2026-09-13,84148c33cbb4:kerosene,84148c33cbb4,kerosene,new,1.435,
2026-09-13,743927ebc86a:kerosene,743927ebc86a,kerosene,new,1.395,
2026-09-13,cc2e49c3c04f:kerosene,cc2e49c3c04f,kerosene,new,1.395,
2026-09-13,92d17347e22a:kerosene,92d17347e22a,kerosene,new,1.399,
2026-09-13,366a0c1d06e2:kerosene,366a0c1d06e2,kerosene,new,1.439,
2026-09-13,320be8d683a2:kerosene,320be8d683a2,kerosene,new,1.430,
2026-09-13,5567cd093258:kerosene,5567cd093258,kerosene,new,1.435,
2026-09-13,50a8f4e8f043:kerosene,50a8f4e8f043,kerosene,new,1.435,
2026-09-13,364d076c3a94:kerosene,364d076c3a94,kerosene,new,1.439,
2026-09-13,9cfc7d5c5cf3:kerosene,9cfc7d5c5cf3,kerosene,new,1.439,
2026-09-13,f31b0c4ec3e6:kerosene,f31b0c4ec3e6,kerosene,new,1.489,
2026-09-13,4e416e4c8b88:kerosene,4e416e4c8b88,kerosene,new,1.507,
2026-09-13,ea9a4cf7c4b6:kerosene,ea9a4cf7c4b6,kerosene,new,1.549,
2026-09-13,b24c2084919b:kerosene,b24c2084919b,kerosene,new,1.435,
2026-09-14,01d291cc5e9f:unleaded95,01d291cc5e9f,unleaded95,change,1.615,1.599
2026-09-14,428b07ccf758:unleaded95,428b07ccf758,unleaded95,change,1.667,1.647
2026-09-14,54ff5ad55f16:unleaded95,54ff5ad55f16,unleaded95,change,1.699,1.689
2026-09-14,772be93750d2:unleaded95,772be93750d2,unleaded95,change,1.645,1.647
2026-09-14,32039ce18953:unleaded95,32039ce18953,unleaded95,change,1.637,1.617
2026-09-14,d825945d0dc1:unleaded95,d825945d0dc1,unleaded95,change,1.647,1.645
2026-09-14,5bbb1e8908dc:unleaded95,5bbb1e8908dc,unleaded95,change,1.667,1.647
2026-09-14,40e8c72b6e83:unleaded95,40e8c72b6e83,unleaded95,change,1.679,1.659
2026-09-14,bcfe91ea09aa:unleaded95,bcfe91ea09aa,unleaded95,change,1.647,1.645
2026-09-14,9ba59175b8fa:unleaded95,9ba59175b8fa,unleaded95,change,1.669,1.649
2026-09-14,bbe6fff4e9d1:unleaded95,bbe6fff4e9d1,unleaded95,change,1.662,1.642
2026-09-14,b3875ccbca12:unleaded95,b3875ccbca12,unleaded95,change,1.666,1.649
2026-09-14,e2fd268c172a:unleaded95,e2fd268c172a,unleaded95,change,1.669,1.649
2026-09-14,89f3721e58ea:unleaded95,89f3721e58ea,unleaded95,change,1.667,1.647
2026-09-14,b27d9f5af2b6:unleaded95,b27d9f5af2b6,unleaded95,change,1.687,1.667
2026-09-14,ed726f0564b7:unleaded95,ed726f0564b7,unleaded95,change,1.669,1.649
2026-09-14,5fdf8a375f2a:unleaded95,5fdf8a375f2a,unleaded95,change,1.667,1.647
2026-09-14,46946a1f650f:unleaded95,46946a1f650f,unleaded95,change,1.669,1.649
2026-09-14,3d365e518577:unleaded95,3d365e518577,unleaded95,change,1.667,1.646
2026-09-14,117c3b6f97d9:unleaded95,117c3b6f97d9,unleaded95,change,1.667,1.647
2026-09-14,adc2bba2a282:unleaded95,adc2bba2a282,unleaded95,change,1.639,1.619
2026-09-14,71f50aee8649:unleaded95,71f50aee8649,unleaded95,change,1.687,1.669
2026-09-14,70804ad4c6ed:unleaded95,70804ad4c6ed,unleaded95,change,1.699,1.677
2026-09-14,0e4663dea41e:unleaded95,0e4663dea41e,unleaded95,change,1.689,1.669
2026-09-14,e796a9d3d435:unleaded95,e796a9d3d435,unleaded95,change,1.698,1.678
2026-09-14,ea9a4cf7c4b6:unleaded95,ea9a4cf7c4b6,unleaded95,change,1.665,1.645
2026-09-14,1044095b4cde:unleaded98,1044095b4cde,unleaded98,change,1.707,1.697
2026-09-14,01d291cc5e9f:unleaded98,01d291cc5e9f,unleaded98,change,1.679,1.669
2026-09-14,428b07ccf758:unleaded98,428b07ccf758,unleaded98,change,1.707,1.697
2026-09-14,54ff5ad55f16:unleaded98,54ff5ad55f16,unleaded98,change,1.749,1.739
2026-09-14,772be93750d2:unleaded98,772be93750d2,unleaded98,change,1.675,1.754
2026-09-14,41841cb23dbd:unleaded98,41841cb23dbd,unleaded98,change,1.629,1.749
2026-09-14,67516854f59e:unleaded98,67516854f59e,unleaded98,change,1.629,1.749
2026-09-14,2435de52a3ba:unleaded98,2435de52a3ba,unleaded98,change,1.629,1.749
2026-09-14,bc3de85eae09:unleaded98,bc3de85eae09,unleaded98,change,1.639,1.759
2026-09-14,2d1dc84554ad:unleaded98,2d1dc84554ad,unleaded98,change,1.643,1.763
2026-09-14,14ab75b4aa66:unleaded98,14ab75b4aa66,unleaded98,change,1.645,1.765
2026-09-14,a63d37840b3e:unleaded98,a63d37840b3e,unleaded98,change,1.675,1.795
2026-09-14,f3cb3f8d3a20:unleaded98,f3cb3f8d3a20,unleaded98,change,1.675,1.795
2026-09-14,0aefcb943b9f:unleaded98,0aefcb943b9f,unleaded98,change,1.675,1.795
2026-09-14,f06cc2016c8b:unleaded98,f06cc2016c8b,unleaded98,change,1.675,1.795
2026-09-14,32039ce18953:unleaded98,32039ce18953,unleaded98,change,1.717,1.707
2026-09-14,d825945d0dc1:unleaded98,d825945d0dc1,unleaded98,change,1.685,1.683
2026-09-14,08c3056f889a:unleaded98,08c3056f889a,unleaded98,change,1.675,1.755
2026-09-14,5bbb1e8908dc:unleaded98,5bbb1e8908dc,unleaded98,change,1.707,1.697
2026-09-14,5a578950625a:unleaded98,5a578950625a,unleaded98,change,1.678,1.748
2026-09-14,ba65517bf3ed:unleaded98,ba65517bf3ed,unleaded98,change,1.683,1.689
2026-09-14,40e8c72b6e83:unleaded98,40e8c72b6e83,unleaded98,change,1.729,1.719
2026-09-14,bcfe91ea09aa:unleaded98,bcfe91ea09aa,unleaded98,change,1.685,1.683
2026-09-14,9cbdb349d454:unleaded98,9cbdb349d454,unleaded98,change,1.678,1.778
2026-09-14,3fef2e98f65b:unleaded98,3fef2e98f65b,unleaded98,change,1.675,1.775
2026-09-14,9ba59175b8fa:unleaded98,9ba59175b8fa,unleaded98,change,1.719,1.699
2026-09-14,5fc48382973b:unleaded98,5fc48382973b,unleaded98,change,1.675,1.795
2026-09-14,49f291bb3d72:unleaded98,49f291bb3d72,unleaded98,change,1.668,1.778
2026-09-14,bbe6fff4e9d1:unleaded98,bbe6fff4e9d1,unleaded98,change,1.702,1.692
2026-09-14,3c3fdd29b8f7:unleaded98,3c3fdd29b8f7,unleaded98,change,1.628,1.748
2026-09-14,96a9e00b5b6d:unleaded98,96a9e00b5b6d,unleaded98,change,1.629,1.749
2026-09-14,ca9163f0f3f8:unleaded98,ca9163f0f3f8,unleaded98,change,1.677,1.797
2026-09-14,c7f59703554a:unleaded98,c7f59703554a,unleaded98,change,1.677,1.797
2026-09-14,178bce87f3a6:unleaded98,178bce87f3a6,unleaded98,change,1.677,1.797
2026-09-14,d31ea5693826:unleaded98,d31ea5693826,unleaded98,change,1.677,1.797
2026-09-14,ac585f0e2770:unleaded98,ac585f0e2770,unleaded98,change,1.688,1.808
2026-09-14,b3875ccbca12:unleaded98,b3875ccbca12,unleaded98,change,1.706,1.697
2026-09-14,e2fd268c172a:unleaded98,e2fd268c172a,unleaded98,change,1.719,1.699
2026-09-14,7e13d23a29b2:unleaded98,7e13d23a29b2,unleaded98,change,1.678,1.868
2026-09-14,89f3721e58ea:unleaded98,89f3721e58ea,unleaded98,change,1.707,1.697
2026-09-14,3ede104e6d56:unleaded98,3ede104e6d56,unleaded98,change,1.678,1.758
2026-09-14,d8f54ff2148b:unleaded98,d8f54ff2148b,unleaded98,change,1.679,1.799
2026-09-14,b27d9f5af2b6:unleaded98,b27d9f5af2b6,unleaded98,change,1.727,1.719
2026-09-14,ed726f0564b7:unleaded98,ed726f0564b7,unleaded98,change,1.709,1.697
2026-09-14,be850363d55b:unleaded98,be850363d55b,unleaded98,change,1.699,1.789
2026-09-14,5fdf8a375f2a:unleaded98,5fdf8a375f2a,unleaded98,change,1.707,1.697
2026-09-14,46946a1f650f:unleaded98,46946a1f650f,unleaded98,change,1.709,1.699
2026-09-14,285b1e3703eb:unleaded98,285b1e3703eb,unleaded98,change,1.677,1.797
2026-09-14,bb62751b98a5:unleaded98,bb62751b98a5,unleaded98,change,1.677,1.797
2026-09-14,3d365e518577:unleaded98,3d365e518577,unleaded98,change,1.707,1.690
2026-09-14,117c3b6f97d9:unleaded98,117c3b6f97d9,unleaded98,change,1.707,1.697
2026-09-14,4ca921929927:unleaded98,4ca921929927,unleaded98,change,1.678,1.748
2026-09-14,f75770842fc7:unleaded98,f75770842fc7,unleaded98,change,1.678,1.808
2026-09-14,adc2bba2a282:unleaded98,adc2bba2a282,unleaded98,change,1.707,1.699
2026-09-14,dc094a637823:unleaded98,dc094a637823,unleaded98,change,1.655,1.735
2026-09-14,8448a4c5531f:unleaded98,8448a4c5531f,unleaded98,change,1.689,1.738
2026-09-14,cf9bb5bb02a6:unleaded98,cf9bb5bb02a6,unleaded98,change,1.689,1.738
2026-09-14,71f50aee8649:unleaded98,71f50aee8649,unleaded98,change,1.727,1.717
2026-09-14,d6e5e190801d:unleaded98,d6e5e190801d,unleaded98,change,1.693,1.813
2026-09-14,b431bffa5187:unleaded98,b431bffa5187,unleaded98,change,1.694,1.814
2026-09-14,2bb2812d2829:unleaded98,2bb2812d2829,unleaded98,change,1.695,1.815
2026-09-14,02712f946c71:unleaded98,02712f946c71,unleaded98,change,1.739,1.909
2026-09-14,70804ad4c6ed:unleaded98,70804ad4c6ed,unleaded98,change,1.737,1.729
2026-09-14,0e4663dea41e:unleaded98,0e4663dea41e,unleaded98,change,1.729,1.719
2026-09-14,e796a9d3d435:unleaded98,e796a9d3d435,unleaded98,change,1.738,1.728
2026-09-14,6cbad4fb4f78:unleaded98,6cbad4fb4f78,unleaded98,change,1.677,1.797
2026-09-14,0ed0b92e6d0c:unleaded98,0ed0b92e6d0c,unleaded98,change,1.677,1.797
2026-09-14,216880e896f0:unleaded98,216880e896f0,unleaded98,change,1.678,1.798
2026-09-14,ea9a4cf7c4b6:unleaded98,ea9a4cf7c4b6,unleaded98,change,1.707,1.697
2026-09-14,01d291cc5e9f:diesel,01d291cc5e9f,diesel,change,1.879,1.868
2026-09-14,428b07ccf758:diesel,428b07ccf758,diesel,change,1.929,1.909
2026-09-14,54ff5ad55f16:diesel,54ff5ad55f16,diesel,change,1.969,1.949
2026-09-14,772be93750d2:diesel,772be93750d2,diesel,change,1.903,1.905
2026-09-14,14ab75b4aa66:diesel,14ab75b4aa66,diesel,change,1.894,1.884
2026-09-14,32039ce18953:diesel,32039ce18953,diesel,change,1.939,1.919
2026-09-14,d825945d0dc1:diesel,d825945d0dc1,diesel,change,1.905,1.903
2026-09-14,5bbb1e8908dc:diesel,5bbb1e8908dc,diesel,change,1.929,1.909
2026-09-14,40e8c72b6e83:diesel,40e8c72b6e83,diesel,change,1.949,1.929
2026-09-14,bcfe91ea09aa:diesel,bcfe91ea09aa,diesel,change,1.905,1.903
2026-09-14,24f260ef3191:diesel,24f260ef3191,diesel,change,1.969,1.959
2026-09-14,91d7bee2fcf0:diesel,91d7bee2fcf0,diesel,change,1.859,1.848
2026-09-14,9ba59175b8fa:diesel,9ba59175b8fa,diesel,change,1.929,1.909
2026-09-14,5fc48382973b:diesel,5fc48382973b,diesel,change,1.917,1.907
2026-09-14,bbe6fff4e9d1:diesel,bbe6fff4e9d1,diesel,change,1.925,1.905
2026-09-14,96a9e00b5b6d:diesel,96a9e00b5b6d,diesel,change,1.869,1.859
2026-09-14,b3875ccbca12:diesel,b3875ccbca12,diesel,change,1.929,1.908
2026-09-14,e2fd268c172a:diesel,e2fd268c172a,diesel,change,1.929,1.909
2026-09-14,7e13d23a29b2:diesel,7e13d23a29b2,diesel,change,1.905,1.929
2026-09-14,89f3721e58ea:diesel,89f3721e58ea,diesel,change,1.929,1.909
2026-09-14,b27d9f5af2b6:diesel,b27d9f5af2b6,diesel,change,1.939,1.929
2026-09-14,ed726f0564b7:diesel,ed726f0564b7,diesel,change,1.929,1.909
2026-09-14,5fdf8a375f2a:diesel,5fdf8a375f2a,diesel,change,1.929,1.909
2026-09-14,46946a1f650f:diesel,46946a1f650f,diesel,change,1.929,1.909
2026-09-14,bb62751b98a5:diesel,bb62751b98a5,diesel,change,1.907,1.897
2026-09-14,3d365e518577:diesel,3d365e518577,diesel,change,1.929,1.909
2026-09-14,117c3b6f97d9:diesel,117c3b6f97d9,diesel,change,1.929,1.909
2026-09-14,adc2bba2a282:diesel,adc2bba2a282,diesel,change,1.899,1.879
2026-09-14,71f50aee8649:diesel,71f50aee8649,diesel,change,1.949,1.929
2026-09-14,2bb2812d2829:diesel,2bb2812d2829,diesel,change,1.925,1.917
2026-09-14,70804ad4c6ed:diesel,70804ad4c6ed,diesel,change,1.949,1.939
2026-09-14,0e4663dea41e:diesel,0e4663dea41e,diesel,change,1.949,1.939
2026-09-14,e796a9d3d435:diesel,e796a9d3d435,diesel,change,1.958,1.938
2026-09-14,ea9a4cf7c4b6:diesel,ea9a4cf7c4b6,diesel,change,1.925,1.909
2026-09-14,1044095b4cde:heating_oil,1044095b4cde,heating_oil,change,1.559,1.539
2026-09-14,01d291cc5e9f:heating_oil,01d291cc5e9f,heating_oil,change,1.550,1.500
2026-09-14,428b07ccf758:heating_oil,428b07ccf758,heating_oil,change,1.559,1.529
2026-09-14,54ff5ad55f16:heating_oil,54ff5ad55f16,heating_oil,change,1.599,1.569
2026-09-14,a63d37840b3e:heating_oil,a63d37840b3e,heating_oil,change,1.559,1.539
2026-09-14,2435de52a3ba:heating_oil,2435de52a3ba,heating_oil,change,1.559,1.539
2026-09-14,f3cb3f8d3a20:heating_oil,f3cb3f8d3a20,heating_oil,change,1.559,1.539
2026-09-14,0aefcb943b9f:heating_oil,0aefcb943b9f,heating_oil,change,1.559,1.539
2026-09-14,2d1dc84554ad:heating_oil,2d1dc84554ad,heating_oil,change,1.559,1.539
2026-09-14,67516854f59e:heating_oil,67516854f59e,heating_oil,change,1.559,1.539
2026-09-14,14ab75b4aa66:heating_oil,14ab75b4aa66,heating_oil,change,1.559,1.539
2026-09-14,f06cc2016c8b:heating_oil,f06cc2016c8b,heating_oil,change,1.559,1.539
2026-09-14,41841cb23dbd:heating_oil,41841cb23dbd,heating_oil,change,1.559,1.539
2026-09-14,32039ce18953:heating_oil,32039ce18953,heating_oil,change,1.559,1.529
2026-09-14,ed2f040407db:heating_oil,ed2f040407db,heating_oil,change,1.524,1.487
2026-09-14,77450002346a:heating_oil,77450002346a,heating_oil,change,1.524,1.499
2026-09-14,01ce074bf8e9:heating_oil,01ce074bf8e9,heating_oil,change,1.589,1.559
2026-09-14,5bbb1e8908dc:heating_oil,5bbb1e8908dc,heating_oil,change,1.559,1.529
2026-09-14,40e8c72b6e83:heating_oil,40e8c72b6e83,heating_oil,change,1.579,1.549
2026-09-14,9ba59175b8fa:heating_oil,9ba59175b8fa,heating_oil,change,1.559,1.529
2026-09-14,bbe6fff4e9d1:heating_oil,bbe6fff4e9d1,heating_oil,change,1.555,1.525
2026-09-14,ac585f0e2770:heating_oil,ac585f0e2770,heating_oil,change,1.559,1.539
2026-09-14,c7f59703554a:heating_oil,c7f59703554a,heating_oil,change,1.559,1.539
2026-09-14,ca9163f0f3f8:heating_oil,ca9163f0f3f8,heating_oil,change,1.559,1.539
2026-09-14,178bce87f3a6:heating_oil,178bce87f3a6,heating_oil,change,1.559,1.539
2026-09-14,b3875ccbca12:heating_oil,b3875ccbca12,heating_oil,change,1.558,1.528
2026-09-14,89f3721e58ea:heating_oil,89f3721e58ea,heating_oil,change,1.559,1.529
2026-09-14,b27d9f5af2b6:heating_oil,b27d9f5af2b6,heating_oil,change,1.569,1.549
2026-09-14,ed726f0564b7:heating_oil,ed726f0564b7,heating_oil,change,1.559,1.529
2026-09-14,5fdf8a375f2a:heating_oil,5fdf8a375f2a,heating_oil,change,1.559,1.529
2026-09-14,46946a1f650f:heating_oil,46946a1f650f,heating_oil,change,1.570,1.540
2026-09-14,285b1e3703eb:heating_oil,285b1e3703eb,heating_oil,change,1.559,1.539
2026-09-14,bb62751b98a5:heating_oil,bb62751b98a5,heating_oil,change,1.559,1.539
2026-09-14,3d365e518577:heating_oil,3d365e518577,heating_oil,change,1.559,1.485
2026-09-14,de92271f6ac9:heating_oil,de92271f6ac9,heating_oil,change,1.490,1.390
2026-09-14,117c3b6f97d9:heating_oil,117c3b6f97d9,heating_oil,change,1.559,1.529
2026-09-14,a4ce4b453fac:heating_oil,a4ce4b453fac,heating_oil,change,1.559,1.529
2026-09-14,71f50aee8649:heating_oil,71f50aee8649,heating_oil,change,1.579,1.549
2026-09-14,b431bffa5187:heating_oil,b431bffa5187,heating_oil,change,1.559,1.539
2026-09-14,2bb2812d2829:heating_oil,2bb2812d2829,heating_oil,change,1.559,1.539
2026-09-14,70804ad4c6ed:heating_oil,70804ad4c6ed,heating_oil,change,1.589,1.549
2026-09-14,0e4663dea41e:heating_oil,0e4663dea41e,heating_oil,change,1.589,1.549
2026-09-14,e796a9d3d435:heating_oil,e796a9d3d435,heating_oil,change,1.589,1.559
2026-09-14,6cbad4fb4f78:heating_oil,6cbad4fb4f78,heating_oil,change,1.559,1.539
2026-09-14,0ed0b92e6d0c:heating_oil,0ed0b92e6d0c,heating_oil,change,1.559,1.539
2026-09-14,216880e896f0:heating_oil,216880e896f0,heating_oil,change,1.559,1.539
2026-09-14,ea9a4cf7c4b6:heating_oil,ea9a4cf7c4b6,heating_oil,change,1.575,1.549
2026-09-14,1044095b4cde:kerosene,1044095b4cde,kerosene,change,1.489,1.439
2026-09-14,01d291cc5e9f:kerosene,01d291cc5e9f,kerosene,change,1.460,1.420
2026-09-14,428b07ccf758:kerosene,428b07ccf758,kerosene,change,1.469,1.439
2026-09-14,54ff5ad55f16:kerosene,54ff5ad55f16,kerosene,change,1.499,1.479
2026-09-14,a63d37840b3e:kerosene,a63d37840b3e,kerosene,change,1.469,1.439
2026-09-14,0aefcb943b9f:kerosene,0aefcb943b9f,kerosene,change,1.469,1.439
2026-09-14,67516854f59e:kerosene,67516854f59e,kerosene,change,1.469,1.439
2026-09-14,f06cc2016c8b:kerosene,f06cc2016c8b,kerosene,change,1.469,1.439
2026-09-14,41841cb23dbd:kerosene,41841cb23dbd,kerosene,change,1.469,1.439
2026-09-14,14ab75b4aa66:kerosene,14ab75b4aa66,kerosene,change,1.469,1.439
2026-09-14,32039ce18953:kerosene,32039ce18953,kerosene,change,1.469,1.439
2026-09-14,ed2f040407db:kerosene,ed2f040407db,kerosene,change,1.433,1.368
2026-09-14,77450002346a:kerosene,77450002346a,kerosene,change,1.433,1.389
2026-09-14,01ce074bf8e9:kerosene,01ce074bf8e9,kerosene,change,1.499,1.469
2026-09-14,5bbb1e8908dc:kerosene,5bbb1e8908dc,kerosene,change,1.469,1.439
2026-09-14,ba65517bf3ed:kerosene,ba65517bf3ed,kerosene,change,1.460,1.489
2026-09-14,40e8c72b6e83:kerosene,40e8c72b6e83,kerosene,change,1.489,1.459
2026-09-14,9ba59175b8fa:kerosene,9ba59175b8fa,kerosene,change,1.469,1.439
2026-09-14,bbe6fff4e9d1:kerosene,bbe6fff4e9d1,kerosene,change,1.495,1.435
2026-09-14,178bce87f3a6:kerosene,178bce87f3a6,kerosene,change,1.469,1.439
2026-09-14,89f3721e58ea:kerosene,89f3721e58ea,kerosene,change,1.469,1.439
2026-09-14,b27d9f5af2b6:kerosene,b27d9f5af2b6,kerosene,change,1.479,1.469
2026-09-14,ed726f0564b7:kerosene,ed726f0564b7,kerosene,change,1.469,1.439
2026-09-14,5fdf8a375f2a:kerosene,5fdf8a375f2a,kerosene,change,1.469,1.439
2026-09-14,46946a1f650f:kerosene,46946a1f650f,kerosene,change,1.480,1.450
2026-09-14,bb62751b98a5:kerosene,bb62751b98a5,kerosene,change,1.469,1.439
2026-09-14,285b1e3703eb:kerosene,285b1e3703eb,kerosene,change,1.469,1.439
2026-09-14,3d365e518577:kerosene,3d365e518577,kerosene,change,1.469,1.329
2026-09-14,de92271f6ac9:kerosene,de92271f6ac9,kerosene,change,1.395,1.295
2026-09-14,117c3b6f97d9:kerosene,117c3b6f97d9,kerosene,change,1.469,1.439
2026-09-14,a4ce4b453fac:kerosene,a4ce4b453fac,kerosene,change,1.469,1.439
2026-09-14,71f50aee8649:kerosene,71f50aee8649,kerosene,change,1.489,1.459
2026-09-14,0e4663dea41e:kerosene,0e4663dea41e,kerosene,change,1.489,1.459
2026-09-14,e796a9d3d435:kerosene,e796a9d3d435,kerosene,change,1.499,1.469
2026-09-14,0ed0b92e6d0c:kerosene,0ed0b92e6d0c,kerosene,change,1.469,1.439
2026-09-14,6cbad4fb4f78:kerosene,6cbad4fb4f78,kerosene,change,1.469,1.439
2026-09-14,0c0bfa6b6769:unleaded95,0c0bfa6b6769,unleaded95,change,1.689,1.677
2026-09-14,cfd3fe33b227:unleaded98,cfd3fe33b227,unleaded98,change,1.709,1.699
2026-09-14,0c0bfa6b6769:unleaded98,0c0bfa6b6769,unleaded98,change,1.739,1.727
2026-09-14,cfd3fe33b227:diesel,cfd3fe33b227,diesel,change,1.929,1.909
2026-09-14,0c0bfa6b6769:diesel,0c0bfa6b6769,diesel,change,1.949,1.937
2026-09-14,cfd3fe33b227:heating_oil,cfd3fe33b227,heating_oil,change,1.559,1.529
2026-09-14,792650a717af:kerosene,792650a717af,kerosene,change,1.439,1.349
2026-09-14,cfd3fe33b227:kerosene,cfd3fe33b227,kerosene,change,1.469,1.439
2026-09-15,73805dddf7aa:unleaded95,73805dddf7aa,unleaded95,change,1.665,1.645
2026-09-15,5dd7d7a9710d:unleaded95,5dd7d7a9710d,unleaded95,change,1.609,1.589
2026-09-15,59fe848dcc1d:unleaded95,59fe848dcc1d,unleaded95,change,1.637,1.617
2026-09-15,0f0ceccc2b7e:unleaded95,0f0ceccc2b7e,unleaded95,change,1.665,1.645
2026-09-15,d81649f97c28:unleaded95,d81649f97c28,unleaded95,change,1.689,1.669
2026-09-15,08c3056f889a:unleaded95,08c3056f889a,unleaded95,change,1.645,1.647
2026-09-15,5a578950625a:unleaded95,5a578950625a,unleaded95,change,1.667,1.648
2026-09-15,6e239d2282b3:unleaded95,6e239d2282b3,unleaded95,change,1.609,1.599
2026-09-15,0cd6f55cdb37:unleaded95,0cd6f55cdb37,unleaded95,change,1.609,1.589
2026-09-15,09f80e0d2a27:unleaded95,09f80e0d2a27,unleaded95,change,1.609,1.599
2026-09-15,73117467c0c8:unleaded95,73117467c0c8,unleaded95,change,1.619,1.609
2026-09-15,97bbb156e70b:unleaded95,97bbb156e70b,unleaded95,change,1.619,1.599
2026-09-15,123bfd0e9e3a:unleaded95,123bfd0e9e3a,unleaded95,change,1.639,1.619
2026-09-15,ba65517bf3ed:unleaded95,ba65517bf3ed,unleaded95,change,1.645,1.647
2026-09-15,bcb9accad3db:unleaded95,bcb9accad3db,unleaded95,change,1.669,1.649
2026-09-15,119d69819e8d:unleaded95,119d69819e8d,unleaded95,change,1.669,1.649
2026-09-15,792650a717af:unleaded95,792650a717af,unleaded95,change,1.669,1.649
2026-09-15,aea2d6e66b8f:unleaded95,aea2d6e66b8f,unleaded95,change,1.637,1.619
2026-09-15,b979b66dc2a8:unleaded95,b979b66dc2a8,unleaded95,change,1.637,1.617
2026-09-15,91d7bee2fcf0:unleaded95,91d7bee2fcf0,unleaded95,change,1.599,1.589
2026-09-15,5f6aecc094a5:unleaded95,5f6aecc094a5,unleaded95,change,1.616,1.596
2026-09-15,896e4ee2aacd:unleaded95,896e4ee2aacd,unleaded95,change,1.637,1.617
2026-09-15,b7ed85fcf4b7:unleaded95,b7ed85fcf4b7,unleaded95,change,1.658,1.638
2026-09-15,7c3d4980155f:unleaded95,7c3d4980155f,unleaded95,change,1.665,1.648
2026-09-15,e1c953e44df3:unleaded95,e1c953e44df3,unleaded95,change,1.699,1.689
2026-09-15,49f291bb3d72:unleaded95,49f291bb3d72,unleaded95,change,1.646,1.638
2026-09-15,cfd3fe33b227:unleaded95,cfd3fe33b227,unleaded95,change,1.637,1.627
2026-09-15,50bbcc14271b:unleaded95,50bbcc14271b,unleaded95,change,1.679,1.659
2026-09-15,233254a84b2d:unleaded95,233254a84b2d,unleaded95,change,1.679,1.669
2026-09-15,c0e5c11d688d:unleaded95,c0e5c11d688d,unleaded95,change,1.669,1.649
2026-09-15,d5197602e9cf:unleaded95,d5197602e9cf,unleaded95,change,1.669,1.649
2026-09-15,7e13d23a29b2:unleaded95,7e13d23a29b2,unleaded95,change,1.687,1.648
2026-09-15,288f16b2cde1:unleaded95,288f16b2cde1,unleaded95,change,1.647,1.627
2026-09-15,5f1d9d44de4c:unleaded95,5f1d9d44de4c,unleaded95,change,1.619,1.599
2026-09-15,4a09006139d2:unleaded95,4a09006139d2,unleaded95,change,1.619,1.599
2026-09-15,7510589f4eaa:unleaded95,7510589f4eaa,unleaded95,change,1.619,1.599
2026-09-15,72bd542a8c85:unleaded95,72bd542a8c85,unleaded95,change,1.658,1.649
2026-09-15,b42e8375c701:unleaded95,b42e8375c701,unleaded95,change,1.662,1.642
2026-09-15,89f704207e91:unleaded95,89f704207e91,unleaded95,change,1.666,1.649
2026-09-15,36fb67511673:unleaded95,36fb67511673,unleaded95,change,1.667,1.649
2026-09-15,00e8792b88ef:unleaded95,00e8792b88ef,unleaded95,change,1.667,1.647
2026-09-15,72b865f82639:unleaded95,72b865f82639,unleaded95,change,1.738,1.718
2026-09-15,69c2fb53eb4c:unleaded95,69c2fb53eb4c,unleaded95,change,1.669,1.649
2026-09-15,9e6df553eab2:unleaded95,9e6df553eab2,unleaded95,change,1.669,1.649
2026-09-15,a13338dc541d:unleaded95,a13338dc541d,unleaded95,change,1.669,1.649
2026-09-15,ac1e40cae503:unleaded95,ac1e40cae503,unleaded95,change,1.669,1.649
2026-09-15,f42c281a9496:unleaded95,f42c281a9496,unleaded95,change,1.699,1.679
2026-09-15,f6f989575c60:unleaded95,f6f989575c60,unleaded95,change,1.669,1.649
2026-09-15,91c473332d72:unleaded95,91c473332d72,unleaded95,change,1.669,1.649
2026-09-15,fc394b0b3c0a:unleaded95,fc394b0b3c0a,unleaded95,change,1.649,1.629
2026-09-15,44624b1025cd:unleaded95,44624b1025cd,unleaded95,change,1.669,1.649
2026-09-15,c7e92648a250:unleaded95,c7e92648a250,unleaded95,change,1.669,1.649
2026-09-15,ce1eb1eb6a71:unleaded95,ce1eb1eb6a71,unleaded95,change,1.669,1.649
2026-09-15,4ca921929927:unleaded95,4ca921929927,unleaded95,change,1.667,1.648
2026-09-15,fe4873a2e4a6:unleaded95,fe4873a2e4a6,unleaded95,change,1.649,1.639
2026-09-15,e743dc2607b2:unleaded95,e743dc2607b2,unleaded95,change,1.669,1.649
2026-09-15,69f804f17a32:unleaded95,69f804f17a32,unleaded95,change,1.669,1.649
2026-09-15,c0388ce15031:unleaded95,c0388ce15031,unleaded95,change,1.699,1.679
2026-09-15,f75770842fc7:unleaded95,f75770842fc7,unleaded95,change,1.667,1.648
2026-09-15,6c1ec11817fc:unleaded95,6c1ec11817fc,unleaded95,change,1.669,1.649
2026-09-15,a4ce4b453fac:unleaded95,a4ce4b453fac,unleaded95,change,1.667,1.647
2026-09-15,25e9844b870d:unleaded95,25e9844b870d,unleaded95,change,1.669,1.649
2026-09-15,03fef4e54d18:unleaded95,03fef4e54d18,unleaded95,change,1.669,1.649
2026-09-15,04f7bb8cfb51:unleaded95,04f7bb8cfb51,unleaded95,change,1.669,1.649
2026-09-15,54d562b7ab71:unleaded95,54d562b7ab71,unleaded95,change,1.678,1.667
2026-09-15,74c4f4a42210:unleaded95,74c4f4a42210,unleaded95,change,1.689,1.665
2026-09-15,0c0bfa6b6769:unleaded95,0c0bfa6b6769,unleaded95,change,1.699,1.689
2026-09-15,b0bfb1dc3b5b:unleaded95,b0bfb1dc3b5b,unleaded95,change,1.669,1.649
2026-09-15,ac84fe0ca4a9:unleaded95,ac84fe0ca4a9,unleaded95,change,1.686,1.668
2026-09-15,02712f946c71:unleaded95,02712f946c71,unleaded95,change,1.729,1.709
2026-09-15,fcc769f17c2b:unleaded95,fcc769f17c2b,unleaded95,change,1.688,1.668
2026-09-15,1552d6c63ab2:unleaded95,1552d6c63ab2,unleaded95,change,1.669,1.649
2026-09-15,0bc666d07f6e:unleaded95,0bc666d07f6e,unleaded95,change,1.669,1.649
2026-09-15,83e2c7cccb9a:unleaded95,83e2c7cccb9a,unleaded95,change,1.669,1.649
2026-09-15,b8ca587237dd:unleaded95,b8ca587237dd,unleaded95,change,1.666,1.646
2026-09-15,f2f4e4925f53:unleaded95,f2f4e4925f53,unleaded95,change,1.667,1.658
2026-09-15,c6158b4fcb5f:unleaded95,c6158b4fcb5f,unleaded95,change,1.679,1.669
2026-09-15,e9cef6250b69:unleaded95,e9cef6250b69,unleaded95,change,1.667,1.647
2026-09-15,a07b05ec2cfc:unleaded95,a07b05ec2cfc,unleaded95,change,1.669,1.649
2026-09-15,6ce5fb3545fe:unleaded95,6ce5fb3545fe,unleaded95,change,1.669,1.649
2026-09-15,efca9d48e28b:unleaded95,efca9d48e28b,unleaded95,change,1.669,1.649
2026-09-15,8f64c72c7f44:unleaded95,8f64c72c7f44,unleaded95,change,1.669,1.649
2026-09-15,4ae21a9b5efa:unleaded95,4ae21a9b5efa,unleaded95,change,1.669,1.649
2026-09-15,5567cd093258:unleaded95,5567cd093258,unleaded95,change,1.666,1.649
2026-09-15,50a8f4e8f043:unleaded95,50a8f4e8f043,unleaded95,change,1.666,1.649
2026-09-15,9cfc7d5c5cf3:unleaded95,9cfc7d5c5cf3,unleaded95,change,1.667,1.647
2026-09-15,4e416e4c8b88:unleaded95,4e416e4c8b88,unleaded95,change,1.669,1.649
2026-09-15,73805dddf7aa:unleaded98,73805dddf7aa,unleaded98,change,1.720,1.695
2026-09-15,5dd7d7a9710d:unleaded98,5dd7d7a9710d,unleaded98,change,1.649,1.629
2026-09-15,59fe848dcc1d:unleaded98,59fe848dcc1d,unleaded98,change,1.717,1.707
2026-09-15,772be93750d2:unleaded98,772be93750d2,unleaded98,change,1.745,1.675
2026-09-15,2435de52a3ba:unleaded98,2435de52a3ba,unleaded98,change,1.749,1.629
2026-09-15,41841cb23dbd:unleaded98,41841cb23dbd,unleaded98,change,1.749,1.629
2026-09-15,67516854f59e:unleaded98,67516854f59e,unleaded98,change,1.749,1.629
2026-09-15,bc3de85eae09:unleaded98,bc3de85eae09,unleaded98,change,1.759,1.639
2026-09-15,2d1dc84554ad:unleaded98,2d1dc84554ad,unleaded98,change,1.763,1.643
2026-09-15,14ab75b4aa66:unleaded98,14ab75b4aa66,unleaded98,change,1.765,1.645
2026-09-15,a63d37840b3e:unleaded98,a63d37840b3e,unleaded98,change,1.795,1.675
2026-09-15,f3cb3f8d3a20:unleaded98,f3cb3f8d3a20,unleaded98,change,1.795,1.675
2026-09-15,0aefcb943b9f:unleaded98,0aefcb943b9f,unleaded98,change,1.795,1.675
2026-09-15,0f0ceccc2b7e:unleaded98,0f0ceccc2b7e,unleaded98,change,1.710,1.690
2026-09-15,d81649f97c28:unleaded98,d81649f97c28,unleaded98,change,1.729,1.719
2026-09-15,08c3056f889a:unleaded98,08c3056f889a,unleaded98,change,1.755,1.675
2026-09-15,5a578950625a:unleaded98,5a578950625a,unleaded98,change,1.767,1.678
2026-09-15,0cd6f55cdb37:unleaded98,0cd6f55cdb37,unleaded98,change,1.649,1.629
2026-09-15,3fdaa889148c:unleaded98,3fdaa889148c,unleaded98,change,1.699,1.689
2026-09-15,119d69819e8d:unleaded98,119d69819e8d,unleaded98,change,1.709,1.689
2026-09-15,09f80e0d2a27:unleaded98,09f80e0d2a27,unleaded98,change,1.709,1.689
2026-09-15,bcb9accad3db:unleaded98,bcb9accad3db,unleaded98,change,1.709,1.689
2026-09-15,ba65517bf3ed:unleaded98,ba65517bf3ed,unleaded98,change,1.709,1.683
2026-09-15,73117467c0c8:unleaded98,73117467c0c8,unleaded98,change,1.709,1.689
2026-09-15,123bfd0e9e3a:unleaded98,123bfd0e9e3a,unleaded98,change,1.709,1.689
2026-09-15,6e239d2282b3:unleaded98,6e239d2282b3,unleaded98,change,1.709,1.689
2026-09-15,97bbb156e70b:unleaded98,97bbb156e70b,unleaded98,change,1.709,1.689
2026-09-15,792650a717af:unleaded98,792650a717af,unleaded98,change,1.719,1.699
2026-09-15,aea2d6e66b8f:unleaded98,aea2d6e66b8f,unleaded98,change,1.707,1.697
2026-09-15,b979b66dc2a8:unleaded98,b979b66dc2a8,unleaded98,change,1.677,1.667
2026-09-15,7b205bef86bd:unleaded98,7b205bef86bd,unleaded98,change,1.717,1.700
2026-09-15,5f6aecc094a5:unleaded98,5f6aecc094a5,unleaded98,change,1.689,1.669
2026-09-15,9cbdb349d454:unleaded98,9cbdb349d454,unleaded98,change,1.778,1.678
2026-09-15,3fef2e98f65b:unleaded98,3fef2e98f65b,unleaded98,change,1.775,1.675
2026-09-15,896e4ee2aacd:unleaded98,896e4ee2aacd,unleaded98,change,1.709,1.689
2026-09-15,b7ed85fcf4b7:unleaded98,b7ed85fcf4b7,unleaded98,change,1.707,1.697
2026-09-15,7c3d4980155f:unleaded98,7c3d4980155f,unleaded98,change,1.716,1.699
2026-09-15,5fc48382973b:unleaded98,5fc48382973b,unleaded98,change,1.795,1.675
2026-09-15,49f291bb3d72:unleaded98,49f291bb3d72,unleaded98,change,1.746,1.668
2026-09-15,50bbcc14271b:unleaded98,50bbcc14271b,unleaded98,change,1.719,1.699
2026-09-15,3c3fdd29b8f7:unleaded98,3c3fdd29b8f7,unleaded98,change,1.748,1.628
2026-09-15,96a9e00b5b6d:unleaded98,96a9e00b5b6d,unleaded98,change,1.749,1.629
2026-09-15,c7f59703554a:unleaded98,c7f59703554a,unleaded98,change,1.797,1.677
2026-09-15,ca9163f0f3f8:unleaded98,ca9163f0f3f8,unleaded98,change,1.797,1.677
2026-09-15,178bce87f3a6:unleaded98,178bce87f3a6,unleaded98,change,1.797,1.677
2026-09-15,d31ea5693826:unleaded98,d31ea5693826,unleaded98,change,1.797,1.677
2026-09-15,ac585f0e2770:unleaded98,ac585f0e2770,unleaded98,change,1.808,1.688
2026-09-15,233254a84b2d:unleaded98,233254a84b2d,unleaded98,change,1.739,1.729
2026-09-15,c0e5c11d688d:unleaded98,c0e5c11d688d,unleaded98,change,1.709,1.699
2026-09-15,d5197602e9cf:unleaded98,d5197602e9cf,unleaded98,change,1.728,1.698
2026-09-15,7e13d23a29b2:unleaded98,7e13d23a29b2,unleaded98,change,1.887,1.678
2026-09-15,288f16b2cde1:unleaded98,288f16b2cde1,unleaded98,change,1.707,1.697
2026-09-15,3ede104e6d56:unleaded98,3ede104e6d56,unleaded98,change,1.758,1.678
2026-09-15,d8f54ff2148b:unleaded98,d8f54ff2148b,unleaded98,change,1.799,1.679
2026-09-15,23c7b3207f92:unleaded98,23c7b3207f92,unleaded98,change,1.696,1.689
2026-09-15,dfc8523796a8:unleaded98,dfc8523796a8,unleaded98,change,1.696,1.689
2026-09-15,e47bff9f4edc:unleaded98,e47bff9f4edc,unleaded98,change,1.696,1.689
2026-09-15,7510589f4eaa:unleaded98,7510589f4eaa,unleaded98,change,1.697,1.687
2026-09-15,39fd6925ae42:unleaded98,39fd6925ae42,unleaded98,change,1.699,1.689
2026-09-15,b42e8375c701:unleaded98,b42e8375c701,unleaded98,change,1.702,1.689
2026-09-15,89f704207e91:unleaded98,89f704207e91,unleaded98,change,1.706,1.689
2026-09-15,36fb67511673:unleaded98,36fb67511673,unleaded98,change,1.709,1.689
2026-09-15,72bd542a8c85:unleaded98,72bd542a8c85,unleaded98,change,1.709,1.689
2026-09-15,00e8792b88ef:unleaded98,00e8792b88ef,unleaded98,change,1.707,1.697
2026-09-15,72b865f82639:unleaded98,72b865f82639,unleaded98,change,1.795,1.785
2026-09-15,69c2fb53eb4c:unleaded98,69c2fb53eb4c,unleaded98,change,1.722,1.695
2026-09-15,be850363d55b:unleaded98,be850363d55b,unleaded98,change,1.789,1.699
2026-09-15,7cb63eb7db4a:unleaded98,7cb63eb7db4a,unleaded98,change,1.706,1.696
2026-09-15,9e6df553eab2:unleaded98,9e6df553eab2,unleaded98,change,1.729,1.709
2026-09-15,a13338dc541d:unleaded98,a13338dc541d,unleaded98,change,1.709,1.689
2026-09-15,ac1e40cae503:unleaded98,ac1e40cae503,unleaded98,change,1.709,1.689
2026-09-15,f42c281a9496:unleaded98,f42c281a9496,unleaded98,change,1.755,1.735
2026-09-15,285b1e3703eb:unleaded98,285b1e3703eb,unleaded98,change,1.797,1.677
2026-09-15,bb62751b98a5:unleaded98,bb62751b98a5,unleaded98,change,1.797,1.677
2026-09-15,f6f989575c60:unleaded98,f6f989575c60,unleaded98,change,1.709,1.689
2026-09-15,a60171704519:unleaded98,a60171704519,unleaded98,change,1.698,1.689
2026-09-15,91c473332d72:unleaded98,91c473332d72,unleaded98,change,1.709,1.689
2026-09-15,fc394b0b3c0a:unleaded98,fc394b0b3c0a,unleaded98,change,1.689,1.669
2026-09-15,c7e92648a250:unleaded98,c7e92648a250,unleaded98,change,1.709,1.689
2026-09-15,44624b1025cd:unleaded98,44624b1025cd,unleaded98,change,1.709,1.689
2026-09-15,ce1eb1eb6a71:unleaded98,ce1eb1eb6a71,unleaded98,change,1.709,1.689
2026-09-15,4ca921929927:unleaded98,4ca921929927,unleaded98,change,1.767,1.678
2026-09-15,e743dc2607b2:unleaded98,e743dc2607b2,unleaded98,change,1.709,1.689
2026-09-15,69f804f17a32:unleaded98,69f804f17a32,unleaded98,change,1.709,1.689
2026-09-15,c0388ce15031:unleaded98,c0388ce15031,unleaded98,change,1.729,1.709
2026-09-15,f75770842fc7:unleaded98,f75770842fc7,unleaded98,change,1.827,1.678
2026-09-15,6c1ec11817fc:unleaded98,6c1ec11817fc,unleaded98,change,1.714,1.694
2026-09-15,a4ce4b453fac:unleaded98,a4ce4b453fac,unleaded98,change,1.707,1.697
2026-09-15,dc094a637823:unleaded98,dc094a637823,unleaded98,change,1.735,1.655
2026-09-15,cf9bb5bb02a6:unleaded98,cf9bb5bb02a6,unleaded98,change,1.738,1.689
2026-09-15,8448a4c5531f:unleaded98,8448a4c5531f,unleaded98,change,1.738,1.689
2026-09-15,03fef4e54d18:unleaded98,03fef4e54d18,unleaded98,change,1.709,1.689
2026-09-15,04f7bb8cfb51:unleaded98,04f7bb8cfb51,unleaded98,change,1.709,1.689
2026-09-15,d6e5e190801d:unleaded98,d6e5e190801d,unleaded98,change,1.813,1.693
2026-09-15,b431bffa5187:unleaded98,b431bffa5187,unleaded98,change,1.814,1.694
2026-09-15,2bb2812d2829:unleaded98,2bb2812d2829,unleaded98,change,1.815,1.695
2026-09-15,74c4f4a42210:unleaded98,74c4f4a42210,unleaded98,change,1.689,1.707
2026-09-15,b0bfb1dc3b5b:unleaded98,b0bfb1dc3b5b,unleaded98,change,1.719,1.689
2026-09-15,ac84fe0ca4a9:unleaded98,ac84fe0ca4a9,unleaded98,change,1.726,1.709
2026-09-15,02712f946c71:unleaded98,02712f946c71,unleaded98,change,1.929,1.739
2026-09-15,fcc769f17c2b:unleaded98,fcc769f17c2b,unleaded98,change,1.708,1.688
2026-09-15,87bc9a5f5af2:unleaded98,87bc9a5f5af2,unleaded98,change,1.709,1.689
2026-09-15,0bc666d07f6e:unleaded98,0bc666d07f6e,unleaded98,change,1.709,1.689
2026-09-15,83e2c7cccb9a:unleaded98,83e2c7cccb9a,unleaded98,change,1.709,1.689
2026-09-15,1552d6c63ab2:unleaded98,1552d6c63ab2,unleaded98,change,1.709,1.689
2026-09-15,64e46f2932df:unleaded98,64e46f2932df,unleaded98,change,1.709,1.689
2026-09-15,b8ca587237dd:unleaded98,b8ca587237dd,unleaded98,change,1.713,1.693
2026-09-15,c6158b4fcb5f:unleaded98,c6158b4fcb5f,unleaded98,change,1.729,1.719
2026-09-15,6cbad4fb4f78:unleaded98,6cbad4fb4f78,unleaded98,change,1.797,1.677
2026-09-15,216880e896f0:unleaded98,216880e896f0,unleaded98,change,1.798,1.678
2026-09-15,4ae21a9b5efa:unleaded98,4ae21a9b5efa,unleaded98,change,1.709,1.689
2026-09-15,8f64c72c7f44:unleaded98,8f64c72c7f44,unleaded98,change,1.709,1.689
2026-09-15,efca9d48e28b:unleaded98,efca9d48e28b,unleaded98,change,1.709,1.689
2026-09-15,6ce5fb3545fe:unleaded98,6ce5fb3545fe,unleaded98,change,1.709,1.689
2026-09-15,e9cef6250b69:unleaded98,e9cef6250b69,unleaded98,change,1.709,1.689
2026-09-15,a07b05ec2cfc:unleaded98,a07b05ec2cfc,unleaded98,change,1.709,1.689
2026-09-15,5567cd093258:unleaded98,5567cd093258,unleaded98,change,1.717,1.699
2026-09-15,50a8f4e8f043:unleaded98,50a8f4e8f043,unleaded98,change,1.717,1.699
2026-09-15,9cfc7d5c5cf3:unleaded98,9cfc7d5c5cf3,unleaded98,change,1.707,1.697
2026-09-15,f31b0c4ec3e6:unleaded98,f31b0c4ec3e6,unleaded98,change,1.709,1.689
2026-09-15,4e416e4c8b88:unleaded98,4e416e4c8b88,unleaded98,change,1.719,1.699
2026-09-15,73805dddf7aa:diesel,73805dddf7aa,diesel,change,1.931,1.909
2026-09-15,5dd7d7a9710d:diesel,5dd7d7a9710d,diesel,change,1.871,1.859
2026-09-15,59fe848dcc1d:diesel,59fe848dcc1d,diesel,change,1.939,1.919
2026-09-15,0f0ceccc2b7e:diesel,0f0ceccc2b7e,diesel,change,1.931,1.919
2026-09-15,d81649f97c28:diesel,d81649f97c28,diesel,change,1.949,1.929
2026-09-15,08c3056f889a:diesel,08c3056f889a,diesel,change,1.903,1.905
2026-09-15,5a578950625a:diesel,5a578950625a,diesel,change,1.929,1.909
2026-09-15,6e239d2282b3:diesel,6e239d2282b3,diesel,change,1.871,1.859
2026-09-15,0cd6f55cdb37:diesel,0cd6f55cdb37,diesel,change,1.871,1.859
2026-09-15,09f80e0d2a27:diesel,09f80e0d2a27,diesel,change,1.871,1.859
2026-09-15,73117467c0c8:diesel,73117467c0c8,diesel,change,1.881,1.869
2026-09-15,97bbb156e70b:diesel,97bbb156e70b,diesel,change,1.891,1.879
2026-09-15,123bfd0e9e3a:diesel,123bfd0e9e3a,diesel,change,1.901,1.889
2026-09-15,ba65517bf3ed:diesel,ba65517bf3ed,diesel,change,1.903,1.905
2026-09-15,3fdaa889148c:diesel,3fdaa889148c,diesel,change,1.909,1.890
2026-09-15,bcb9accad3db:diesel,bcb9accad3db,diesel,change,1.931,1.919
2026-09-15,119d69819e8d:diesel,119d69819e8d,diesel,change,1.931,1.919
2026-09-15,792650a717af:diesel,792650a717af,diesel,change,1.929,1.905
2026-09-15,aea2d6e66b8f:diesel,aea2d6e66b8f,diesel,change,1.899,1.889
2026-09-15,b979b66dc2a8:diesel,b979b66dc2a8,diesel,change,1.899,1.879
2026-09-15,5f6aecc094a5:diesel,5f6aecc094a5,diesel,change,1.878,1.868
2026-09-15,896e4ee2aacd:diesel,896e4ee2aacd,diesel,change,1.931,1.919
2026-09-15,b7ed85fcf4b7:diesel,b7ed85fcf4b7,diesel,change,1.928,1.908
2026-09-15,7c3d4980155f:diesel,7c3d4980155f,diesel,change,1.928,1.908
2026-09-15,e1c953e44df3:diesel,e1c953e44df3,diesel,change,1.969,1.959
2026-09-15,29adfa02acca:diesel,29adfa02acca,diesel,change,1.909,1.890
2026-09-15,49f291bb3d72:diesel,49f291bb3d72,diesel,change,1.919,1.909
2026-09-15,50bbcc14271b:diesel,50bbcc14271b,diesel,change,1.939,1.929
2026-09-15,233254a84b2d:diesel,233254a84b2d,diesel,change,1.949,1.929
2026-09-15,c0e5c11d688d:diesel,c0e5c11d688d,diesel,change,1.929,1.909
2026-09-15,d5197602e9cf:diesel,d5197602e9cf,diesel,change,1.936,1.919
2026-09-15,7e13d23a29b2:diesel,7e13d23a29b2,diesel,change,1.949,1.905
2026-09-15,288f16b2cde1:diesel,288f16b2cde1,diesel,change,1.919,1.899
2026-09-15,4a09006139d2:diesel,4a09006139d2,diesel,change,1.881,1.869
2026-09-15,5f1d9d44de4c:diesel,5f1d9d44de4c,diesel,change,1.881,1.869
2026-09-15,b42e8375c701:diesel,b42e8375c701,diesel,change,1.925,1.905
2026-09-15,89f704207e91:diesel,89f704207e91,diesel,change,1.929,1.908
2026-09-15,36fb67511673:diesel,36fb67511673,diesel,change,1.929,1.919
2026-09-15,d4092c9b4f08:diesel,d4092c9b4f08,diesel,change,1.914,1.895
2026-09-15,00e8792b88ef:diesel,00e8792b88ef,diesel,change,1.929,1.909
2026-09-15,72b865f82639:diesel,72b865f82639,diesel,change,1.996,1.989
2026-09-15,69c2fb53eb4c:diesel,69c2fb53eb4c,diesel,change,1.932,1.920
2026-09-15,9e6df553eab2:diesel,9e6df553eab2,diesel,change,1.929,1.919
2026-09-15,a13338dc541d:diesel,a13338dc541d,diesel,change,1.931,1.919
2026-09-15,ac1e40cae503:diesel,ac1e40cae503,diesel,change,1.933,1.919
2026-09-15,f42c281a9496:diesel,f42c281a9496,diesel,change,1.959,1.939
2026-09-15,f6f989575c60:diesel,f6f989575c60,diesel,change,1.936,1.924
2026-09-15,91c473332d72:diesel,91c473332d72,diesel,change,1.931,1.919
2026-09-15,0af9f8bfb4c1:diesel,0af9f8bfb4c1,diesel,change,1.908,1.887
2026-09-15,fc394b0b3c0a:diesel,fc394b0b3c0a,diesel,change,1.911,1.899
2026-09-15,44624b1025cd:diesel,44624b1025cd,diesel,change,1.931,1.919
2026-09-15,c7e92648a250:diesel,c7e92648a250,diesel,change,1.931,1.919
2026-09-15,ce1eb1eb6a71:diesel,ce1eb1eb6a71,diesel,change,1.931,1.919
2026-09-15,4ca921929927:diesel,4ca921929927,diesel,change,1.929,1.909
2026-09-15,d82e742710ef:diesel,d82e742710ef,diesel,change,1.879,1.859
2026-09-15,fe4873a2e4a6:diesel,fe4873a2e4a6,diesel,change,1.909,1.905
2026-09-15,e743dc2607b2:diesel,e743dc2607b2,diesel,change,1.929,1.919
2026-09-15,69f804f17a32:diesel,69f804f17a32,diesel,change,1.931,1.919
2026-09-15,c0388ce15031:diesel,c0388ce15031,diesel,change,1.969,1.949
2026-09-15,f75770842fc7:diesel,f75770842fc7,diesel,change,1.929,1.909
2026-09-15,6c1ec11817fc:diesel,6c1ec11817fc,diesel,change,1.929,1.919
2026-09-15,a4ce4b453fac:diesel,a4ce4b453fac,diesel,change,1.929,1.909
2026-09-15,25e9844b870d:diesel,25e9844b870d,diesel,change,1.931,1.919
2026-09-15,03fef4e54d18:diesel,03fef4e54d18,diesel,change,1.931,1.919
2026-09-15,04f7bb8cfb51:diesel,04f7bb8cfb51,diesel,change,1.936,1.924
2026-09-15,54d562b7ab71:diesel,54d562b7ab71,diesel,change,1.948,1.929
2026-09-15,74c4f4a42210:diesel,74c4f4a42210,diesel,change,1.949,1.939
2026-09-15,b0bfb1dc3b5b:diesel,b0bfb1dc3b5b,diesel,change,1.928,1.909
2026-09-15,ac84fe0ca4a9:diesel,ac84fe0ca4a9,diesel,change,1.948,1.928
2026-09-15,02712f946c71:diesel,02712f946c71,diesel,change,1.989,1.969
2026-09-15,fcc769f17c2b:diesel,fcc769f17c2b,diesel,change,1.958,1.938
2026-09-15,1552d6c63ab2:diesel,1552d6c63ab2,diesel,change,1.931,1.919
2026-09-15,64e46f2932df:diesel,64e46f2932df,diesel,change,1.931,1.919
2026-09-15,83e2c7cccb9a:diesel,83e2c7cccb9a,diesel,change,1.931,1.919
2026-09-15,0bc666d07f6e:diesel,0bc666d07f6e,diesel,change,1.931,1.919
2026-09-15,87bc9a5f5af2:diesel,87bc9a5f5af2,diesel,change,1.931,1.919
2026-09-15,b8ca587237dd:diesel,b8ca587237dd,diesel,change,1.925,1.905
2026-09-15,f2f4e4925f53:diesel,f2f4e4925f53,diesel,change,1.929,1.909
2026-09-15,c6158b4fcb5f:diesel,c6158b4fcb5f,diesel,change,1.948,1.928
2026-09-15,8f64c72c7f44:diesel,8f64c72c7f44,diesel,change,1.931,1.919
2026-09-15,4ae21a9b5efa:diesel,4ae21a9b5efa,diesel,change,1.931,1.909
2026-09-15,6ce5fb3545fe:diesel,6ce5fb3545fe,diesel,change,1.931,1.919
2026-09-15,e9cef6250b69:diesel,e9cef6250b69,diesel,change,1.931,1.919
2026-09-15,a07b05ec2cfc:diesel,a07b05ec2cfc,diesel,change,1.931,1.919
2026-09-15,efca9d48e28b:diesel,efca9d48e28b,diesel,change,1.931,1.919
2026-09-15,65b480ad17ec:diesel,65b480ad17ec,diesel,change,1.905,1.894
2026-09-15,5567cd093258:diesel,5567cd093258,diesel,change,1.929,1.909
2026-09-15,50a8f4e8f043:diesel,50a8f4e8f043,diesel,change,1.929,1.909
2026-09-15,9cfc7d5c5cf3:diesel,9cfc7d5c5cf3,diesel,change,1.929,1.909
2026-09-15,f31b0c4ec3e6:diesel,f31b0c4ec3e6,diesel,change,1.931,1.907
2026-09-15,4e416e4c8b88:diesel,4e416e4c8b88,diesel,change,1.931,1.919
2026-09-15,73805dddf7aa:heating_oil,73805dddf7aa,heating_oil,change,1.560,1.540
2026-09-15,59fe848dcc1d:heating_oil,59fe848dcc1d,heating_oil,change,1.559,1.529
2026-09-15,d81649f97c28:heating_oil,d81649f97c28,heating_oil,change,1.599,1.569
2026-09-15,aea2d6e66b8f:heating_oil,aea2d6e66b8f,heating_oil,change,1.559,1.529
2026-09-15,b979b66dc2a8:heating_oil,b979b66dc2a8,heating_oil,change,1.549,1.519
2026-09-15,7b205bef86bd:heating_oil,7b205bef86bd,heating_oil,change,1.549,1.529
2026-09-15,9cbdb349d454:heating_oil,9cbdb349d454,heating_oil,change,1.559,1.539
2026-09-15,b7ed85fcf4b7:heating_oil,b7ed85fcf4b7,heating_oil,change,1.559,1.529
2026-09-15,7c3d4980155f:heating_oil,7c3d4980155f,heating_oil,change,1.547,1.527
2026-09-15,49f291bb3d72:heating_oil,49f291bb3d72,heating_oil,change,1.559,1.539
2026-09-15,233254a84b2d:heating_oil,233254a84b2d,heating_oil,change,1.559,1.529
2026-09-15,cd323f4673d7:heating_oil,cd323f4673d7,heating_oil,change,1.559,1.489
2026-09-15,c0e5c11d688d:heating_oil,c0e5c11d688d,heating_oil,change,1.559,1.529
2026-09-15,7e13d23a29b2:heating_oil,7e13d23a29b2,heating_oil,change,1.569,1.549
2026-09-15,288f16b2cde1:heating_oil,288f16b2cde1,heating_oil,change,1.559,1.529
2026-09-15,b42e8375c701:heating_oil,b42e8375c701,heating_oil,change,1.555,1.539
2026-09-15,89f704207e91:heating_oil,89f704207e91,heating_oil,change,1.558,1.528
2026-09-15,72bd542a8c85:heating_oil,72bd542a8c85,heating_oil,change,1.559,1.539
2026-09-15,00e8792b88ef:heating_oil,00e8792b88ef,heating_oil,change,1.559,1.529
2026-09-15,7cb63eb7db4a:heating_oil,7cb63eb7db4a,heating_oil,change,1.557,1.527
2026-09-15,9e6df553eab2:heating_oil,9e6df553eab2,heating_oil,change,1.549,1.539
2026-09-15,4ca921929927:heating_oil,4ca921929927,heating_oil,change,1.559,1.539
2026-09-15,f75770842fc7:heating_oil,f75770842fc7,heating_oil,change,1.609,1.589
2026-09-15,54d562b7ab71:heating_oil,54d562b7ab71,heating_oil,change,1.598,1.568
2026-09-15,0c0bfa6b6769:heating_oil,0c0bfa6b6769,heating_oil,change,1.589,1.549
2026-09-15,b0bfb1dc3b5b:heating_oil,b0bfb1dc3b5b,heating_oil,change,1.547,1.539
2026-09-15,ac84fe0ca4a9:heating_oil,ac84fe0ca4a9,heating_oil,change,1.560,1.540
2026-09-15,b8ca587237dd:heating_oil,b8ca587237dd,heating_oil,change,1.546,1.536
2026-09-15,f2f4e4925f53:heating_oil,f2f4e4925f53,heating_oil,change,1.569,1.529
2026-09-15,c6158b4fcb5f:heating_oil,c6158b4fcb5f,heating_oil,change,1.558,1.547
2026-09-15,5567cd093258:heating_oil,5567cd093258,heating_oil,change,1.548,1.528
2026-09-15,50a8f4e8f043:heating_oil,50a8f4e8f043,heating_oil,change,1.548,1.528
2026-09-15,364d076c3a94:heating_oil,364d076c3a94,heating_oil,change,1.559,1.529
2026-09-15,9cfc7d5c5cf3:heating_oil,9cfc7d5c5cf3,heating_oil,change,1.559,1.529
2026-09-15,73805dddf7aa:kerosene,73805dddf7aa,kerosene,change,1.490,1.440
2026-09-15,59fe848dcc1d:kerosene,59fe848dcc1d,kerosene,change,1.469,1.439
2026-09-15,d81649f97c28:kerosene,d81649f97c28,kerosene,change,1.499,1.479
2026-09-15,aea2d6e66b8f:kerosene,aea2d6e66b8f,kerosene,change,1.469,1.439
2026-09-15,b979b66dc2a8:kerosene,b979b66dc2a8,kerosene,change,1.469,1.439
2026-09-15,7b205bef86bd:kerosene,7b205bef86bd,kerosene,change,1.467,1.438
2026-09-15,b7ed85fcf4b7:kerosene,b7ed85fcf4b7,kerosene,change,1.469,1.439
2026-09-15,7c3d4980155f:kerosene,7c3d4980155f,kerosene,change,1.465,1.435
2026-09-15,50bbcc14271b:kerosene,50bbcc14271b,kerosene,change,1.520,1.470
2026-09-15,288f16b2cde1:kerosene,288f16b2cde1,kerosene,change,1.469,1.439
2026-09-15,b42e8375c701:kerosene,b42e8375c701,kerosene,change,1.489,1.469
2026-09-15,00e8792b88ef:kerosene,00e8792b88ef,kerosene,change,1.469,1.439
2026-09-15,7cb63eb7db4a:kerosene,7cb63eb7db4a,kerosene,change,1.468,1.438
2026-09-15,a60171704519:kerosene,a60171704519,kerosene,change,1.419,1.399
2026-09-15,4ca921929927:kerosene,4ca921929927,kerosene,change,1.489,1.460
2026-09-15,54d562b7ab71:kerosene,54d562b7ab71,kerosene,change,1.489,1.447
2026-09-15,74c4f4a42210:kerosene,74c4f4a42210,kerosene,change,1.458,1.299
2026-09-15,0c0bfa6b6769:kerosene,0c0bfa6b6769,kerosene,change,1.489,1.469
2026-09-15,b0bfb1dc3b5b:kerosene,b0bfb1dc3b5b,kerosene,change,1.455,1.439
2026-09-15,ac84fe0ca4a9:kerosene,ac84fe0ca4a9,kerosene,change,1.480,1.440
2026-09-15,b8ca587237dd:kerosene,b8ca587237dd,kerosene,change,1.458,1.438
2026-09-15,f2f4e4925f53:kerosene,f2f4e4925f53,kerosene,change,1.454,1.416
2026-09-15,c6158b4fcb5f:kerosene,c6158b4fcb5f,kerosene,change,1.475,1.455
2026-09-15,5567cd093258:kerosene,5567cd093258,kerosene,change,1.465,1.435
2026-09-15,50a8f4e8f043:kerosene,50a8f4e8f043,kerosene,change,1.465,1.435
2026-09-15,364d076c3a94:kerosene,364d076c3a94,kerosene,change,1.469,1.439
2026-09-15,9cfc7d5c5cf3:kerosene,9cfc7d5c5cf3,kerosene,change,1.469,1.439
2026-09-16,1044095b4cde:unleaded95,1044095b4cde,unleaded95,change,1.637,1.597
2026-09-16,ab868b4b332e:unleaded95,ab868b4b332e,unleaded95,change,1.668,1.648
2026-09-16,8e414da9ad9e:unleaded95,8e414da9ad9e,unleaded95,change,1.680,1.660
2026-09-16,772be93750d2:unleaded95,772be93750d2,unleaded95,change,1.644,1.645
2026-09-16,41841cb23dbd:unleaded95,41841cb23dbd,unleaded95,change,1.609,1.599
2026-09-16,67516854f59e:unleaded95,67516854f59e,unleaded95,change,1.615,1.599
2026-09-16,bc3de85eae09:unleaded95,bc3de85eae09,unleaded95,change,1.619,1.609
2026-09-16,0aefcb943b9f:unleaded95,0aefcb943b9f,unleaded95,change,1.664,1.645
2026-09-16,f3cb3f8d3a20:unleaded95,f3cb3f8d3a20,unleaded95,change,1.664,1.645
2026-09-16,a63d37840b3e:unleaded95,a63d37840b3e,unleaded95,change,1.664,1.645
2026-09-16,4ac8836fa7fb:unleaded95,4ac8836fa7fb,unleaded95,change,1.639,1.619
2026-09-16,9cf1024093d0:unleaded95,9cf1024093d0,unleaded95,change,1.669,1.649
2026-09-16,04eb0dc6ce16:unleaded95,04eb0dc6ce16,unleaded95,change,1.665,1.645
2026-09-16,ba65517bf3ed:unleaded95,ba65517bf3ed,unleaded95,change,1.644,1.645
2026-09-16,3fdaa889148c:unleaded95,3fdaa889148c,unleaded95,change,1.659,1.649
2026-09-16,cfe2df3cdc21:unleaded95,cfe2df3cdc21,unleaded95,change,1.669,1.649
2026-09-16,1a10004ef1a9:unleaded95,1a10004ef1a9,unleaded95,change,1.599,1.589
2026-09-16,b920f34d9678:unleaded95,b920f34d9678,unleaded95,change,1.599,1.597
2026-09-16,77af34d3792b:unleaded95,77af34d3792b,unleaded95,change,1.609,1.599
2026-09-16,d59f16d1ea1f:unleaded95,d59f16d1ea1f,unleaded95,change,1.619,1.609
2026-09-16,0fa89e115816:unleaded95,0fa89e115816,unleaded95,change,1.659,1.649
2026-09-16,a1cbb4c4a9c8:unleaded95,a1cbb4c4a9c8,unleaded95,change,1.664,1.649
2026-09-16,0708c47ecb63:unleaded95,0708c47ecb63,unleaded95,change,1.665,1.645
2026-09-16,0f4f50ae5f90:unleaded95,0f4f50ae5f90,unleaded95,change,1.669,1.649
2026-09-16,293b8fa19bf7:unleaded95,293b8fa19bf7,unleaded95,change,1.669,1.657
2026-09-16,5a78a7364d62:unleaded95,5a78a7364d62,unleaded95,change,1.669,1.657
2026-09-16,69fd22d4956b:unleaded95,69fd22d4956b,unleaded95,change,1.667,1.647
2026-09-16,ec323cfaf5f4:unleaded95,ec323cfaf5f4,unleaded95,change,1.680,1.660
2026-09-16,24f260ef3191:unleaded95,24f260ef3191,unleaded95,change,1.699,1.689
2026-09-16,9cbdb349d454:unleaded95,9cbdb349d454,unleaded95,change,1.667,1.648
2026-09-16,ea232bbb0de1:unleaded95,ea232bbb0de1,unleaded95,change,1.679,1.659
2026-09-16,5fd49366646f:unleaded95,5fd49366646f,unleaded95,change,1.669,1.649
2026-09-16,79c9bc2be4e7:unleaded95,79c9bc2be4e7,unleaded95,change,1.609,1.599
2026-09-16,dacff0faaefb:unleaded95,dacff0faaefb,unleaded95,change,1.609,1.599
2026-09-16,4b3ea41ef444:unleaded95,4b3ea41ef444,unleaded95,change,1.637,1.617
2026-09-16,82d0d5b8a85f:unleaded95,82d0d5b8a85f,unleaded95,change,1.669,1.649
2026-09-16,5fc48382973b:unleaded95,5fc48382973b,unleaded95,change,1.657,1.645
2026-09-16,a78f59d05bcd:unleaded95,a78f59d05bcd,unleaded95,change,1.619,1.609
2026-09-16,1ef5b819726d:unleaded95,1ef5b819726d,unleaded95,change,1.669,1.649
2026-09-16,96a9e00b5b6d:unleaded95,96a9e00b5b6d,unleaded95,change,1.617,1.599
2026-09-16,3c3fdd29b8f7:unleaded95,3c3fdd29b8f7,unleaded95,change,1.617,1.598
2026-09-16,178bce87f3a6:unleaded95,178bce87f3a6,unleaded95,change,1.649,1.647
2026-09-16,d31ea5693826:unleaded95,d31ea5693826,unleaded95,change,1.649,1.647
2026-09-16,c7f59703554a:unleaded95,c7f59703554a,unleaded95,change,1.649,1.647
2026-09-16,ca9163f0f3f8:unleaded95,ca9163f0f3f8,unleaded95,change,1.659,1.647
2026-09-16,ac585f0e2770:unleaded95,ac585f0e2770,unleaded95,change,1.669,1.658
2026-09-16,cd323f4673d7:unleaded95,cd323f4673d7,unleaded95,change,1.669,1.649
2026-09-16,3009230fcbc6:unleaded95,3009230fcbc6,unleaded95,change,1.658,1.638
2026-09-16,3ede104e6d56:unleaded95,3ede104e6d56,unleaded95,change,1.659,1.648
2026-09-16,d8f54ff2148b:unleaded95,d8f54ff2148b,unleaded95,change,1.659,1.649
2026-09-16,36fb67511673:unleaded95,36fb67511673,unleaded95,change,1.669,1.667
2026-09-16,72bd542a8c85:unleaded95,72bd542a8c85,unleaded95,change,1.669,1.658
2026-09-16,4a79c5105aa9:unleaded95,4a79c5105aa9,unleaded95,change,1.617,1.598
2026-09-16,9bd07aac27bc:unleaded95,9bd07aac27bc,unleaded95,change,1.669,1.649
2026-09-16,d4092c9b4f08:unleaded95,d4092c9b4f08,unleaded95,change,1.655,1.645
2026-09-16,93feddaea003:unleaded95,93feddaea003,unleaded95,change,1.679,1.659
2026-09-16,be850363d55b:unleaded95,be850363d55b,unleaded95,change,1.689,1.669
2026-09-16,7cb63eb7db4a:unleaded95,7cb63eb7db4a,unleaded95,change,1.665,1.645
2026-09-16,ae7fb39a6ec9:unleaded95,ae7fb39a6ec9,unleaded95,change,1.665,1.648
2026-09-16,73f4fd3d41f8:unleaded95,73f4fd3d41f8,unleaded95,change,1.669,1.648
2026-09-16,dce42f6faf2a:unleaded95,dce42f6faf2a,unleaded95,change,1.666,1.649
2026-09-16,b2f690bf5cb7:unleaded95,b2f690bf5cb7,unleaded95,change,1.645,1.627
2026-09-16,84e85efa4053:unleaded95,84e85efa4053,unleaded95,change,1.679,1.659
2026-09-16,47bdc6813569:unleaded95,47bdc6813569,unleaded95,change,1.665,1.648
2026-09-16,e7be22647dd4:unleaded95,e7be22647dd4,unleaded95,change,1.669,1.649
2026-09-16,dc094a637823:unleaded95,dc094a637823,unleaded95,change,1.595,1.585
2026-09-16,8448a4c5531f:unleaded95,8448a4c5531f,unleaded95,change,1.619,1.599
2026-09-16,0a9aabc9ae21:unleaded95,0a9aabc9ae21,unleaded95,change,1.639,1.629
2026-09-16,f17f81a488ad:unleaded95,f17f81a488ad,unleaded95,change,1.649,1.619
2026-09-16,d3095d05dc1e:unleaded95,d3095d05dc1e,unleaded95,change,1.667,1.647
2026-09-16,0eb54c313653:unleaded95,0eb54c313653,unleaded95,change,1.669,1.649
2026-09-16,39363f6470ee:unleaded95,39363f6470ee,unleaded95,change,1.686,1.666
2026-09-16,2bb2812d2829:unleaded95,2bb2812d2829,unleaded95,change,1.669,1.665
2026-09-16,2be80460e2e6:unleaded95,2be80460e2e6,unleaded95,change,1.686,1.664
2026-09-16,996e90f70398:unleaded95,996e90f70398,unleaded95,change,1.689,1.665
2026-09-16,f5945935bb49:unleaded95,f5945935bb49,unleaded95,change,1.686,1.669
2026-09-16,122aa6b021d2:unleaded95,122aa6b021d2,unleaded95,change,1.686,1.669
2026-09-16,f2f4e4925f53:unleaded95,f2f4e4925f53,unleaded95,change,1.684,1.667
2026-09-16,0e4663dea41e:unleaded95,0e4663dea41e,unleaded95,change,1.699,1.689
2026-09-16,1bae28692c95:unleaded95,1bae28692c95,unleaded95,change,1.669,1.649
2026-09-16,48113cc9c12a:unleaded95,48113cc9c12a,unleaded95,change,1.668,1.649
2026-09-16,320be8d683a2:unleaded95,320be8d683a2,unleaded95,change,1.668,1.648
2026-09-16,364d076c3a94:unleaded95,364d076c3a94,unleaded95,change,1.667,1.647
2026-09-16,ce3d19ee3c70:unleaded95,ce3d19ee3c70,unleaded95,change,1.669,1.649
2026-09-16,b24c2084919b:unleaded95,b24c2084919b,unleaded95,change,1.665,1.648
2026-09-16,ab868b4b332e:unleaded98,ab868b4b332e,unleaded98,change,1.708,1.698
2026-09-16,8e414da9ad9e:unleaded98,8e414da9ad9e,unleaded98,change,1.739,1.719
2026-09-16,772be93750d2:unleaded98,772be93750d2,unleaded98,change,1.744,1.745
2026-09-16,41841cb23dbd:unleaded98,41841cb23dbd,unleaded98,change,1.759,1.749
2026-09-16,67516854f59e:unleaded98,67516854f59e,unleaded98,change,1.765,1.749
2026-09-16,bc3de85eae09:unleaded98,bc3de85eae09,unleaded98,change,1.769,1.759
2026-09-16,f06cc2016c8b:unleaded98,f06cc2016c8b,unleaded98,change,1.795,1.675
2026-09-16,a63d37840b3e:unleaded98,a63d37840b3e,unleaded98,change,1.814,1.795
2026-09-16,f3cb3f8d3a20:unleaded98,f3cb3f8d3a20,unleaded98,change,1.814,1.795
2026-09-16,0aefcb943b9f:unleaded98,0aefcb943b9f,unleaded98,change,1.814,1.795
2026-09-16,08c3056f889a:unleaded98,08c3056f889a,unleaded98,change,1.745,1.755
2026-09-16,04eb0dc6ce16:unleaded98,04eb0dc6ce16,unleaded98,change,1.715,1.695
2026-09-16,ba65517bf3ed:unleaded98,ba65517bf3ed,unleaded98,change,1.685,1.709
2026-09-16,cfe2df3cdc21:unleaded98,cfe2df3cdc21,unleaded98,change,1.709,1.689
2026-09-16,69fd22d4956b:unleaded98,69fd22d4956b,unleaded98,change,1.707,1.697
2026-09-16,ec323cfaf5f4:unleaded98,ec323cfaf5f4,unleaded98,change,1.739,1.719
2026-09-16,24f260ef3191:unleaded98,24f260ef3191,unleaded98,change,1.799,1.789
2026-09-16,9cbdb349d454:unleaded98,9cbdb349d454,unleaded98,change,1.797,1.778
2026-09-16,ea232bbb0de1:unleaded98,ea232bbb0de1,unleaded98,change,1.729,1.699
2026-09-16,5fd49366646f:unleaded98,5fd49366646f,unleaded98,change,1.709,1.699
2026-09-16,79c9bc2be4e7:unleaded98,79c9bc2be4e7,unleaded98,change,1.684,1.665
2026-09-16,dacff0faaefb:unleaded98,dacff0faaefb,unleaded98,change,1.684,1.665
2026-09-16,4b3ea41ef444:unleaded98,4b3ea41ef444,unleaded98,change,1.716,1.699
2026-09-16,82d0d5b8a85f:unleaded98,82d0d5b8a85f,unleaded98,change,1.709,1.689
2026-09-16,e1c953e44df3:unleaded98,e1c953e44df3,unleaded98,change,1.799,1.787
2026-09-16,a78f59d05bcd:unleaded98,a78f59d05bcd,unleaded98,change,1.717,1.700
2026-09-16,1ef5b819726d:unleaded98,1ef5b819726d,unleaded98,change,1.709,1.699
2026-09-16,3c3fdd29b8f7:unleaded98,3c3fdd29b8f7,unleaded98,change,1.767,1.748
2026-09-16,96a9e00b5b6d:unleaded98,96a9e00b5b6d,unleaded98,change,1.767,1.749
2026-09-16,c7f59703554a:unleaded98,c7f59703554a,unleaded98,change,1.799,1.797
2026-09-16,d31ea5693826:unleaded98,d31ea5693826,unleaded98,change,1.799,1.797
2026-09-16,178bce87f3a6:unleaded98,178bce87f3a6,unleaded98,change,1.799,1.797
2026-09-16,ca9163f0f3f8:unleaded98,ca9163f0f3f8,unleaded98,change,1.809,1.797
2026-09-16,ac585f0e2770:unleaded98,ac585f0e2770,unleaded98,change,1.819,1.808
2026-09-16,cd323f4673d7:unleaded98,cd323f4673d7,unleaded98,change,1.709,1.699
2026-09-16,3009230fcbc6:unleaded98,3009230fcbc6,unleaded98,change,1.715,1.695
2026-09-16,3ede104e6d56:unleaded98,3ede104e6d56,unleaded98,change,1.769,1.758
2026-09-16,d8f54ff2148b:unleaded98,d8f54ff2148b,unleaded98,change,1.809,1.799
2026-09-16,23c7b3207f92:unleaded98,23c7b3207f92,unleaded98,change,1.700,1.696
2026-09-16,d4092c9b4f08:unleaded98,d4092c9b4f08,unleaded98,change,1.705,1.699
2026-09-16,93feddaea003:unleaded98,93feddaea003,unleaded98,change,1.739,1.719
2026-09-16,be850363d55b:unleaded98,be850363d55b,unleaded98,change,1.809,1.789
2026-09-16,ae7fb39a6ec9:unleaded98,ae7fb39a6ec9,unleaded98,change,1.716,1.699
2026-09-16,73f4fd3d41f8:unleaded98,73f4fd3d41f8,unleaded98,change,1.709,1.695
2026-09-16,84e85efa4053:unleaded98,84e85efa4053,unleaded98,change,1.759,1.749
2026-09-16,e7be22647dd4:unleaded98,e7be22647dd4,unleaded98,change,1.709,1.689
2026-09-16,0a9aabc9ae21:unleaded98,0a9aabc9ae21,unleaded98,change,1.699,1.679
2026-09-16,f17f81a488ad:unleaded98,f17f81a488ad,unleaded98,change,1.699,1.679
2026-09-16,dc094a637823:unleaded98,dc094a637823,unleaded98,change,1.755,1.735
2026-09-16,cf9bb5bb02a6:unleaded98,cf9bb5bb02a6,unleaded98,change,1.757,1.738
2026-09-16,8448a4c5531f:unleaded98,8448a4c5531f,unleaded98,change,1.759,1.738
2026-09-16,acf6a1b651b0:unleaded98,acf6a1b651b0,unleaded98,change,1.699,1.689
2026-09-16,d3095d05dc1e:unleaded98,d3095d05dc1e,unleaded98,change,1.707,1.697
2026-09-16,0eb54c313653:unleaded98,0eb54c313653,unleaded98,change,1.709,1.689
2026-09-16,39363f6470ee:unleaded98,39363f6470ee,unleaded98,change,1.762,1.742
2026-09-16,2bb2812d2829:unleaded98,2bb2812d2829,unleaded98,change,1.819,1.815
2026-09-16,2be80460e2e6:unleaded98,2be80460e2e6,unleaded98,change,1.726,1.716
2026-09-16,b994933d2448:unleaded98,b994933d2448,unleaded98,change,1.709,1.689
2026-09-16,f5945935bb49:unleaded98,f5945935bb49,unleaded98,change,1.737,1.720
2026-09-16,122aa6b021d2:unleaded98,122aa6b021d2,unleaded98,change,1.737,1.720
2026-09-16,f2f4e4925f53:unleaded98,f2f4e4925f53,unleaded98,change,1.729,1.715
2026-09-16,0e4663dea41e:unleaded98,0e4663dea41e,unleaded98,change,1.739,1.729
2026-09-16,1bae28692c95:unleaded98,1bae28692c95,unleaded98,change,1.709,1.689
2026-09-16,0ed0b92e6d0c:unleaded98,0ed0b92e6d0c,unleaded98,change,1.797,1.677
2026-09-16,48113cc9c12a:unleaded98,48113cc9c12a,unleaded98,change,1.708,1.695
2026-09-16,320be8d683a2:unleaded98,320be8d683a2,unleaded98,change,1.715,1.685
2026-09-16,364d076c3a94:unleaded98,364d076c3a94,unleaded98,change,1.707,1.697
2026-09-16,ce3d19ee3c70:unleaded98,ce3d19ee3c70,unleaded98,change,1.707,1.699
2026-09-16,b24c2084919b:unleaded98,b24c2084919b,unleaded98,change,1.735,1.718
2026-09-16,01d291cc5e9f:diesel,01d291cc5e9f,diesel,change,1.899,1.879
2026-09-16,ab868b4b332e:diesel,ab868b4b332e,diesel,change,1.928,1.908
2026-09-16,8e414da9ad9e:diesel,8e414da9ad9e,diesel,change,1.947,1.935
2026-09-16,772be93750d2:diesel,772be93750d2,diesel,change,1.902,1.903
2026-09-16,41841cb23dbd:diesel,41841cb23dbd,diesel,change,1.869,1.859
2026-09-16,67516854f59e:diesel,67516854f59e,diesel,change,1.878,1.867
2026-09-16,bc3de85eae09:diesel,bc3de85eae09,diesel,change,1.879,1.869
2026-09-16,14ab75b4aa66:diesel,14ab75b4aa66,diesel,change,1.899,1.894
2026-09-16,f06cc2016c8b:diesel,f06cc2016c8b,diesel,change,1.917,1.907
2026-09-16,a63d37840b3e:diesel,a63d37840b3e,diesel,change,1.927,1.907
2026-09-16,0aefcb943b9f:diesel,0aefcb943b9f,diesel,change,1.927,1.908
2026-09-16,f3cb3f8d3a20:diesel,f3cb3f8d3a20,diesel,change,1.927,1.908
2026-09-16,4ac8836fa7fb:diesel,4ac8836fa7fb,diesel,change,1.899,1.889
2026-09-16,77450002346a:diesel,77450002346a,diesel,change,1.908,1.885
2026-09-16,2d7b1e4bf3fa:diesel,2d7b1e4bf3fa,diesel,change,1.869,1.859
2026-09-16,9cf1024093d0:diesel,9cf1024093d0,diesel,change,1.929,1.919
2026-09-16,4d8c91cbdf87:diesel,4d8c91cbdf87,diesel,change,1.869,1.859
2026-09-16,04eb0dc6ce16:diesel,04eb0dc6ce16,diesel,change,1.932,1.920
2026-09-16,5a578950625a:diesel,5a578950625a,diesel,change,1.939,1.929
2026-09-16,ba65517bf3ed:diesel,ba65517bf3ed,diesel,change,1.902,1.903
2026-09-16,3fdaa889148c:diesel,3fdaa889148c,diesel,change,1.929,1.909
2026-09-16,cfe2df3cdc21:diesel,cfe2df3cdc21,diesel,change,1.931,1.919
2026-09-16,dc18f4cb1ad3:diesel,dc18f4cb1ad3,diesel,change,1.908,1.890
2026-09-16,da0b210a2136:diesel,da0b210a2136,diesel,change,1.917,1.879
2026-09-16,a1cbb4c4a9c8:diesel,a1cbb4c4a9c8,diesel,change,1.927,1.909
2026-09-16,0fa89e115816:diesel,0fa89e115816,diesel,change,1.929,1.909
2026-09-16,0f4f50ae5f90:diesel,0f4f50ae5f90,diesel,change,1.929,1.919
2026-09-16,293b8fa19bf7:diesel,293b8fa19bf7,diesel,change,1.929,1.909
2026-09-16,5a78a7364d62:diesel,5a78a7364d62,diesel,change,1.929,1.909
2026-09-16,0708c47ecb63:diesel,0708c47ecb63,diesel,change,1.929,1.909
2026-09-16,69fd22d4956b:diesel,69fd22d4956b,diesel,change,1.929,1.909
2026-09-16,ec323cfaf5f4:diesel,ec323cfaf5f4,diesel,change,1.947,1.935
2026-09-16,24f260ef3191:diesel,24f260ef3191,diesel,change,1.979,1.969
2026-09-16,9cbdb349d454:diesel,9cbdb349d454,diesel,change,1.939,1.909
2026-09-16,ea232bbb0de1:diesel,ea232bbb0de1,diesel,change,1.949,1.929
2026-09-16,5fd49366646f:diesel,5fd49366646f,diesel,change,1.929,1.909
2026-09-16,dacff0faaefb:diesel,dacff0faaefb,diesel,change,1.869,1.859
2026-09-16,79c9bc2be4e7:diesel,79c9bc2be4e7,diesel,change,1.869,1.859
2026-09-16,4b3ea41ef444:diesel,4b3ea41ef444,diesel,change,1.928,1.908
2026-09-16,82d0d5b8a85f:diesel,82d0d5b8a85f,diesel,change,1.931,1.919
2026-09-16,e1c953e44df3:diesel,e1c953e44df3,diesel,change,1.979,1.969
2026-09-16,5fc48382973b:diesel,5fc48382973b,diesel,change,1.927,1.917
2026-09-16,1ef5b819726d:diesel,1ef5b819726d,diesel,change,1.929,1.909
2026-09-16,96a9e00b5b6d:diesel,96a9e00b5b6d,diesel,change,1.879,1.869
2026-09-16,3c3fdd29b8f7:diesel,3c3fdd29b8f7,diesel,change,1.879,1.859
2026-09-16,ca9163f0f3f8:diesel,ca9163f0f3f8,diesel,change,1.919,1.908
2026-09-16,ac585f0e2770:diesel,ac585f0e2770,diesel,change,1.928,1.917
2026-09-16,cd323f4673d7:diesel,cd323f4673d7,diesel,change,1.929,1.909
2026-09-16,3009230fcbc6:diesel,3009230fcbc6,diesel,change,1.918,1.898
2026-09-16,3ede104e6d56:diesel,3ede104e6d56,diesel,change,1.929,1.908
2026-09-16,d8f54ff2148b:diesel,d8f54ff2148b,diesel,change,1.919,1.909
2026-09-16,72bd542a8c85:diesel,72bd542a8c85,diesel,change,1.928,1.917
2026-09-16,36fb67511673:diesel,36fb67511673,diesel,change,1.931,1.929
2026-09-16,4a79c5105aa9:diesel,4a79c5105aa9,diesel,change,1.879,1.859
2026-09-16,9bd07aac27bc:diesel,9bd07aac27bc,diesel,change,1.929,1.909
2026-09-16,d4092c9b4f08:diesel,d4092c9b4f08,diesel,change,1.926,1.914
2026-09-16,93feddaea003:diesel,93feddaea003,diesel,change,1.949,1.929
2026-09-16,be850363d55b:diesel,be850363d55b,diesel,change,1.939,1.919
2026-09-16,7cb63eb7db4a:diesel,7cb63eb7db4a,diesel,change,1.927,1.907
2026-09-16,285b1e3703eb:diesel,285b1e3703eb,diesel,change,1.917,1.907
2026-09-16,bb62751b98a5:diesel,bb62751b98a5,diesel,change,1.917,1.907
2026-09-16,ae7fb39a6ec9:diesel,ae7fb39a6ec9,diesel,change,1.928,1.908
2026-09-16,73f4fd3d41f8:diesel,73f4fd3d41f8,diesel,change,1.931,1.919
2026-09-16,dce42f6faf2a:diesel,dce42f6faf2a,diesel,change,1.929,1.909
2026-09-16,a60171704519:diesel,a60171704519,diesel,change,1.859,1.839
2026-09-16,b2f690bf5cb7:diesel,b2f690bf5cb7,diesel,change,1.908,1.889
2026-09-16,4ca921929927:diesel,4ca921929927,diesel,change,1.939,1.929
2026-09-16,84e85efa4053:diesel,84e85efa4053,diesel,change,1.949,1.929
2026-09-16,f75770842fc7:diesel,f75770842fc7,diesel,change,1.939,1.929
2026-09-16,47bdc6813569:diesel,47bdc6813569,diesel,change,1.929,1.909
2026-09-16,e7be22647dd4:diesel,e7be22647dd4,diesel,change,1.930,1.919
2026-09-16,dc094a637823:diesel,dc094a637823,diesel,change,1.845,1.825
2026-09-16,cf9bb5bb02a6:diesel,cf9bb5bb02a6,diesel,change,1.859,1.829
2026-09-16,0a9aabc9ae21:diesel,0a9aabc9ae21,diesel,change,1.888,1.898
2026-09-16,8448a4c5531f:diesel,8448a4c5531f,diesel,change,1.899,1.869
2026-09-16,acf6a1b651b0:diesel,acf6a1b651b0,diesel,change,1.849,1.839
2026-09-16,d3095d05dc1e:diesel,d3095d05dc1e,diesel,change,1.929,1.909
2026-09-16,0eb54c313653:diesel,0eb54c313653,diesel,change,1.936,1.924
2026-09-16,39363f6470ee:diesel,39363f6470ee,diesel,change,1.943,1.931
2026-09-16,2bb2812d2829:diesel,2bb2812d2829,diesel,change,1.929,1.925
2026-09-16,2be80460e2e6:diesel,2be80460e2e6,diesel,change,1.949,1.929
2026-09-16,996e90f70398:diesel,996e90f70398,diesel,change,1.949,1.939
2026-09-16,02712f946c71:diesel,02712f946c71,diesel,change,1.999,1.989
2026-09-16,b994933d2448:diesel,b994933d2448,diesel,change,1.931,1.919
2026-09-16,f5945935bb49:diesel,f5945935bb49,diesel,change,1.949,1.929
2026-09-16,122aa6b021d2:diesel,122aa6b021d2,diesel,change,1.949,1.929
2026-09-16,f2f4e4925f53:diesel,f2f4e4925f53,diesel,change,1.943,1.929
2026-09-16,0e4663dea41e:diesel,0e4663dea41e,diesel,change,1.959,1.949
2026-09-16,1bae28692c95:diesel,1bae28692c95,diesel,change,1.931,1.919
2026-09-16,0ed0b92e6d0c:diesel,0ed0b92e6d0c,diesel,change,1.927,1.907
2026-09-16,216880e896f0:diesel,216880e896f0,diesel,change,1.927,1.908
2026-09-16,6cbad4fb4f78:diesel,6cbad4fb4f78,diesel,change,1.927,1.907
2026-09-16,48113cc9c12a:diesel,48113cc9c12a,diesel,change,1.929,1.909
2026-09-16,320be8d683a2:diesel,320be8d683a2,diesel,change,1.929,1.915
2026-09-16,364d076c3a94:diesel,364d076c3a94,diesel,change,1.929,1.908
2026-09-16,ce3d19ee3c70:diesel,ce3d19ee3c70,diesel,change,1.929,1.909
2026-09-16,b24c2084919b:diesel,b24c2084919b,diesel,change,1.928,1.908
2026-09-16,1b148a05085c:heating_oil,1b148a05085c,heating_oil,change,1.524,1.499
2026-09-16,2d7b1e4bf3fa:heating_oil,2d7b1e4bf3fa,heating_oil,change,1.499,1.489
2026-09-16,4d8c91cbdf87:heating_oil,4d8c91cbdf87,heating_oil,change,1.499,1.489
2026-09-16,ba65517bf3ed:heating_oil,ba65517bf3ed,heating_oil,change,1.524,1.538
2026-09-16,69fd22d4956b:heating_oil,69fd22d4956b,heating_oil,change,1.559,1.529
2026-09-16,5fd49366646f:heating_oil,5fd49366646f,heating_oil,change,1.559,1.529
2026-09-16,dacff0faaefb:heating_oil,dacff0faaefb,heating_oil,change,1.520,1.495
2026-09-16,79c9bc2be4e7:heating_oil,79c9bc2be4e7,heating_oil,change,1.520,1.495
2026-09-16,4b3ea41ef444:heating_oil,4b3ea41ef444,heating_oil,change,1.519,1.499
2026-09-16,a78f59d05bcd:heating_oil,a78f59d05bcd,heating_oil,change,1.548,1.528
2026-09-16,1ef5b819726d:heating_oil,1ef5b819726d,heating_oil,change,1.549,1.529
2026-09-16,3009230fcbc6:heating_oil,3009230fcbc6,heating_oil,change,1.538,1.518
2026-09-16,3ede104e6d56:heating_oil,3ede104e6d56,heating_oil,change,1.559,1.539
2026-09-16,23c7b3207f92:heating_oil,23c7b3207f92,heating_oil,change,1.557,1.534
2026-09-16,36fb67511673:heating_oil,36fb67511673,heating_oil,change,1.559,1.549
2026-09-16,be850363d55b:heating_oil,be850363d55b,heating_oil,change,1.589,1.569
2026-09-16,f1dfb918aa44:heating_oil,f1dfb918aa44,heating_oil,change,1.569,1.538
2026-09-16,ae7fb39a6ec9:heating_oil,ae7fb39a6ec9,heating_oil,change,1.547,1.527
2026-09-16,dce42f6faf2a:heating_oil,dce42f6faf2a,heating_oil,change,1.600,1.580
2026-09-16,a60171704519:heating_oil,a60171704519,heating_oil,change,1.499,1.489
2026-09-16,84e85efa4053:heating_oil,84e85efa4053,heating_oil,change,1.639,1.619
2026-09-16,47bdc6813569:heating_oil,47bdc6813569,heating_oil,change,1.549,1.529
2026-09-16,cf9bb5bb02a6:heating_oil,cf9bb5bb02a6,heating_oil,change,1.499,1.489
2026-09-16,0a9aabc9ae21:heating_oil,0a9aabc9ae21,heating_oil,change,1.499,1.489
2026-09-16,f17f81a488ad:heating_oil,f17f81a488ad,heating_oil,change,1.499,1.489
2026-09-16,8448a4c5531f:heating_oil,8448a4c5531f,heating_oil,change,1.549,1.529
2026-09-16,d3095d05dc1e:heating_oil,d3095d05dc1e,heating_oil,change,1.559,1.529
2026-09-16,2be80460e2e6:heating_oil,2be80460e2e6,heating_oil,change,1.566,1.546
2026-09-16,f5945935bb49:heating_oil,f5945935bb49,heating_oil,change,1.568,1.548
2026-09-16,122aa6b021d2:heating_oil,122aa6b021d2,heating_oil,change,1.568,1.549
2026-09-16,48113cc9c12a:heating_oil,48113cc9c12a,heating_oil,change,1.559,1.525
2026-09-16,320be8d683a2:heating_oil,320be8d683a2,heating_oil,change,1.555,1.549
2026-09-16,b24c2084919b:heating_oil,b24c2084919b,heating_oil,change,1.547,1.527
2026-09-16,1b148a05085c:kerosene,1b148a05085c,kerosene,change,1.433,1.410
2026-09-16,8e414da9ad9e:kerosene,8e414da9ad9e,kerosene,change,1.499,1.459
2026-09-16,14ab75b4aa66:kerosene,14ab75b4aa66,kerosene,change,1.489,1.469
2026-09-16,67516854f59e:kerosene,67516854f59e,kerosene,change,1.489,1.469
2026-09-16,f06cc2016c8b:kerosene,f06cc2016c8b,kerosene,change,1.489,1.469
2026-09-16,41841cb23dbd:kerosene,41841cb23dbd,kerosene,change,1.489,1.469
2026-09-16,0aefcb943b9f:kerosene,0aefcb943b9f,kerosene,change,1.489,1.469
2026-09-16,a63d37840b3e:kerosene,a63d37840b3e,kerosene,change,1.489,1.469
2026-09-16,2d7b1e4bf3fa:kerosene,2d7b1e4bf3fa,kerosene,change,1.419,1.399
2026-09-16,4d8c91cbdf87:kerosene,4d8c91cbdf87,kerosene,change,1.419,1.399
2026-09-16,d825945d0dc1:kerosene,d825945d0dc1,kerosene,change,1.433,1.434
2026-09-16,ba65517bf3ed:kerosene,ba65517bf3ed,kerosene,change,1.433,1.460
2026-09-16,69fd22d4956b:kerosene,69fd22d4956b,kerosene,change,1.469,1.439
2026-09-16,ec323cfaf5f4:kerosene,ec323cfaf5f4,kerosene,change,1.499,1.459
2026-09-16,5fd49366646f:kerosene,5fd49366646f,kerosene,change,1.469,1.439
2026-09-16,dacff0faaefb:kerosene,dacff0faaefb,kerosene,change,1.430,1.395
2026-09-16,79c9bc2be4e7:kerosene,79c9bc2be4e7,kerosene,change,1.430,1.395
2026-09-16,4b3ea41ef444:kerosene,4b3ea41ef444,kerosene,change,1.429,1.399
2026-09-16,5fc48382973b:kerosene,5fc48382973b,kerosene,change,1.399,1.355
2026-09-16,a78f59d05bcd:kerosene,a78f59d05bcd,kerosene,change,1.466,1.436
2026-09-16,178bce87f3a6:kerosene,178bce87f3a6,kerosene,change,1.489,1.469
2026-09-16,3009230fcbc6:kerosene,3009230fcbc6,kerosene,change,1.458,1.428
2026-09-16,36fb67511673:kerosene,36fb67511673,kerosene,change,1.479,1.469
2026-09-16,be850363d55b:kerosene,be850363d55b,kerosene,change,1.519,1.489
2026-09-16,285b1e3703eb:kerosene,285b1e3703eb,kerosene,change,1.489,1.469
2026-09-16,bb62751b98a5:kerosene,bb62751b98a5,kerosene,change,1.489,1.469
2026-09-16,ae7fb39a6ec9:kerosene,ae7fb39a6ec9,kerosene,change,1.465,1.435
2026-09-16,f17f81a488ad:kerosene,f17f81a488ad,kerosene,change,1.419,1.399
2026-09-16,d3095d05dc1e:kerosene,d3095d05dc1e,kerosene,change,1.469,1.439
2026-09-16,2be80460e2e6:kerosene,2be80460e2e6,kerosene,change,1.485,1.459
2026-09-16,f5945935bb49:kerosene,f5945935bb49,kerosene,change,1.485,1.455
2026-09-16,122aa6b021d2:kerosene,122aa6b021d2,kerosene,change,1.485,1.455
2026-09-16,f2f4e4925f53:kerosene,f2f4e4925f53,kerosene,change,1.484,1.454
2026-09-16,6cbad4fb4f78:kerosene,6cbad4fb4f78,kerosene,change,1.489,1.469
2026-09-16,0ed0b92e6d0c:kerosene,0ed0b92e6d0c,kerosene,change,1.489,1.469
2026-09-16,48113cc9c12a:kerosene,48113cc9c12a,kerosene,change,1.469,1.435
2026-09-16,92d17347e22a:kerosene,92d17347e22a,kerosene,change,1.459,1.399
2026-09-16,320be8d683a2:kerosene,320be8d683a2,kerosene,change,1.485,1.430
2026-09-16,b24c2084919b:kerosene,b24c2084919b,kerosene,change,1.465,1.435
2026-09-17,01d291cc5e9f:unleaded95,01d291cc5e9f,unleaded95,change,1.636,1.615
2026-09-17,428b07ccf758:unleaded95,428b07ccf758,unleaded95,change,1.687,1.667
2026-09-17,b08cefca3ef4:unleaded95,b08cefca3ef4,unleaded95,change,1.699,1.689
2026-09-17,772be93750d2:unleaded95,772be93750d2,unleaded95,change,1.643,1.644
2026-09-17,14ab75b4aa66:unleaded95,14ab75b4aa66,unleaded95,change,1.647,1.615
2026-09-17,f06cc2016c8b:unleaded95,f06cc2016c8b,unleaded95,change,1.657,1.645
2026-09-17,32039ce18953:unleaded95,32039ce18953,unleaded95,change,1.657,1.637
2026-09-17,1a16860d8e30:unleaded95,1a16860d8e30,unleaded95,change,1.689,1.669
2026-09-17,01ce074bf8e9:unleaded95,01ce074bf8e9,unleaded95,change,1.729,1.689
2026-09-17,d825945d0dc1:unleaded95,d825945d0dc1,unleaded95,change,1.644,1.647
2026-09-17,08c3056f889a:unleaded95,08c3056f889a,unleaded95,change,1.643,1.645
2026-09-17,ba65517bf3ed:unleaded95,ba65517bf3ed,unleaded95,change,1.643,1.644
2026-09-17,3fdaa889148c:unleaded95,3fdaa889148c,unleaded95,change,1.669,1.659
2026-09-17,40e8c72b6e83:unleaded95,40e8c72b6e83,unleaded95,change,1.699,1.679
2026-09-17,b920f34d9678:unleaded95,b920f34d9678,unleaded95,change,1.609,1.599
2026-09-17,2676e12059bc:unleaded95,2676e12059bc,unleaded95,change,1.649,1.615
2026-09-17,3dc149493178:unleaded95,3dc149493178,unleaded95,change,1.649,1.615
2026-09-17,6ca3bacda2ef:unleaded95,6ca3bacda2ef,unleaded95,change,1.649,1.619
2026-09-17,99e322d6ea26:unleaded95,99e322d6ea26,unleaded95,change,1.649,1.615
2026-09-17,e6d810278243:unleaded95,e6d810278243,unleaded95,change,1.665,1.645
2026-09-17,cc747759de94:unleaded95,cc747759de94,unleaded95,change,1.665,1.645
2026-09-17,0fa89e115816:unleaded95,0fa89e115816,unleaded95,change,1.669,1.659
2026-09-17,43962c7fecd8:unleaded95,43962c7fecd8,unleaded95,change,1.669,1.649
2026-09-17,458aa789203d:unleaded95,458aa789203d,unleaded95,change,1.669,1.649
2026-09-17,42e035b752d8:unleaded95,42e035b752d8,unleaded95,change,1.669,1.649
2026-09-17,8d38472ccb06:unleaded95,8d38472ccb06,unleaded95,change,1.669,1.649
2026-09-17,4f835e812e0f:unleaded95,4f835e812e0f,unleaded95,change,1.669,1.649
2026-09-17,42462b695ab2:unleaded95,42462b695ab2,unleaded95,change,1.669,1.649
2026-09-17,187618635ba0:unleaded95,187618635ba0,unleaded95,change,1.669,1.649
2026-09-17,bcfe91ea09aa:unleaded95,bcfe91ea09aa,unleaded95,change,1.644,1.647
2026-09-17,8899ec50983b:unleaded95,8899ec50983b,unleaded95,change,1.639,1.619
2026-09-17,7b205bef86bd:unleaded95,7b205bef86bd,unleaded95,change,1.619,1.609
2026-09-17,5f6aecc094a5:unleaded95,5f6aecc094a5,unleaded95,change,1.639,1.616
2026-09-17,3fef2e98f65b:unleaded95,3fef2e98f65b,unleaded95,change,1.667,1.645
2026-09-17,4b3ea41ef444:unleaded95,4b3ea41ef444,unleaded95,change,1.657,1.637
2026-09-17,7c3d4980155f:unleaded95,7c3d4980155f,unleaded95,change,1.678,1.665
2026-09-17,49f291bb3d72:unleaded95,49f291bb3d72,unleaded95,change,1.659,1.646
2026-09-17,bbe6fff4e9d1:unleaded95,bbe6fff4e9d1,unleaded95,change,1.682,1.662
2026-09-17,cfd3fe33b227:unleaded95,cfd3fe33b227,unleaded95,change,1.647,1.637
2026-09-17,018228a5741c:unleaded95,018228a5741c,unleaded95,change,1.666,1.646
2026-09-17,d31ea5693826:unleaded95,d31ea5693826,unleaded95,change,1.665,1.649
2026-09-17,ca9163f0f3f8:unleaded95,ca9163f0f3f8,unleaded95,change,1.667,1.659
2026-09-17,c7f59703554a:unleaded95,c7f59703554a,unleaded95,change,1.667,1.649
2026-09-17,178bce87f3a6:unleaded95,178bce87f3a6,unleaded95,change,1.667,1.649
2026-09-17,b3875ccbca12:unleaded95,b3875ccbca12,unleaded95,change,1.687,1.666
2026-09-17,e2fd268c172a:unleaded95,e2fd268c172a,unleaded95,change,1.689,1.669
2026-09-17,7e13d23a29b2:unleaded95,7e13d23a29b2,unleaded95,change,1.697,1.687
2026-09-17,d47ea3209c18:unleaded95,d47ea3209c18,unleaded95,change,1.657,1.637
2026-09-17,89f3721e58ea:unleaded95,89f3721e58ea,unleaded95,change,1.687,1.667
2026-09-17,73e26adc0d93:unleaded95,73e26adc0d93,unleaded95,change,1.679,1.653
2026-09-17,e551eeff6720:unleaded95,e551eeff6720,unleaded95,change,1.667,1.647
2026-09-17,3ede104e6d56:unleaded95,3ede104e6d56,unleaded95,change,1.667,1.659
2026-09-17,d8f54ff2148b:unleaded95,d8f54ff2148b,unleaded95,change,1.669,1.659
2026-09-17,d2ec9f5d093e:unleaded95,d2ec9f5d093e,unleaded95,change,1.669,1.649
2026-09-17,23c7b3207f92:unleaded95,23c7b3207f92,unleaded95,change,1.649,1.645
2026-09-17,39fd6925ae42:unleaded95,39fd6925ae42,unleaded95,change,1.669,1.649
2026-09-17,dc99e1b517b2:unleaded95,dc99e1b517b2,unleaded95,change,1.639,1.629
2026-09-17,4fd43e7e497c:unleaded95,4fd43e7e497c,unleaded95,change,1.667,1.649
2026-09-17,9746fda18600:unleaded95,9746fda18600,unleaded95,change,1.669,1.649
2026-09-17,f7018faecfa5:unleaded95,f7018faecfa5,unleaded95,change,1.669,1.649
2026-09-17,567e7e2b96ac:unleaded95,567e7e2b96ac,unleaded95,change,1.669,1.649
2026-09-17,25791d087864:unleaded95,25791d087864,unleaded95,change,1.669,1.649
2026-09-17,3a0c41beebb7:unleaded95,3a0c41beebb7,unleaded95,change,1.669,1.649
2026-09-17,f8ad88f2d98a:unleaded95,f8ad88f2d98a,unleaded95,change,1.669,1.649
2026-09-17,503646d494d5:unleaded95,503646d494d5,unleaded95,change,1.669,1.649
2026-09-17,74b8ac0b63cd:unleaded95,74b8ac0b63cd,unleaded95,change,1.669,1.649
2026-09-17,e7bfeaa9c428:unleaded95,e7bfeaa9c428,unleaded95,change,1.669,1.649
2026-09-17,e2988b40a3b9:unleaded95,e2988b40a3b9,unleaded95,change,1.616,1.598
2026-09-17,1476a096e3ba:unleaded95,1476a096e3ba,unleaded95,change,1.635,1.625
2026-09-17,cfec076bb164:unleaded95,cfec076bb164,unleaded95,change,1.699,1.679
2026-09-17,f1dfb918aa44:unleaded95,f1dfb918aa44,unleaded95,change,1.699,1.665
2026-09-17,5697a79e3714:unleaded95,5697a79e3714,unleaded95,change,1.669,1.659
2026-09-17,5fdf8a375f2a:unleaded95,5fdf8a375f2a,unleaded95,change,1.687,1.667
2026-09-17,46946a1f650f:unleaded95,46946a1f650f,unleaded95,change,1.689,1.669
2026-09-17,285b1e3703eb:unleaded95,285b1e3703eb,unleaded95,change,1.667,1.647
2026-09-17,bb62751b98a5:unleaded95,bb62751b98a5,unleaded95,change,1.667,1.647
2026-09-17,117c3b6f97d9:unleaded95,117c3b6f97d9,unleaded95,change,1.687,1.667
2026-09-17,66e87f05a350:unleaded95,66e87f05a350,unleaded95,change,1.653,1.623
2026-09-17,7ea7211d094c:unleaded95,7ea7211d094c,unleaded95,change,1.667,1.647
2026-09-17,565dd6821200:unleaded95,565dd6821200,unleaded95,change,1.653,1.623
2026-09-17,66d305f4af2e:unleaded95,66d305f4af2e,unleaded95,change,1.667,1.647
2026-09-17,b109dbc73edf:unleaded95,b109dbc73edf,unleaded95,change,1.667,1.647
2026-09-17,b20e8e600357:unleaded95,b20e8e600357,unleaded95,change,1.667,1.647
2026-09-17,0effbc30de91:unleaded95,0effbc30de91,unleaded95,change,1.669,1.645
2026-09-17,624124474669:unleaded95,624124474669,unleaded95,change,1.669,1.649
2026-09-17,462ee152ff3b:unleaded95,462ee152ff3b,unleaded95,change,1.669,1.649
2026-09-17,71cfa14de08b:unleaded95,71cfa14de08b,unleaded95,change,1.669,1.649
2026-09-17,8f76232b6d53:unleaded95,8f76232b6d53,unleaded95,change,1.663,1.643
2026-09-17,fe4873a2e4a6:unleaded95,fe4873a2e4a6,unleaded95,change,1.659,1.649
2026-09-17,acf6a1b651b0:unleaded95,acf6a1b651b0,unleaded95,change,1.595,1.585
2026-09-17,71f50aee8649:unleaded95,71f50aee8649,unleaded95,change,1.707,1.687
2026-09-17,2bb2812d2829:unleaded95,2bb2812d2829,unleaded95,change,1.678,1.669
2026-09-17,b431bffa5187:unleaded95,b431bffa5187,unleaded95,change,1.685,1.664
2026-09-17,d6e5e190801d:unleaded95,d6e5e190801d,unleaded95,change,1.685,1.663
2026-09-17,b994933d2448:unleaded95,b994933d2448,unleaded95,change,1.679,1.669
2026-09-17,34932a59bf86:unleaded95,34932a59bf86,unleaded95,change,1.679,1.669
2026-09-17,a8a9b3e4e12f:unleaded95,a8a9b3e4e12f,unleaded95,change,1.679,1.669
2026-09-17,f4ab2c452dea:unleaded95,f4ab2c452dea,unleaded95,change,1.679,1.669
2026-09-17,0a5e60e91490:unleaded95,0a5e60e91490,unleaded95,change,1.679,1.669
2026-09-17,7c12967369e5:unleaded95,7c12967369e5,unleaded95,change,1.689,1.679
2026-09-17,70b0af332d9f:unleaded95,70b0af332d9f,unleaded95,change,1.665,1.647
2026-09-17,c6158b4fcb5f:unleaded95,c6158b4fcb5f,unleaded95,change,1.698,1.679
2026-09-17,0e4663dea41e:unleaded95,0e4663dea41e,unleaded95,change,1.719,1.699
2026-09-17,d63746beb1b5:unleaded95,d63746beb1b5,unleaded95,change,1.725,1.685
2026-09-17,e796a9d3d435:unleaded95,e796a9d3d435,unleaded95,change,1.718,1.698
2026-09-17,216880e896f0:unleaded95,216880e896f0,unleaded95,change,1.667,1.648
2026-09-17,6cbad4fb4f78:unleaded95,6cbad4fb4f78,unleaded95,change,1.667,1.647
2026-09-17,0ed0b92e6d0c:unleaded95,0ed0b92e6d0c,unleaded95,change,1.667,1.647
2026-09-17,48113cc9c12a:unleaded95,48113cc9c12a,unleaded95,change,1.687,1.668
2026-09-17,65b480ad17ec:unleaded95,65b480ad17ec,unleaded95,change,1.662,1.642
2026-09-17,c42afad7f35d:unleaded95,c42afad7f35d,unleaded95,change,1.665,1.649
2026-09-17,84148c33cbb4:unleaded95,84148c33cbb4,unleaded95,change,1.667,1.647
2026-09-17,743927ebc86a:unleaded95,743927ebc86a,unleaded95,change,1.647,1.642
2026-09-17,cc2e49c3c04f:unleaded95,cc2e49c3c04f,unleaded95,change,1.647,1.642
2026-09-17,92d17347e22a:unleaded95,92d17347e22a,unleaded95,change,1.667,1.647
2026-09-17,366a0c1d06e2:unleaded95,366a0c1d06e2,unleaded95,change,1.669,1.649
2026-09-17,5567cd093258:unleaded95,5567cd093258,unleaded95,change,1.679,1.666
2026-09-17,50a8f4e8f043:unleaded95,50a8f4e8f043,unleaded95,change,1.679,1.666
2026-09-17,f31b0c4ec3e6:unleaded95,f31b0c4ec3e6,unleaded95,change,1.667,1.647
2026-09-17,428b07ccf758:unleaded98,428b07ccf758,unleaded98,change,1.727,1.707
2026-09-17,772be93750d2:unleaded98,772be93750d2,unleaded98,change,1.743,1.744
2026-09-17,14ab75b4aa66:unleaded98,14ab75b4aa66,unleaded98,change,1.797,1.765
2026-09-17,f06cc2016c8b:unleaded98,f06cc2016c8b,unleaded98,change,1.807,1.795
2026-09-17,32039ce18953:unleaded98,32039ce18953,unleaded98,change,1.737,1.717
2026-09-17,1a16860d8e30:unleaded98,1a16860d8e30,unleaded98,change,1.729,1.689
2026-09-17,ed2f040407db:unleaded98,ed2f040407db,unleaded98,change,1.696,1.685
2026-09-17,01ce074bf8e9:unleaded98,01ce074bf8e9,unleaded98,change,1.769,1.739
2026-09-17,d825945d0dc1:unleaded98,d825945d0dc1,unleaded98,change,1.699,1.685
2026-09-17,08c3056f889a:unleaded98,08c3056f889a,unleaded98,change,1.744,1.745
2026-09-17,ba65517bf3ed:unleaded98,ba65517bf3ed,unleaded98,change,1.699,1.685
2026-09-17,3fdaa889148c:unleaded98,3fdaa889148c,unleaded98,change,1.709,1.699
2026-09-17,30e807950de4:unleaded98,30e807950de4,unleaded98,change,1.709,1.689
2026-09-17,40e8c72b6e83:unleaded98,40e8c72b6e83,unleaded98,change,1.739,1.729
2026-09-17,43962c7fecd8:unleaded98,43962c7fecd8,unleaded98,change,1.719,1.699
2026-09-17,458aa789203d:unleaded98,458aa789203d,unleaded98,change,1.719,1.699
2026-09-17,0fa89e115816:unleaded98,0fa89e115816,unleaded98,change,1.719,1.699
2026-09-17,42e035b752d8:unleaded98,42e035b752d8,unleaded98,change,1.719,1.699
2026-09-17,0ec6995b7755:unleaded98,0ec6995b7755,unleaded98,change,1.719,1.699
2026-09-17,293b8fa19bf7:unleaded98,293b8fa19bf7,unleaded98,change,1.719,1.699
2026-09-17,4f835e812e0f:unleaded98,4f835e812e0f,unleaded98,change,1.719,1.699
2026-09-17,a1cbb4c4a9c8:unleaded98,a1cbb4c4a9c8,unleaded98,change,1.719,1.699
2026-09-17,8d38472ccb06:unleaded98,8d38472ccb06,unleaded98,change,1.719,1.699
2026-09-17,0f4f50ae5f90:unleaded98,0f4f50ae5f90,unleaded98,change,1.719,1.699
2026-09-17,99e322d6ea26:unleaded98,99e322d6ea26,unleaded98,change,1.719,1.699
2026-09-17,cc747759de94:unleaded98,cc747759de94,unleaded98,change,1.719,1.699
2026-09-17,6ca3bacda2ef:unleaded98,6ca3bacda2ef,unleaded98,change,1.719,1.699
2026-09-17,e6d810278243:unleaded98,e6d810278243,unleaded98,change,1.719,1.699
2026-09-17,d59f16d1ea1f:unleaded98,d59f16d1ea1f,unleaded98,change,1.719,1.699
2026-09-17,42462b695ab2:unleaded98,42462b695ab2,unleaded98,change,1.719,1.699
2026-09-17,2676e12059bc:unleaded98,2676e12059bc,unleaded98,change,1.719,1.699
2026-09-17,64c1bca40276:unleaded98,64c1bca40276,unleaded98,change,1.719,1.699
2026-09-17,1a10004ef1a9:unleaded98,1a10004ef1a9,unleaded98,change,1.719,1.699
2026-09-17,b920f34d9678:unleaded98,b920f34d9678,unleaded98,change,1.719,1.699
2026-09-17,da0b210a2136:unleaded98,da0b210a2136,unleaded98,change,1.719,1.699
2026-09-17,77af34d3792b:unleaded98,77af34d3792b,unleaded98,change,1.719,1.699
2026-09-17,187618635ba0:unleaded98,187618635ba0,unleaded98,change,1.719,1.699
2026-09-17,3dc149493178:unleaded98,3dc149493178,unleaded98,change,1.719,1.699
2026-09-17,1f9b60bded75:unleaded98,1f9b60bded75,unleaded98,change,1.719,1.699
2026-09-17,0708c47ecb63:unleaded98,0708c47ecb63,unleaded98,change,1.719,1.699
2026-09-17,5a78a7364d62:unleaded98,5a78a7364d62,unleaded98,change,1.719,1.699
2026-09-17,f4d2b1d30ed4:unleaded98,f4d2b1d30ed4,unleaded98,change,1.696,1.685
2026-09-17,a3c0cf5666e0:unleaded98,a3c0cf5666e0,unleaded98,change,1.696,1.685
2026-09-17,507f1f44e378:unleaded98,507f1f44e378,unleaded98,change,1.696,1.685
2026-09-17,d9f037ee2555:unleaded98,d9f037ee2555,unleaded98,change,1.696,1.685
2026-09-17,b0e8f28941c2:unleaded98,b0e8f28941c2,unleaded98,change,1.696,1.685
2026-09-17,5d55628ec03b:unleaded98,5d55628ec03b,unleaded98,change,1.696,1.685
2026-09-17,7b3d6f74a132:unleaded98,7b3d6f74a132,unleaded98,change,1.696,1.685
2026-09-17,bcfe91ea09aa:unleaded98,bcfe91ea09aa,unleaded98,change,1.699,1.685
2026-09-17,8899ec50983b:unleaded98,8899ec50983b,unleaded98,change,1.699,1.689
2026-09-17,5f6aecc094a5:unleaded98,5f6aecc094a5,unleaded98,change,1.709,1.689
2026-09-17,3fef2e98f65b:unleaded98,3fef2e98f65b,unleaded98,change,1.797,1.775
2026-09-17,4b3ea41ef444:unleaded98,4b3ea41ef444,unleaded98,change,1.729,1.716
2026-09-17,7c3d4980155f:unleaded98,7c3d4980155f,unleaded98,change,1.728,1.716
2026-09-17,49f291bb3d72:unleaded98,49f291bb3d72,unleaded98,change,1.799,1.746
2026-09-17,bbe6fff4e9d1:unleaded98,bbe6fff4e9d1,unleaded98,change,1.722,1.702
2026-09-17,cfd3fe33b227:unleaded98,cfd3fe33b227,unleaded98,change,1.727,1.709
2026-09-17,018228a5741c:unleaded98,018228a5741c,unleaded98,change,1.706,1.696
2026-09-17,d31ea5693826:unleaded98,d31ea5693826,unleaded98,change,1.815,1.799
2026-09-17,178bce87f3a6:unleaded98,178bce87f3a6,unleaded98,change,1.817,1.799
2026-09-17,c7f59703554a:unleaded98,c7f59703554a,unleaded98,change,1.817,1.799
2026-09-17,ca9163f0f3f8:unleaded98,ca9163f0f3f8,unleaded98,change,1.817,1.809
2026-09-17,b3875ccbca12:unleaded98,b3875ccbca12,unleaded98,change,1.726,1.706
2026-09-17,e2fd268c172a:unleaded98,e2fd268c172a,unleaded98,change,1.739,1.719
2026-09-17,d47ea3209c18:unleaded98,d47ea3209c18,unleaded98,change,1.697,1.687
2026-09-17,89f3721e58ea:unleaded98,89f3721e58ea,unleaded98,change,1.727,1.707
2026-09-17,73e26adc0d93:unleaded98,73e26adc0d93,unleaded98,change,1.728,1.688
2026-09-17,e551eeff6720:unleaded98,e551eeff6720,unleaded98,change,1.707,1.697
2026-09-17,3ede104e6d56:unleaded98,3ede104e6d56,unleaded98,change,1.777,1.769
2026-09-17,d8f54ff2148b:unleaded98,d8f54ff2148b,unleaded98,change,1.819,1.809
2026-09-17,d2ec9f5d093e:unleaded98,d2ec9f5d093e,unleaded98,change,1.719,1.699
2026-09-17,5f1d9d44de4c:unleaded98,5f1d9d44de4c,unleaded98,change,1.692,1.674
2026-09-17,4a09006139d2:unleaded98,4a09006139d2,unleaded98,change,1.692,1.674
2026-09-17,23c7b3207f92:unleaded98,23c7b3207f92,unleaded98,change,1.706,1.700
2026-09-17,7510589f4eaa:unleaded98,7510589f4eaa,unleaded98,change,1.707,1.697
2026-09-17,39fd6925ae42:unleaded98,39fd6925ae42,unleaded98,change,1.709,1.699
2026-09-17,503646d494d5:unleaded98,503646d494d5,unleaded98,change,1.719,1.699
2026-09-17,74b8ac0b63cd:unleaded98,74b8ac0b63cd,unleaded98,change,1.719,1.699
2026-09-17,e7bfeaa9c428:unleaded98,e7bfeaa9c428,unleaded98,change,1.719,1.699
2026-09-17,25791d087864:unleaded98,25791d087864,unleaded98,change,1.719,1.699
2026-09-17,9bd07aac27bc:unleaded98,9bd07aac27bc,unleaded98,change,1.719,1.699
2026-09-17,3a0c41beebb7:unleaded98,3a0c41beebb7,unleaded98,change,1.719,1.699
2026-09-17,4a79c5105aa9:unleaded98,4a79c5105aa9,unleaded98,change,1.719,1.699
2026-09-17,dc99e1b517b2:unleaded98,dc99e1b517b2,unleaded98,change,1.719,1.699
2026-09-17,f8ad88f2d98a:unleaded98,f8ad88f2d98a,unleaded98,change,1.719,1.699
2026-09-17,f7018faecfa5:unleaded98,f7018faecfa5,unleaded98,change,1.719,1.699
2026-09-17,567e7e2b96ac:unleaded98,567e7e2b96ac,unleaded98,change,1.719,1.699
2026-09-17,9746fda18600:unleaded98,9746fda18600,unleaded98,change,1.719,1.699
2026-09-17,4fd43e7e497c:unleaded98,4fd43e7e497c,unleaded98,change,1.719,1.699
2026-09-17,e2988b40a3b9:unleaded98,e2988b40a3b9,unleaded98,change,1.692,1.674
2026-09-17,1476a096e3ba:unleaded98,1476a096e3ba,unleaded98,change,1.698,1.674
2026-09-17,cfec076bb164:unleaded98,cfec076bb164,unleaded98,change,1.779,1.759
2026-09-17,f1dfb918aa44:unleaded98,f1dfb918aa44,unleaded98,change,1.729,1.699
2026-09-17,5697a79e3714:unleaded98,5697a79e3714,unleaded98,change,1.719,1.709
2026-09-17,5fdf8a375f2a:unleaded98,5fdf8a375f2a,unleaded98,change,1.727,1.707
2026-09-17,46946a1f650f:unleaded98,46946a1f650f,unleaded98,change,1.729,1.709
2026-09-17,285b1e3703eb:unleaded98,285b1e3703eb,unleaded98,change,1.817,1.797
2026-09-17,bb62751b98a5:unleaded98,bb62751b98a5,unleaded98,change,1.817,1.797
2026-09-17,117c3b6f97d9:unleaded98,117c3b6f97d9,unleaded98,change,1.727,1.707
2026-09-17,66e87f05a350:unleaded98,66e87f05a350,unleaded98,change,1.709,1.689
2026-09-17,7ea7211d094c:unleaded98,7ea7211d094c,unleaded98,change,1.709,1.689
2026-09-17,565dd6821200:unleaded98,565dd6821200,unleaded98,change,1.719,1.699
2026-09-17,71cfa14de08b:unleaded98,71cfa14de08b,unleaded98,change,1.719,1.699
2026-09-17,b109dbc73edf:unleaded98,b109dbc73edf,unleaded98,change,1.719,1.699
2026-09-17,462ee152ff3b:unleaded98,462ee152ff3b,unleaded98,change,1.719,1.699
2026-09-17,66d305f4af2e:unleaded98,66d305f4af2e,unleaded98,change,1.719,1.699
2026-09-17,d82e742710ef:unleaded98,d82e742710ef,unleaded98,change,1.719,1.699
2026-09-17,b20e8e600357:unleaded98,b20e8e600357,unleaded98,change,1.719,1.699
2026-09-17,0effbc30de91:unleaded98,0effbc30de91,unleaded98,change,1.719,1.699
2026-09-17,624124474669:unleaded98,624124474669,unleaded98,change,1.719,1.699
2026-09-17,fe4873a2e4a6:unleaded98,fe4873a2e4a6,unleaded98,change,1.709,1.695
2026-09-17,47bdc6813569:unleaded98,47bdc6813569,unleaded98,change,1.716,1.699
2026-09-17,71f50aee8649:unleaded98,71f50aee8649,unleaded98,change,1.747,1.727
2026-09-17,2bb2812d2829:unleaded98,2bb2812d2829,unleaded98,change,1.828,1.819
2026-09-17,d6e5e190801d:unleaded98,d6e5e190801d,unleaded98,change,1.835,1.813
2026-09-17,b431bffa5187:unleaded98,b431bffa5187,unleaded98,change,1.835,1.814
2026-09-17,0c0bfa6b6769:unleaded98,0c0bfa6b6769,unleaded98,change,1.749,1.739
2026-09-17,a8a9b3e4e12f:unleaded98,a8a9b3e4e12f,unleaded98,change,1.729,1.719
2026-09-17,f4ab2c452dea:unleaded98,f4ab2c452dea,unleaded98,change,1.729,1.719
2026-09-17,0a5e60e91490:unleaded98,0a5e60e91490,unleaded98,change,1.729,1.719
2026-09-17,b994933d2448:unleaded98,b994933d2448,unleaded98,change,1.729,1.709
2026-09-17,34932a59bf86:unleaded98,34932a59bf86,unleaded98,change,1.729,1.719
2026-09-17,70b0af332d9f:unleaded98,70b0af332d9f,unleaded98,change,1.704,1.684
2026-09-17,c6158b4fcb5f:unleaded98,c6158b4fcb5f,unleaded98,change,1.748,1.729
2026-09-17,0e4663dea41e:unleaded98,0e4663dea41e,unleaded98,change,1.759,1.739
2026-09-17,d63746beb1b5:unleaded98,d63746beb1b5,unleaded98,change,1.769,1.745
2026-09-17,e796a9d3d435:unleaded98,e796a9d3d435,unleaded98,change,1.758,1.738
2026-09-17,216880e896f0:unleaded98,216880e896f0,unleaded98,change,1.817,1.798
2026-09-17,0ed0b92e6d0c:unleaded98,0ed0b92e6d0c,unleaded98,change,1.817,1.797
2026-09-17,6cbad4fb4f78:unleaded98,6cbad4fb4f78,unleaded98,change,1.817,1.797
2026-09-17,48113cc9c12a:unleaded98,48113cc9c12a,unleaded98,change,1.728,1.708
2026-09-17,84148c33cbb4:unleaded98,84148c33cbb4,unleaded98,change,1.719,1.699
2026-09-17,c42afad7f35d:unleaded98,c42afad7f35d,unleaded98,change,1.719,1.699
2026-09-17,65b480ad17ec:unleaded98,65b480ad17ec,unleaded98,change,1.719,1.699
2026-09-17,92d17347e22a:unleaded98,92d17347e22a,unleaded98,change,1.705,1.695
2026-09-17,366a0c1d06e2:unleaded98,366a0c1d06e2,unleaded98,change,1.708,1.688
2026-09-17,5567cd093258:unleaded98,5567cd093258,unleaded98,change,1.729,1.717
2026-09-17,50a8f4e8f043:unleaded98,50a8f4e8f043,unleaded98,change,1.729,1.717
2026-09-17,01d291cc5e9f:diesel,01d291cc5e9f,diesel,change,1.929,1.899
2026-09-17,428b07ccf758:diesel,428b07ccf758,diesel,change,1.949,1.929
2026-09-17,b08cefca3ef4:diesel,b08cefca3ef4,diesel,change,1.959,1.949
2026-09-17,772be93750d2:diesel,772be93750d2,diesel,change,1.898,1.902
2026-09-17,2435de52a3ba:diesel,2435de52a3ba,diesel,change,1.869,1.859
2026-09-17,2d1dc84554ad:diesel,2d1dc84554ad,diesel,change,1.899,1.884
2026-09-17,14ab75b4aa66:diesel,14ab75b4aa66,diesel,change,1.918,1.899
2026-09-17,f06cc2016c8b:diesel,f06cc2016c8b,diesel,change,1.927,1.917
2026-09-17,daf0981942c3:diesel,daf0981942c3,diesel,change,1.869,1.859
2026-09-17,32039ce18953:diesel,32039ce18953,diesel,change,1.959,1.939
2026-09-17,1a16860d8e30:diesel,1a16860d8e30,diesel,change,1.958,1.938
2026-09-17,ed2f040407db:diesel,ed2f040407db,diesel,change,1.899,1.885
2026-09-17,01ce074bf8e9:diesel,01ce074bf8e9,diesel,change,1.989,1.949
2026-09-17,d825945d0dc1:diesel,d825945d0dc1,diesel,change,1.899,1.905
2026-09-17,08c3056f889a:diesel,08c3056f889a,diesel,change,1.899,1.903
2026-09-17,ba65517bf3ed:diesel,ba65517bf3ed,diesel,change,1.899,1.902
2026-09-17,30e807950de4:diesel,30e807950de4,diesel,change,1.917,1.879
2026-09-17,40e8c72b6e83:diesel,40e8c72b6e83,diesel,change,1.969,1.949
2026-09-17,64c1bca40276:diesel,64c1bca40276,diesel,change,1.869,1.859
2026-09-17,1f9b60bded75:diesel,1f9b60bded75,diesel,change,1.869,1.859
2026-09-17,0ec6995b7755:diesel,0ec6995b7755,diesel,change,1.869,1.859
2026-09-17,d59f16d1ea1f:diesel,d59f16d1ea1f,diesel,change,1.879,1.869
2026-09-17,3dc149493178:diesel,3dc149493178,diesel,change,1.899,1.879
2026-09-17,2676e12059bc:diesel,2676e12059bc,diesel,change,1.919,1.899
2026-09-17,6ca3bacda2ef:diesel,6ca3bacda2ef,diesel,change,1.919,1.899
2026-09-17,99e322d6ea26:diesel,99e322d6ea26,diesel,change,1.919,1.899
2026-09-17,43962c7fecd8:diesel,43962c7fecd8,diesel,change,1.929,1.909
2026-09-17,458aa789203d:diesel,458aa789203d,diesel,change,1.929,1.909
2026-09-17,42e035b752d8:diesel,42e035b752d8,diesel,change,1.929,1.909
2026-09-17,cc747759de94:diesel,cc747759de94,diesel,change,1.929,1.909
2026-09-17,8d38472ccb06:diesel,8d38472ccb06,diesel,change,1.929,1.909
2026-09-17,e6d810278243:diesel,e6d810278243,diesel,change,1.929,1.909
2026-09-17,4f835e812e0f:diesel,4f835e812e0f,diesel,change,1.929,1.909
2026-09-17,187618635ba0:diesel,187618635ba0,diesel,change,1.929,1.909
2026-09-17,42462b695ab2:diesel,42462b695ab2,diesel,change,1.929,1.909
2026-09-17,d9f037ee2555:diesel,d9f037ee2555,diesel,change,1.899,1.885
2026-09-17,5d55628ec03b:diesel,5d55628ec03b,diesel,change,1.899,1.885
2026-09-17,b0e8f28941c2:diesel,b0e8f28941c2,diesel,change,1.899,1.885
2026-09-17,f4d2b1d30ed4:diesel,f4d2b1d30ed4,diesel,change,1.899,1.885
2026-09-17,7b3d6f74a132:diesel,7b3d6f74a132,diesel,change,1.899,1.885
2026-09-17,bcfe91ea09aa:diesel,bcfe91ea09aa,diesel,change,1.899,1.905
2026-09-17,a3c0cf5666e0:diesel,a3c0cf5666e0,diesel,change,1.899,1.885
2026-09-17,507f1f44e378:diesel,507f1f44e378,diesel,change,1.899,1.885
2026-09-17,8899ec50983b:diesel,8899ec50983b,diesel,change,1.899,1.879
2026-09-17,91d7bee2fcf0:diesel,91d7bee2fcf0,diesel,change,1.869,1.859
2026-09-17,5f6aecc094a5:diesel,5f6aecc094a5,diesel,change,1.898,1.878
2026-09-17,5b6d76f60256:diesel,5b6d76f60256,diesel,change,1.869,1.859
2026-09-17,3fef2e98f65b:diesel,3fef2e98f65b,diesel,change,1.929,1.909
2026-09-17,4b3ea41ef444:diesel,4b3ea41ef444,diesel,change,1.948,1.928
2026-09-17,7c3d4980155f:diesel,7c3d4980155f,diesel,change,1.948,1.928
2026-09-17,5fc48382973b:diesel,5fc48382973b,diesel,change,1.937,1.927
2026-09-17,49f291bb3d72:diesel,49f291bb3d72,diesel,change,1.939,1.919
2026-09-17,bbe6fff4e9d1:diesel,bbe6fff4e9d1,diesel,change,1.945,1.925
2026-09-17,cfd3fe33b227:diesel,cfd3fe33b227,diesel,change,1.947,1.929
2026-09-17,018228a5741c:diesel,018228a5741c,diesel,change,1.928,1.908
2026-09-17,d31ea5693826:diesel,d31ea5693826,diesel,change,1.926,1.907
2026-09-17,ca9163f0f3f8:diesel,ca9163f0f3f8,diesel,change,1.927,1.919
2026-09-17,178bce87f3a6:diesel,178bce87f3a6,diesel,change,1.929,1.907
2026-09-17,c7f59703554a:diesel,c7f59703554a,diesel,change,1.929,1.907
2026-09-17,ac585f0e2770:diesel,ac585f0e2770,diesel,change,1.938,1.928
2026-09-17,b3875ccbca12:diesel,b3875ccbca12,diesel,change,1.949,1.929
2026-09-17,e2fd268c172a:diesel,e2fd268c172a,diesel,change,1.949,1.929
2026-09-17,7e13d23a29b2:diesel,7e13d23a29b2,diesel,change,1.959,1.949
2026-09-17,d47ea3209c18:diesel,d47ea3209c18,diesel,change,1.929,1.909
2026-09-17,89f3721e58ea:diesel,89f3721e58ea,diesel,change,1.949,1.929
2026-09-17,e551eeff6720:diesel,e551eeff6720,diesel,change,1.939,1.919
2026-09-17,3ede104e6d56:diesel,3ede104e6d56,diesel,change,1.939,1.929
2026-09-17,d8f54ff2148b:diesel,d8f54ff2148b,diesel,change,1.929,1.919
2026-09-17,d2ec9f5d093e:diesel,d2ec9f5d093e,diesel,change,1.932,1.919
2026-09-17,23c7b3207f92:diesel,23c7b3207f92,diesel,change,1.909,1.907
2026-09-17,39fd6925ae42:diesel,39fd6925ae42,diesel,change,1.929,1.909
2026-09-17,7510589f4eaa:diesel,7510589f4eaa,diesel,change,1.929,1.907
2026-09-17,72bd542a8c85:diesel,72bd542a8c85,diesel,change,1.931,1.928
2026-09-17,dc99e1b517b2:diesel,dc99e1b517b2,diesel,change,1.905,1.899
2026-09-17,4fd43e7e497c:diesel,4fd43e7e497c,diesel,change,1.927,1.909
2026-09-17,567e7e2b96ac:diesel,567e7e2b96ac,diesel,change,1.929,1.909
2026-09-17,f7018faecfa5:diesel,f7018faecfa5,diesel,change,1.929,1.909
2026-09-17,9746fda18600:diesel,9746fda18600,diesel,change,1.929,1.909
2026-09-17,25791d087864:diesel,25791d087864,diesel,change,1.929,1.909
2026-09-17,3a0c41beebb7:diesel,3a0c41beebb7,diesel,change,1.929,1.909
2026-09-17,f8ad88f2d98a:diesel,f8ad88f2d98a,diesel,change,1.929,1.909
2026-09-17,503646d494d5:diesel,503646d494d5,diesel,change,1.929,1.909
2026-09-17,74b8ac0b63cd:diesel,74b8ac0b63cd,diesel,change,1.929,1.909
2026-09-17,e7bfeaa9c428:diesel,e7bfeaa9c428,diesel,change,1.929,1.909
2026-09-17,e2988b40a3b9:diesel,e2988b40a3b9,diesel,change,1.877,1.858
2026-09-17,1476a096e3ba:diesel,1476a096e3ba,diesel,change,1.905,1.895
2026-09-17,cfec076bb164:diesel,cfec076bb164,diesel,change,1.958,1.938
2026-09-17,f1dfb918aa44:diesel,f1dfb918aa44,diesel,change,1.945,1.919
2026-09-17,5697a79e3714:diesel,5697a79e3714,diesel,change,1.939,1.919
2026-09-17,5fdf8a375f2a:diesel,5fdf8a375f2a,diesel,change,1.949,1.929
2026-09-17,46946a1f650f:diesel,46946a1f650f,diesel,change,1.949,1.929
2026-09-17,285b1e3703eb:diesel,285b1e3703eb,diesel,change,1.929,1.917
2026-09-17,bb62751b98a5:diesel,bb62751b98a5,diesel,change,1.929,1.917
2026-09-17,117c3b6f97d9:diesel,117c3b6f97d9,diesel,change,1.949,1.929
2026-09-17,66e87f05a350:diesel,66e87f05a350,diesel,change,1.917,1.887
2026-09-17,7ea7211d094c:diesel,7ea7211d094c,diesel,change,1.929,1.909
2026-09-17,565dd6821200:diesel,565dd6821200,diesel,change,1.917,1.887
2026-09-17,66d305f4af2e:diesel,66d305f4af2e,diesel,change,1.929,1.909
2026-09-17,462ee152ff3b:diesel,462ee152ff3b,diesel,change,1.929,1.909
2026-09-17,71cfa14de08b:diesel,71cfa14de08b,diesel,change,1.929,1.909
2026-09-17,b109dbc73edf:diesel,b109dbc73edf,diesel,change,1.929,1.897
2026-09-17,0effbc30de91:diesel,0effbc30de91,diesel,change,1.929,1.909
2026-09-17,624124474669:diesel,624124474669,diesel,change,1.929,1.909
2026-09-17,b20e8e600357:diesel,b20e8e600357,diesel,change,1.929,1.909
2026-09-17,8f76232b6d53:diesel,8f76232b6d53,diesel,change,1.914,1.904
2026-09-17,fe4873a2e4a6:diesel,fe4873a2e4a6,diesel,change,1.925,1.909
2026-09-17,71f50aee8649:diesel,71f50aee8649,diesel,change,1.969,1.949
2026-09-17,2bb2812d2829:diesel,2bb2812d2829,diesel,change,1.937,1.929
2026-09-17,b431bffa5187:diesel,b431bffa5187,diesel,change,1.945,1.925
2026-09-17,d6e5e190801d:diesel,d6e5e190801d,diesel,change,1.945,1.925
2026-09-17,e02b4792b83a:diesel,e02b4792b83a,diesel,change,1.949,1.929
2026-09-17,0c0bfa6b6769:diesel,0c0bfa6b6769,diesel,change,1.969,1.949
2026-09-17,7c12967369e5:diesel,7c12967369e5,diesel,change,1.959,1.949
2026-09-17,70b0af332d9f:diesel,70b0af332d9f,diesel,change,1.925,1.905
2026-09-17,c6158b4fcb5f:diesel,c6158b4fcb5f,diesel,change,1.968,1.948
2026-09-17,0e4663dea41e:diesel,0e4663dea41e,diesel,change,1.989,1.959
2026-09-17,d63746beb1b5:diesel,d63746beb1b5,diesel,change,1.987,1.947
2026-09-17,e796a9d3d435:diesel,e796a9d3d435,diesel,change,1.978,1.958
2026-09-17,48113cc9c12a:diesel,48113cc9c12a,diesel,change,1.949,1.929
2026-09-17,65b480ad17ec:diesel,65b480ad17ec,diesel,change,1.919,1.905
2026-09-17,84148c33cbb4:diesel,84148c33cbb4,diesel,change,1.929,1.908
2026-09-17,c42afad7f35d:diesel,c42afad7f35d,diesel,change,1.929,1.908
2026-09-17,743927ebc86a:diesel,743927ebc86a,diesel,change,1.919,1.905
2026-09-17,cc2e49c3c04f:diesel,cc2e49c3c04f,diesel,change,1.919,1.894
2026-09-17,92d17347e22a:diesel,92d17347e22a,diesel,change,1.929,1.909
2026-09-17,366a0c1d06e2:diesel,366a0c1d06e2,diesel,change,1.931,1.919
2026-09-17,5567cd093258:diesel,5567cd093258,diesel,change,1.949,1.929
2026-09-17,50a8f4e8f043:diesel,50a8f4e8f043,diesel,change,1.949,1.929
2026-09-17,f31b0c4ec3e6:diesel,f31b0c4ec3e6,diesel,change,1.927,1.931
2026-09-17,b08cefca3ef4:heating_oil,b08cefca3ef4,heating_oil,change,1.596,1.583
2026-09-17,772be93750d2:heating_oil,772be93750d2,heating_oil,change,1.523,1.538
2026-09-17,1a16860d8e30:heating_oil,1a16860d8e30,heating_oil,change,1.593,1.583
2026-09-17,9cf1024093d0:heating_oil,9cf1024093d0,heating_oil,change,1.548,1.499
2026-09-17,30e807950de4:heating_oil,30e807950de4,heating_oil,change,1.548,1.528
2026-09-17,43962c7fecd8:heating_oil,43962c7fecd8,heating_oil,change,1.548,1.528
2026-09-17,458aa789203d:heating_oil,458aa789203d,heating_oil,change,1.548,1.528
2026-09-17,0fa89e115816:heating_oil,0fa89e115816,heating_oil,change,1.548,1.528
2026-09-17,99e322d6ea26:heating_oil,99e322d6ea26,heating_oil,change,1.548,1.528
2026-09-17,0ec6995b7755:heating_oil,0ec6995b7755,heating_oil,change,1.548,1.528
2026-09-17,0f4f50ae5f90:heating_oil,0f4f50ae5f90,heating_oil,change,1.548,1.528
2026-09-17,cc747759de94:heating_oil,cc747759de94,heating_oil,change,1.548,1.528
2026-09-17,6ca3bacda2ef:heating_oil,6ca3bacda2ef,heating_oil,change,1.548,1.528
2026-09-17,e6d810278243:heating_oil,e6d810278243,heating_oil,change,1.548,1.528
2026-09-17,8d38472ccb06:heating_oil,8d38472ccb06,heating_oil,change,1.548,1.528
2026-09-17,42e035b752d8:heating_oil,42e035b752d8,heating_oil,change,1.548,1.528
2026-09-17,1a10004ef1a9:heating_oil,1a10004ef1a9,heating_oil,change,1.548,1.528
2026-09-17,293b8fa19bf7:heating_oil,293b8fa19bf7,heating_oil,change,1.548,1.528
2026-09-17,4f835e812e0f:heating_oil,4f835e812e0f,heating_oil,change,1.548,1.528
2026-09-17,a1cbb4c4a9c8:heating_oil,a1cbb4c4a9c8,heating_oil,change,1.548,1.528
2026-09-17,da0b210a2136:heating_oil,da0b210a2136,heating_oil,change,1.548,1.528
2026-09-17,77af34d3792b:heating_oil,77af34d3792b,heating_oil,change,1.548,1.528
2026-09-17,64c1bca40276:heating_oil,64c1bca40276,heating_oil,change,1.548,1.528
2026-09-17,0708c47ecb63:heating_oil,0708c47ecb63,heating_oil,change,1.548,1.528
2026-09-17,b920f34d9678:heating_oil,b920f34d9678,heating_oil,change,1.548,1.528
2026-09-17,187618635ba0:heating_oil,187618635ba0,heating_oil,change,1.548,1.528
2026-09-17,3dc149493178:heating_oil,3dc149493178,heating_oil,change,1.548,1.528
2026-09-17,1f9b60bded75:heating_oil,1f9b60bded75,heating_oil,change,1.548,1.528
2026-09-17,5a78a7364d62:heating_oil,5a78a7364d62,heating_oil,change,1.548,1.528
2026-09-17,d59f16d1ea1f:heating_oil,d59f16d1ea1f,heating_oil,change,1.548,1.528
2026-09-17,42462b695ab2:heating_oil,42462b695ab2,heating_oil,change,1.548,1.528
2026-09-17,2676e12059bc:heating_oil,2676e12059bc,heating_oil,change,1.548,1.528
2026-09-17,8899ec50983b:heating_oil,8899ec50983b,heating_oil,change,1.559,1.529
2026-09-17,7b205bef86bd:heating_oil,7b205bef86bd,heating_oil,change,1.559,1.549
2026-09-17,91d7bee2fcf0:heating_oil,91d7bee2fcf0,heating_oil,change,1.519,1.509
2026-09-17,ea232bbb0de1:heating_oil,ea232bbb0de1,heating_oil,change,1.560,1.400
2026-09-17,3fef2e98f65b:heating_oil,3fef2e98f65b,heating_oil,change,1.559,1.529
2026-09-17,82d0d5b8a85f:heating_oil,82d0d5b8a85f,heating_oil,change,1.559,1.539
2026-09-17,7c3d4980155f:heating_oil,7c3d4980155f,heating_oil,change,1.558,1.547
2026-09-17,d47ea3209c18:heating_oil,d47ea3209c18,heating_oil,change,1.549,1.519
2026-09-17,e551eeff6720:heating_oil,e551eeff6720,heating_oil,change,1.569,1.539
2026-09-17,7510589f4eaa:heating_oil,7510589f4eaa,heating_oil,change,1.548,1.534
2026-09-17,567e7e2b96ac:heating_oil,567e7e2b96ac,heating_oil,change,1.548,1.528
2026-09-17,4fd43e7e497c:heating_oil,4fd43e7e497c,heating_oil,change,1.548,1.528
2026-09-17,f7018faecfa5:heating_oil,f7018faecfa5,heating_oil,change,1.548,1.528
2026-09-17,9746fda18600:heating_oil,9746fda18600,heating_oil,change,1.548,1.528
2026-09-17,74b8ac0b63cd:heating_oil,74b8ac0b63cd,heating_oil,change,1.548,1.528
2026-09-17,503646d494d5:heating_oil,503646d494d5,heating_oil,change,1.548,1.528
2026-09-17,e7bfeaa9c428:heating_oil,e7bfeaa9c428,heating_oil,change,1.548,1.528
2026-09-17,dc99e1b517b2:heating_oil,dc99e1b517b2,heating_oil,change,1.548,1.528
2026-09-17,f8ad88f2d98a:heating_oil,f8ad88f2d98a,heating_oil,change,1.548,1.528
2026-09-17,3a0c41beebb7:heating_oil,3a0c41beebb7,heating_oil,change,1.548,1.528
2026-09-17,4a79c5105aa9:heating_oil,4a79c5105aa9,heating_oil,change,1.548,1.528
2026-09-17,9bd07aac27bc:heating_oil,9bd07aac27bc,heating_oil,change,1.548,1.528
2026-09-17,25791d087864:heating_oil,25791d087864,heating_oil,change,1.548,1.528
2026-09-17,5697a79e3714:heating_oil,5697a79e3714,heating_oil,change,1.579,1.559
2026-09-17,66d305f4af2e:heating_oil,66d305f4af2e,heating_oil,change,1.548,1.528
2026-09-17,b109dbc73edf:heating_oil,b109dbc73edf,heating_oil,change,1.548,1.528
2026-09-17,462ee152ff3b:heating_oil,462ee152ff3b,heating_oil,change,1.548,1.528
2026-09-17,565dd6821200:heating_oil,565dd6821200,heating_oil,change,1.548,1.528
2026-09-17,71cfa14de08b:heating_oil,71cfa14de08b,heating_oil,change,1.548,1.528
2026-09-17,d82e742710ef:heating_oil,d82e742710ef,heating_oil,change,1.548,1.528
2026-09-17,0effbc30de91:heating_oil,0effbc30de91,heating_oil,change,1.548,1.528
2026-09-17,624124474669:heating_oil,624124474669,heating_oil,change,1.548,1.528
2026-09-17,b20e8e600357:heating_oil,b20e8e600357,heating_oil,change,1.548,1.528
2026-09-17,e02b4792b83a:heating_oil,e02b4792b83a,heating_oil,change,1.567,1.530
2026-09-17,02712f946c71:heating_oil,02712f946c71,heating_oil,change,1.598,1.569
2026-09-17,f4ab2c452dea:heating_oil,f4ab2c452dea,heating_oil,change,1.558,1.547
2026-09-17,0a5e60e91490:heating_oil,0a5e60e91490,heating_oil,change,1.558,1.547
2026-09-17,a8a9b3e4e12f:heating_oil,a8a9b3e4e12f,heating_oil,change,1.558,1.547
2026-09-17,b994933d2448:heating_oil,b994933d2448,heating_oil,change,1.558,1.547
2026-09-17,34932a59bf86:heating_oil,34932a59bf86,heating_oil,change,1.558,1.547
2026-09-17,c6158b4fcb5f:heating_oil,c6158b4fcb5f,heating_oil,change,1.582,1.558
2026-09-17,d63746beb1b5:heating_oil,d63746beb1b5,heating_oil,change,1.599,1.577
2026-09-17,c42afad7f35d:heating_oil,c42afad7f35d,heating_oil,change,1.548,1.528
2026-09-17,65b480ad17ec:heating_oil,65b480ad17ec,heating_oil,change,1.548,1.528
2026-09-17,84148c33cbb4:heating_oil,84148c33cbb4,heating_oil,change,1.548,1.528
2026-09-17,743927ebc86a:heating_oil,743927ebc86a,heating_oil,change,1.549,1.525
2026-09-17,cc2e49c3c04f:heating_oil,cc2e49c3c04f,heating_oil,change,1.549,1.495
2026-09-17,5567cd093258:heating_oil,5567cd093258,heating_oil,change,1.559,1.548
2026-09-17,50a8f4e8f043:heating_oil,50a8f4e8f043,heating_oil,change,1.559,1.548
2026-09-17,772be93750d2:kerosene,772be93750d2,kerosene,change,1.432,1.460
2026-09-17,9cf1024093d0:kerosene,9cf1024093d0,kerosene,change,1.465,1.398
2026-09-17,30e807950de4:kerosene,30e807950de4,kerosene,change,1.465,1.435
2026-09-17,0fa89e115816:kerosene,0fa89e115816,kerosene,change,1.465,1.435
2026-09-17,43962c7fecd8:kerosene,43962c7fecd8,kerosene,change,1.465,1.435
2026-09-17,458aa789203d:kerosene,458aa789203d,kerosene,change,1.465,1.435
2026-09-17,0f4f50ae5f90:kerosene,0f4f50ae5f90,kerosene,change,1.465,1.435
2026-09-17,0ec6995b7755:kerosene,0ec6995b7755,kerosene,change,1.465,1.435
2026-09-17,42e035b752d8:kerosene,42e035b752d8,kerosene,change,1.465,1.435
2026-09-17,99e322d6ea26:kerosene,99e322d6ea26,kerosene,change,1.465,1.435
2026-09-17,a1cbb4c4a9c8:kerosene,a1cbb4c4a9c8,kerosene,change,1.465,1.435
2026-09-17,cc747759de94:kerosene,cc747759de94,kerosene,change,1.465,1.435
2026-09-17,6ca3bacda2ef:kerosene,6ca3bacda2ef,kerosene,change,1.465,1.435
2026-09-17,e6d810278243:kerosene,e6d810278243,kerosene,change,1.465,1.435
2026-09-17,8d38472ccb06:kerosene,8d38472ccb06,kerosene,change,1.465,1.435
2026-09-17,1a10004ef1a9:kerosene,1a10004ef1a9,kerosene,change,1.465,1.435
2026-09-17,b920f34d9678:kerosene,b920f34d9678,kerosene,change,1.465,1.435
2026-09-17,0708c47ecb63:kerosene,0708c47ecb63,kerosene,change,1.465,1.435
2026-09-17,293b8fa19bf7:kerosene,293b8fa19bf7,kerosene,change,1.465,1.435
2026-09-17,4f835e812e0f:kerosene,4f835e812e0f,kerosene,change,1.465,1.435
2026-09-17,5a78a7364d62:kerosene,5a78a7364d62,kerosene,change,1.465,1.435
2026-09-17,64c1bca40276:kerosene,64c1bca40276,kerosene,change,1.465,1.435
2026-09-17,da0b210a2136:kerosene,da0b210a2136,kerosene,change,1.465,1.435
2026-09-17,77af34d3792b:kerosene,77af34d3792b,kerosene,change,1.465,1.435
2026-09-17,187618635ba0:kerosene,187618635ba0,kerosene,change,1.465,1.435
2026-09-17,3dc149493178:kerosene,3dc149493178,kerosene,change,1.465,1.435
2026-09-17,1f9b60bded75:kerosene,1f9b60bded75,kerosene,change,1.465,1.435
2026-09-17,d59f16d1ea1f:kerosene,d59f16d1ea1f,kerosene,change,1.465,1.435
2026-09-17,2676e12059bc:kerosene,2676e12059bc,kerosene,change,1.465,1.435
2026-09-17,42462b695ab2:kerosene,42462b695ab2,kerosene,change,1.465,1.435
2026-09-17,8899ec50983b:kerosene,8899ec50983b,kerosene,change,1.469,1.439
2026-09-17,91d7bee2fcf0:kerosene,91d7bee2fcf0,kerosene,change,1.449,1.450
2026-09-17,ea232bbb0de1:kerosene,ea232bbb0de1,kerosene,change,1.500,1.400
2026-09-17,82d0d5b8a85f:kerosene,82d0d5b8a85f,kerosene,change,1.489,1.439
2026-09-17,d47ea3209c18:kerosene,d47ea3209c18,kerosene,change,1.469,1.439
2026-09-17,d2ec9f5d093e:kerosene,d2ec9f5d093e,kerosene,change,1.555,1.525
2026-09-17,567e7e2b96ac:kerosene,567e7e2b96ac,kerosene,change,1.465,1.435
2026-09-17,9746fda18600:kerosene,9746fda18600,kerosene,change,1.465,1.435
2026-09-17,4fd43e7e497c:kerosene,4fd43e7e497c,kerosene,change,1.465,1.435
2026-09-17,e7bfeaa9c428:kerosene,e7bfeaa9c428,kerosene,change,1.465,1.435
2026-09-17,f7018faecfa5:kerosene,f7018faecfa5,kerosene,change,1.465,1.435
2026-09-17,503646d494d5:kerosene,503646d494d5,kerosene,change,1.465,1.435
2026-09-17,74b8ac0b63cd:kerosene,74b8ac0b63cd,kerosene,change,1.465,1.435
2026-09-17,3a0c41beebb7:kerosene,3a0c41beebb7,kerosene,change,1.465,1.435
2026-09-17,4a79c5105aa9:kerosene,4a79c5105aa9,kerosene,change,1.465,1.435
2026-09-17,dc99e1b517b2:kerosene,dc99e1b517b2,kerosene,change,1.465,1.435
2026-09-17,f8ad88f2d98a:kerosene,f8ad88f2d98a,kerosene,change,1.465,1.435
2026-09-17,9bd07aac27bc:kerosene,9bd07aac27bc,kerosene,change,1.465,1.435
2026-09-17,25791d087864:kerosene,25791d087864,kerosene,change,1.465,1.435
2026-09-17,5697a79e3714:kerosene,5697a79e3714,kerosene,change,1.468,1.448
2026-09-17,66d305f4af2e:kerosene,66d305f4af2e,kerosene,change,1.465,1.435
2026-09-17,b109dbc73edf:kerosene,b109dbc73edf,kerosene,change,1.465,1.435
2026-09-17,462ee152ff3b:kerosene,462ee152ff3b,kerosene,change,1.465,1.435
2026-09-17,565dd6821200:kerosene,565dd6821200,kerosene,change,1.465,1.435
2026-09-17,71cfa14de08b:kerosene,71cfa14de08b,kerosene,change,1.465,1.435
2026-09-17,0effbc30de91:kerosene,0effbc30de91,kerosene,change,1.465,1.435
2026-09-17,624124474669:kerosene,624124474669,kerosene,change,1.465,1.435
2026-09-17,d82e742710ef:kerosene,d82e742710ef,kerosene,change,1.465,1.435
2026-09-17,b20e8e600357:kerosene,b20e8e600357,kerosene,change,1.465,1.435
2026-09-17,47bdc6813569:kerosene,47bdc6813569,kerosene,change,1.490,1.462
2026-09-17,b994933d2448:kerosene,b994933d2448,kerosene,change,1.475,1.455
2026-09-17,34932a59bf86:kerosene,34932a59bf86,kerosene,change,1.475,1.455
2026-09-17,a8a9b3e4e12f:kerosene,a8a9b3e4e12f,kerosene,change,1.475,1.455
2026-09-17,f4ab2c452dea:kerosene,f4ab2c452dea,kerosene,change,1.475,1.455
2026-09-17,0a5e60e91490:kerosene,0a5e60e91490,kerosene,change,1.475,1.455
2026-09-17,7c12967369e5:kerosene,7c12967369e5,kerosene,change,1.499,1.489
2026-09-17,c42afad7f35d:kerosene,c42afad7f35d,kerosene,change,1.465,1.435
2026-09-17,65b480ad17ec:kerosene,65b480ad17ec,kerosene,change,1.465,1.435
2026-09-17,84148c33cbb4:kerosene,84148c33cbb4,kerosene,change,1.465,1.435
2026-09-17,996e90f70398:unleaded98,996e90f70398,unleaded98,delisted,,1.707
2026-09-18,1b148a05085c:unleaded95,1b148a05085c,unleaded95,change,1.645,1.625
2026-09-18,73805dddf7aa:unleaded95,73805dddf7aa,unleaded95,change,1.681,1.665
2026-09-18,54ff5ad55f16:unleaded95,54ff5ad55f16,unleaded95,change,1.729,1.699
2026-09-18,5dd7d7a9710d:unleaded95,5dd7d7a9710d,unleaded95,change,1.625,1.609
2026-09-18,b08cefca3ef4:unleaded95,b08cefca3ef4,unleaded95,change,1.729,1.699
2026-09-18,8e414da9ad9e:unleaded95,8e414da9ad9e,unleaded95,change,1.696,1.680
2026-09-18,59fe848dcc1d:unleaded95,59fe848dcc1d,unleaded95,change,1.657,1.637
2026-09-18,772be93750d2:unleaded95,772be93750d2,unleaded95,change,1.642,1.643
2026-09-18,2435de52a3ba:unleaded95,2435de52a3ba,unleaded95,change,1.609,1.599
2026-09-18,67516854f59e:unleaded95,67516854f59e,unleaded95,change,1.637,1.615
2026-09-18,bc3de85eae09:unleaded95,bc3de85eae09,unleaded95,change,1.639,1.619
2026-09-18,2d1dc84554ad:unleaded95,2d1dc84554ad,unleaded95,change,1.645,1.613
2026-09-18,ed2f040407db:unleaded95,ed2f040407db,unleaded95,change,1.645,1.613
2026-09-18,e3a6cf9b7017:unleaded95,e3a6cf9b7017,unleaded95,change,1.667,1.647
2026-09-18,77450002346a:unleaded95,77450002346a,unleaded95,change,1.645,1.638
2026-09-18,0f0ceccc2b7e:unleaded95,0f0ceccc2b7e,unleaded95,change,1.681,1.665
2026-09-18,d81649f97c28:unleaded95,d81649f97c28,unleaded95,change,1.699,1.689
2026-09-18,08c3056f889a:unleaded95,08c3056f889a,unleaded95,change,1.642,1.643
2026-09-18,5bbb1e8908dc:unleaded95,5bbb1e8908dc,unleaded95,change,1.687,1.667
2026-09-18,04eb0dc6ce16:unleaded95,04eb0dc6ce16,unleaded95,change,1.680,1.665
2026-09-18,5a578950625a:unleaded95,5a578950625a,unleaded95,change,1.687,1.667
2026-09-18,6e239d2282b3:unleaded95,6e239d2282b3,unleaded95,change,1.625,1.609
2026-09-18,0cd6f55cdb37:unleaded95,0cd6f55cdb37,unleaded95,change,1.625,1.609
2026-09-18,09f80e0d2a27:unleaded95,09f80e0d2a27,unleaded95,change,1.625,1.609
2026-09-18,97bbb156e70b:unleaded95,97bbb156e70b,unleaded95,change,1.635,1.619
2026-09-18,73117467c0c8:unleaded95,73117467c0c8,unleaded95,change,1.639,1.619
2026-09-18,ba65517bf3ed:unleaded95,ba65517bf3ed,unleaded95,change,1.642,1.643
2026-09-18,123bfd0e9e3a:unleaded95,123bfd0e9e3a,unleaded95,change,1.655,1.639
2026-09-18,bcb9accad3db:unleaded95,bcb9accad3db,unleaded95,change,1.685,1.669
2026-09-18,119d69819e8d:unleaded95,119d69819e8d,unleaded95,change,1.685,1.669
2026-09-18,aea2d6e66b8f:unleaded95,aea2d6e66b8f,unleaded95,change,1.659,1.637
2026-09-18,d59f16d1ea1f:unleaded95,d59f16d1ea1f,unleaded95,change,1.639,1.619
2026-09-18,61489bbd24f4:unleaded95,61489bbd24f4,unleaded95,change,1.729,1.679
2026-09-18,d9f037ee2555:unleaded95,d9f037ee2555,unleaded95,change,1.645,1.613
2026-09-18,5d55628ec03b:unleaded95,5d55628ec03b,unleaded95,change,1.645,1.613
2026-09-18,7b3d6f74a132:unleaded95,7b3d6f74a132,unleaded95,change,1.645,1.613
2026-09-18,b0e8f28941c2:unleaded95,b0e8f28941c2,unleaded95,change,1.645,1.613
2026-09-18,f4d2b1d30ed4:unleaded95,f4d2b1d30ed4,unleaded95,change,1.645,1.613
2026-09-18,507f1f44e378:unleaded95,507f1f44e378,unleaded95,change,1.645,1.613
2026-09-18,a3c0cf5666e0:unleaded95,a3c0cf5666e0,unleaded95,change,1.645,1.613
2026-09-18,7b205bef86bd:unleaded95,7b205bef86bd,unleaded95,change,1.639,1.619
2026-09-18,ec323cfaf5f4:unleaded95,ec323cfaf5f4,unleaded95,change,1.696,1.680
2026-09-18,24f260ef3191:unleaded95,24f260ef3191,unleaded95,change,1.729,1.699
2026-09-18,91d7bee2fcf0:unleaded95,91d7bee2fcf0,unleaded95,change,1.609,1.599
2026-09-18,b99043294256:unleaded95,b99043294256,unleaded95,change,1.645,1.613
2026-09-18,b7ed85fcf4b7:unleaded95,b7ed85fcf4b7,unleaded95,change,1.678,1.658
2026-09-18,e1c953e44df3:unleaded95,e1c953e44df3,unleaded95,change,1.729,1.699
2026-09-18,29adfa02acca:unleaded95,29adfa02acca,unleaded95,change,1.639,1.609
2026-09-18,a048b4d2bd64:unleaded95,a048b4d2bd64,unleaded95,change,1.699,1.675
2026-09-18,1fe98156d14c:unleaded95,1fe98156d14c,unleaded95,change,1.699,1.675
2026-09-18,bda8d48d501e:unleaded95,bda8d48d501e,unleaded95,change,1.667,1.647
2026-09-18,018228a5741c:unleaded95,018228a5741c,unleaded95,change,1.686,1.666
2026-09-18,50bbcc14271b:unleaded95,50bbcc14271b,unleaded95,change,1.699,1.679
2026-09-18,ac585f0e2770:unleaded95,ac585f0e2770,unleaded95,change,1.674,1.669
2026-09-18,233254a84b2d:unleaded95,233254a84b2d,unleaded95,change,1.699,1.679
2026-09-18,c0e5c11d688d:unleaded95,c0e5c11d688d,unleaded95,change,1.689,1.669
2026-09-18,d5197602e9cf:unleaded95,d5197602e9cf,unleaded95,change,1.689,1.669
2026-09-18,7e13d23a29b2:unleaded95,7e13d23a29b2,unleaded95,change,1.707,1.697
2026-09-18,288f16b2cde1:unleaded95,288f16b2cde1,unleaded95,change,1.667,1.647
2026-09-18,e551eeff6720:unleaded95,e551eeff6720,unleaded95,change,1.677,1.667
2026-09-18,d8f54ff2148b:unleaded95,d8f54ff2148b,unleaded95,change,1.679,1.669
2026-09-18,873fd7d21413:unleaded95,873fd7d21413,unleaded95,change,1.666,1.649
2026-09-18,5f1d9d44de4c:unleaded95,5f1d9d44de4c,unleaded95,change,1.635,1.619
2026-09-18,4a09006139d2:unleaded95,4a09006139d2,unleaded95,change,1.635,1.619
2026-09-18,7510589f4eaa:unleaded95,7510589f4eaa,unleaded95,change,1.635,1.619
2026-09-18,23c7b3207f92:unleaded95,23c7b3207f92,unleaded95,change,1.665,1.649
2026-09-18,e47bff9f4edc:unleaded95,e47bff9f4edc,unleaded95,change,1.666,1.646
2026-09-18,dfc8523796a8:unleaded95,dfc8523796a8,unleaded95,change,1.666,1.646
2026-09-18,b42e8375c701:unleaded95,b42e8375c701,unleaded95,change,1.682,1.662
2026-09-18,36fb67511673:unleaded95,36fb67511673,unleaded95,change,1.685,1.669
2026-09-18,89f704207e91:unleaded95,89f704207e91,unleaded95,change,1.685,1.666
2026-09-18,d4092c9b4f08:unleaded95,d4092c9b4f08,unleaded95,change,1.663,1.655
2026-09-18,1476a096e3ba:unleaded95,1476a096e3ba,unleaded95,change,1.637,1.635
2026-09-18,ed726f0564b7:unleaded95,ed726f0564b7,unleaded95,change,1.689,1.669
2026-09-18,00e8792b88ef:unleaded95,00e8792b88ef,unleaded95,change,1.687,1.667
2026-09-18,69c2fb53eb4c:unleaded95,69c2fb53eb4c,unleaded95,change,1.685,1.669
2026-09-18,be850363d55b:unleaded95,be850363d55b,unleaded95,change,1.709,1.689
2026-09-18,7cb63eb7db4a:unleaded95,7cb63eb7db4a,unleaded95,change,1.686,1.665
2026-09-18,a13338dc541d:unleaded95,a13338dc541d,unleaded95,change,1.685,1.669
2026-09-18,5697a79e3714:unleaded95,5697a79e3714,unleaded95,change,1.679,1.669
2026-09-18,ac1e40cae503:unleaded95,ac1e40cae503,unleaded95,change,1.686,1.669
2026-09-18,f42c281a9496:unleaded95,f42c281a9496,unleaded95,change,1.715,1.699
2026-09-18,bb62751b98a5:unleaded95,bb62751b98a5,unleaded95,change,1.679,1.667
2026-09-18,285b1e3703eb:unleaded95,285b1e3703eb,unleaded95,change,1.679,1.667
2026-09-18,ae7fb39a6ec9:unleaded95,ae7fb39a6ec9,unleaded95,change,1.678,1.665
2026-09-18,f6f989575c60:unleaded95,f6f989575c60,unleaded95,change,1.685,1.669
2026-09-18,de92271f6ac9:unleaded95,de92271f6ac9,unleaded95,change,1.679,1.649
2026-09-18,dce42f6faf2a:unleaded95,dce42f6faf2a,unleaded95,change,1.679,1.666
2026-09-18,91c473332d72:unleaded95,91c473332d72,unleaded95,change,1.685,1.669
2026-09-18,fc394b0b3c0a:unleaded95,fc394b0b3c0a,unleaded95,change,1.665,1.649
2026-09-18,0af9f8bfb4c1:unleaded95,0af9f8bfb4c1,unleaded95,change,1.668,1.624
2026-09-18,44624b1025cd:unleaded95,44624b1025cd,unleaded95,change,1.685,1.669
2026-09-18,c7e92648a250:unleaded95,c7e92648a250,unleaded95,change,1.685,1.669
2026-09-18,ce1eb1eb6a71:unleaded95,ce1eb1eb6a71,unleaded95,change,1.685,1.669
2026-09-18,4ca921929927:unleaded95,4ca921929927,unleaded95,change,1.687,1.667
2026-09-18,17ee7f0dd4f0:unleaded95,17ee7f0dd4f0,unleaded95,change,1.669,1.649
2026-09-18,e743dc2607b2:unleaded95,e743dc2607b2,unleaded95,change,1.686,1.669
2026-09-18,69f804f17a32:unleaded95,69f804f17a32,unleaded95,change,1.686,1.669
2026-09-18,c0388ce15031:unleaded95,c0388ce15031,unleaded95,change,1.715,1.699
2026-09-18,f75770842fc7:unleaded95,f75770842fc7,unleaded95,change,1.687,1.667
2026-09-18,e7be22647dd4:unleaded95,e7be22647dd4,unleaded95,change,1.685,1.669
2026-09-18,6c1ec11817fc:unleaded95,6c1ec11817fc,unleaded95,change,1.685,1.669
2026-09-18,adc2bba2a282:unleaded95,adc2bba2a282,unleaded95,change,1.657,1.639
2026-09-18,8448a4c5531f:unleaded95,8448a4c5531f,unleaded95,change,1.639,1.619
2026-09-18,0a9aabc9ae21:unleaded95,0a9aabc9ae21,unleaded95,change,1.655,1.639
2026-09-18,f17f81a488ad:unleaded95,f17f81a488ad,unleaded95,change,1.659,1.649
2026-09-18,3e638c4e5fc9:unleaded95,3e638c4e5fc9,unleaded95,change,1.667,1.646
2026-09-18,25e9844b870d:unleaded95,25e9844b870d,unleaded95,change,1.685,1.669
2026-09-18,03fef4e54d18:unleaded95,03fef4e54d18,unleaded95,change,1.685,1.669
2026-09-18,04f7bb8cfb51:unleaded95,04f7bb8cfb51,unleaded95,change,1.685,1.669
2026-09-18,39363f6470ee:unleaded95,39363f6470ee,unleaded95,change,1.699,1.686
2026-09-18,54d562b7ab71:unleaded95,54d562b7ab71,unleaded95,change,1.698,1.678
2026-09-18,2bb2812d2829:unleaded95,2bb2812d2829,unleaded95,change,1.687,1.678
2026-09-18,d6e5e190801d:unleaded95,d6e5e190801d,unleaded95,change,1.688,1.685
2026-09-18,b431bffa5187:unleaded95,b431bffa5187,unleaded95,change,1.689,1.685
2026-09-18,2be80460e2e6:unleaded95,2be80460e2e6,unleaded95,change,1.699,1.686
2026-09-18,74c4f4a42210:unleaded95,74c4f4a42210,unleaded95,change,1.705,1.689
2026-09-18,0c0bfa6b6769:unleaded95,0c0bfa6b6769,unleaded95,change,1.718,1.699
2026-09-18,b0bfb1dc3b5b:unleaded95,b0bfb1dc3b5b,unleaded95,change,1.679,1.669
2026-09-18,15cf154d622b:unleaded95,15cf154d622b,unleaded95,change,1.709,1.679
2026-09-18,ac84fe0ca4a9:unleaded95,ac84fe0ca4a9,unleaded95,change,1.698,1.686
2026-09-18,02712f946c71:unleaded95,02712f946c71,unleaded95,change,1.749,1.729
2026-09-18,fcc769f17c2b:unleaded95,fcc769f17c2b,unleaded95,change,1.698,1.688
2026-09-18,83e2c7cccb9a:unleaded95,83e2c7cccb9a,unleaded95,change,1.685,1.669
2026-09-18,0bc666d07f6e:unleaded95,0bc666d07f6e,unleaded95,change,1.685,1.669
2026-09-18,1552d6c63ab2:unleaded95,1552d6c63ab2,unleaded95,change,1.685,1.669
2026-09-18,64e46f2932df:unleaded95,64e46f2932df,unleaded95,change,1.698,1.669
2026-09-18,87bc9a5f5af2:unleaded95,87bc9a5f5af2,unleaded95,change,1.698,1.669
2026-09-18,f5945935bb49:unleaded95,f5945935bb49,unleaded95,change,1.699,1.686
2026-09-18,122aa6b021d2:unleaded95,122aa6b021d2,unleaded95,change,1.698,1.686
2026-09-18,aec251ff51dc:unleaded95,aec251ff51dc,unleaded95,change,1.683,1.660
2026-09-18,7c12967369e5:unleaded95,7c12967369e5,unleaded95,change,1.709,1.689
2026-09-18,70804ad4c6ed:unleaded95,70804ad4c6ed,unleaded95,change,1.719,1.699
2026-09-18,f2f4e4925f53:unleaded95,f2f4e4925f53,unleaded95,change,1.694,1.684
2026-09-18,1bae28692c95:unleaded95,1bae28692c95,unleaded95,change,1.685,1.669
2026-09-18,8f64c72c7f44:unleaded95,8f64c72c7f44,unleaded95,change,1.685,1.669
2026-09-18,4ae21a9b5efa:unleaded95,4ae21a9b5efa,unleaded95,change,1.685,1.669
2026-09-18,efca9d48e28b:unleaded95,efca9d48e28b,unleaded95,change,1.685,1.669
2026-09-18,6ce5fb3545fe:unleaded95,6ce5fb3545fe,unleaded95,change,1.685,1.669
2026-09-18,a07b05ec2cfc:unleaded95,a07b05ec2cfc,unleaded95,change,1.685,1.669
2026-09-18,743927ebc86a:unleaded95,743927ebc86a,unleaded95,change,1.662,1.647
2026-09-18,cc2e49c3c04f:unleaded95,cc2e49c3c04f,unleaded95,change,1.662,1.647
2026-09-18,ce3d19ee3c70:unleaded95,ce3d19ee3c70,unleaded95,change,1.685,1.669
2026-09-18,4e416e4c8b88:unleaded95,4e416e4c8b88,unleaded95,change,1.685,1.669
2026-09-18,1b148a05085c:unleaded98,1b148a05085c,unleaded98,change,1.707,1.685
2026-09-18,73805dddf7aa:unleaded98,73805dddf7aa,unleaded98,change,1.740,1.720
2026-09-18,01d291cc5e9f:unleaded98,01d291cc5e9f,unleaded98,change,1.799,1.679
2026-09-18,54ff5ad55f16:unleaded98,54ff5ad55f16,unleaded98,change,1.769,1.749
2026-09-18,5dd7d7a9710d:unleaded98,5dd7d7a9710d,unleaded98,change,1.672,1.649
2026-09-18,8e414da9ad9e:unleaded98,8e414da9ad9e,unleaded98,change,1.762,1.739
2026-09-18,59fe848dcc1d:unleaded98,59fe848dcc1d,unleaded98,change,1.737,1.717
2026-09-18,2435de52a3ba:unleaded98,2435de52a3ba,unleaded98,change,1.759,1.749
2026-09-18,67516854f59e:unleaded98,67516854f59e,unleaded98,change,1.787,1.765
2026-09-18,bc3de85eae09:unleaded98,bc3de85eae09,unleaded98,change,1.789,1.769
2026-09-18,2d1dc84554ad:unleaded98,2d1dc84554ad,unleaded98,change,1.795,1.763
2026-09-18,daf0981942c3:unleaded98,daf0981942c3,unleaded98,change,1.719,1.699
2026-09-18,ed2f040407db:unleaded98,ed2f040407db,unleaded98,change,1.714,1.696
2026-09-18,e3a6cf9b7017:unleaded98,e3a6cf9b7017,unleaded98,change,1.707,1.697
2026-09-18,77450002346a:unleaded98,77450002346a,unleaded98,change,1.707,1.697
2026-09-18,0f0ceccc2b7e:unleaded98,0f0ceccc2b7e,unleaded98,change,1.741,1.710
2026-09-18,d81649f97c28:unleaded98,d81649f97c28,unleaded98,change,1.749,1.729
2026-09-18,08c3056f889a:unleaded98,08c3056f889a,unleaded98,change,1.757,1.744
2026-09-18,5bbb1e8908dc:unleaded98,5bbb1e8908dc,unleaded98,change,1.727,1.707
2026-09-18,04eb0dc6ce16:unleaded98,04eb0dc6ce16,unleaded98,change,1.735,1.715
2026-09-18,5a578950625a:unleaded98,5a578950625a,unleaded98,change,1.787,1.767
2026-09-18,0cd6f55cdb37:unleaded98,0cd6f55cdb37,unleaded98,change,1.672,1.649
2026-09-18,3fdaa889148c:unleaded98,3fdaa889148c,unleaded98,change,1.719,1.709
2026-09-18,123bfd0e9e3a:unleaded98,123bfd0e9e3a,unleaded98,change,1.732,1.709
2026-09-18,6e239d2282b3:unleaded98,6e239d2282b3,unleaded98,change,1.732,1.709
2026-09-18,97bbb156e70b:unleaded98,97bbb156e70b,unleaded98,change,1.732,1.709
2026-09-18,73117467c0c8:unleaded98,73117467c0c8,unleaded98,change,1.732,1.709
2026-09-18,bcb9accad3db:unleaded98,bcb9accad3db,unleaded98,change,1.732,1.709
2026-09-18,119d69819e8d:unleaded98,119d69819e8d,unleaded98,change,1.732,1.709
2026-09-18,09f80e0d2a27:unleaded98,09f80e0d2a27,unleaded98,change,1.732,1.709
2026-09-18,792650a717af:unleaded98,792650a717af,unleaded98,change,1.739,1.719
2026-09-18,aea2d6e66b8f:unleaded98,aea2d6e66b8f,unleaded98,change,1.727,1.707
2026-09-18,dc18f4cb1ad3:unleaded98,dc18f4cb1ad3,unleaded98,change,1.719,1.699
2026-09-18,61489bbd24f4:unleaded98,61489bbd24f4,unleaded98,change,1.769,1.729
2026-09-18,f4d2b1d30ed4:unleaded98,f4d2b1d30ed4,unleaded98,change,1.714,1.696
2026-09-18,7b3d6f74a132:unleaded98,7b3d6f74a132,unleaded98,change,1.714,1.696
2026-09-18,507f1f44e378:unleaded98,507f1f44e378,unleaded98,change,1.714,1.696
2026-09-18,a3c0cf5666e0:unleaded98,a3c0cf5666e0,unleaded98,change,1.714,1.696
2026-09-18,5d55628ec03b:unleaded98,5d55628ec03b,unleaded98,change,1.714,1.696
2026-09-18,d9f037ee2555:unleaded98,d9f037ee2555,unleaded98,change,1.714,1.696
2026-09-18,b0e8f28941c2:unleaded98,b0e8f28941c2,unleaded98,change,1.714,1.696
2026-09-18,bcfe91ea09aa:unleaded98,bcfe91ea09aa,unleaded98,change,1.735,1.699
2026-09-18,7b205bef86bd:unleaded98,7b205bef86bd,unleaded98,change,1.729,1.717
2026-09-18,ec323cfaf5f4:unleaded98,ec323cfaf5f4,unleaded98,change,1.762,1.739
2026-09-18,91d7bee2fcf0:unleaded98,91d7bee2fcf0,unleaded98,change,1.672,1.649
2026-09-18,5b6d76f60256:unleaded98,5b6d76f60256,unleaded98,change,1.719,1.699
2026-09-18,896e4ee2aacd:unleaded98,896e4ee2aacd,unleaded98,change,1.732,1.709
2026-09-18,b99043294256:unleaded98,b99043294256,unleaded98,change,1.717,1.709
2026-09-18,b7ed85fcf4b7:unleaded98,b7ed85fcf4b7,unleaded98,change,1.727,1.707
2026-09-18,5fc48382973b:unleaded98,5fc48382973b,unleaded98,change,1.807,1.795
2026-09-18,29adfa02acca:unleaded98,29adfa02acca,unleaded98,change,1.729,1.700
2026-09-18,a048b4d2bd64:unleaded98,a048b4d2bd64,unleaded98,change,1.788,1.735
2026-09-18,1fe98156d14c:unleaded98,1fe98156d14c,unleaded98,change,1.788,1.735
2026-09-18,bda8d48d501e:unleaded98,bda8d48d501e,unleaded98,change,1.707,1.697
2026-09-18,1ef5b819726d:unleaded98,1ef5b819726d,unleaded98,change,1.729,1.709
2026-09-18,018228a5741c:unleaded98,018228a5741c,unleaded98,change,1.726,1.706
2026-09-18,50bbcc14271b:unleaded98,50bbcc14271b,unleaded98,change,1.758,1.719
2026-09-18,ac585f0e2770:unleaded98,ac585f0e2770,unleaded98,change,1.824,1.819
2026-09-18,233254a84b2d:unleaded98,233254a84b2d,unleaded98,change,1.759,1.739
2026-09-18,c0e5c11d688d:unleaded98,c0e5c11d688d,unleaded98,change,1.729,1.709
2026-09-18,d5197602e9cf:unleaded98,d5197602e9cf,unleaded98,change,1.738,1.728
2026-09-18,7e13d23a29b2:unleaded98,7e13d23a29b2,unleaded98,change,1.907,1.887
2026-09-18,288f16b2cde1:unleaded98,288f16b2cde1,unleaded98,change,1.727,1.707
2026-09-18,e551eeff6720:unleaded98,e551eeff6720,unleaded98,change,1.729,1.707
2026-09-18,d8f54ff2148b:unleaded98,d8f54ff2148b,unleaded98,change,1.829,1.819
2026-09-18,873fd7d21413:unleaded98,873fd7d21413,unleaded98,change,1.717,1.700
2026-09-18,dfc8523796a8:unleaded98,dfc8523796a8,unleaded98,change,1.707,1.696
2026-09-18,e47bff9f4edc:unleaded98,e47bff9f4edc,unleaded98,change,1.707,1.696
2026-09-18,23c7b3207f92:unleaded98,23c7b3207f92,unleaded98,change,1.707,1.706
2026-09-18,7510589f4eaa:unleaded98,7510589f4eaa,unleaded98,change,1.719,1.707
2026-09-18,39fd6925ae42:unleaded98,39fd6925ae42,unleaded98,change,1.719,1.709
2026-09-18,b42e8375c701:unleaded98,b42e8375c701,unleaded98,change,1.722,1.702
2026-09-18,89f704207e91:unleaded98,89f704207e91,unleaded98,change,1.726,1.706
2026-09-18,36fb67511673:unleaded98,36fb67511673,unleaded98,change,1.727,1.709
2026-09-18,72bd542a8c85:unleaded98,72bd542a8c85,unleaded98,change,1.732,1.709
2026-09-18,d4092c9b4f08:unleaded98,d4092c9b4f08,unleaded98,change,1.713,1.705
2026-09-18,ed726f0564b7:unleaded98,ed726f0564b7,unleaded98,change,1.729,1.709
2026-09-18,00e8792b88ef:unleaded98,00e8792b88ef,unleaded98,change,1.727,1.707
2026-09-18,69c2fb53eb4c:unleaded98,69c2fb53eb4c,unleaded98,change,1.754,1.722
2026-09-18,be850363d55b:unleaded98,be850363d55b,unleaded98,change,1.829,1.809
2026-09-18,7cb63eb7db4a:unleaded98,7cb63eb7db4a,unleaded98,change,1.726,1.706
2026-09-18,a13338dc541d:unleaded98,a13338dc541d,unleaded98,change,1.732,1.709
2026-09-18,5697a79e3714:unleaded98,5697a79e3714,unleaded98,change,1.729,1.719
2026-09-18,ac1e40cae503:unleaded98,ac1e40cae503,unleaded98,change,1.733,1.709
2026-09-18,f42c281a9496:unleaded98,f42c281a9496,unleaded98,change,1.775,1.755
2026-09-18,285b1e3703eb:unleaded98,285b1e3703eb,unleaded98,change,1.829,1.817
2026-09-18,bb62751b98a5:unleaded98,bb62751b98a5,unleaded98,change,1.829,1.817
2026-09-18,ae7fb39a6ec9:unleaded98,ae7fb39a6ec9,unleaded98,change,1.728,1.716
2026-09-18,f6f989575c60:unleaded98,f6f989575c60,unleaded98,change,1.732,1.709
2026-09-18,de92271f6ac9:unleaded98,de92271f6ac9,unleaded98,change,1.729,1.699
2026-09-18,dce42f6faf2a:unleaded98,dce42f6faf2a,unleaded98,change,1.729,1.700
2026-09-18,a60171704519:unleaded98,a60171704519,unleaded98,change,1.732,1.698
2026-09-18,91c473332d72:unleaded98,91c473332d72,unleaded98,change,1.732,1.709
2026-09-18,fc394b0b3c0a:unleaded98,fc394b0b3c0a,unleaded98,change,1.712,1.689
2026-09-18,0af9f8bfb4c1:unleaded98,0af9f8bfb4c1,unleaded98,change,1.717,1.678
2026-09-18,66e87f05a350:unleaded98,66e87f05a350,unleaded98,change,1.719,1.709
2026-09-18,44624b1025cd:unleaded98,44624b1025cd,unleaded98,change,1.732,1.709
2026-09-18,ce1eb1eb6a71:unleaded98,ce1eb1eb6a71,unleaded98,change,1.732,1.709
2026-09-18,c7e92648a250:unleaded98,c7e92648a250,unleaded98,change,1.732,1.709
2026-09-18,4ca921929927:unleaded98,4ca921929927,unleaded98,change,1.787,1.767
2026-09-18,17ee7f0dd4f0:unleaded98,17ee7f0dd4f0,unleaded98,change,1.719,1.699
2026-09-18,8f76232b6d53:unleaded98,8f76232b6d53,unleaded98,change,1.699,1.694
2026-09-18,e743dc2607b2:unleaded98,e743dc2607b2,unleaded98,change,1.733,1.709
2026-09-18,69f804f17a32:unleaded98,69f804f17a32,unleaded98,change,1.733,1.709
2026-09-18,c0388ce15031:unleaded98,c0388ce15031,unleaded98,change,1.752,1.729
2026-09-18,f75770842fc7:unleaded98,f75770842fc7,unleaded98,change,1.847,1.827
2026-09-18,e7be22647dd4:unleaded98,e7be22647dd4,unleaded98,change,1.732,1.709
2026-09-18,6c1ec11817fc:unleaded98,6c1ec11817fc,unleaded98,change,1.737,1.714
2026-09-18,adc2bba2a282:unleaded98,adc2bba2a282,unleaded98,change,1.727,1.707
2026-09-18,0a9aabc9ae21:unleaded98,0a9aabc9ae21,unleaded98,change,1.705,1.699
2026-09-18,f17f81a488ad:unleaded98,f17f81a488ad,unleaded98,change,1.709,1.699
2026-09-18,8448a4c5531f:unleaded98,8448a4c5531f,unleaded98,change,1.779,1.759
2026-09-18,03fef4e54d18:unleaded98,03fef4e54d18,unleaded98,change,1.732,1.709
2026-09-18,04f7bb8cfb51:unleaded98,04f7bb8cfb51,unleaded98,change,1.732,1.709
2026-09-18,39363f6470ee:unleaded98,39363f6470ee,unleaded98,change,1.775,1.762
2026-09-18,2bb2812d2829:unleaded98,2bb2812d2829,unleaded98,change,1.837,1.828
2026-09-18,d6e5e190801d:unleaded98,d6e5e190801d,unleaded98,change,1.838,1.835
2026-09-18,b431bffa5187:unleaded98,b431bffa5187,unleaded98,change,1.839,1.835
2026-09-18,2be80460e2e6:unleaded98,2be80460e2e6,unleaded98,change,1.749,1.726
2026-09-18,0c0bfa6b6769:unleaded98,0c0bfa6b6769,unleaded98,change,1.758,1.749
2026-09-18,b0bfb1dc3b5b:unleaded98,b0bfb1dc3b5b,unleaded98,change,1.729,1.719
2026-09-18,15cf154d622b:unleaded98,15cf154d622b,unleaded98,change,1.759,1.739
2026-09-18,ac84fe0ca4a9:unleaded98,ac84fe0ca4a9,unleaded98,change,1.738,1.726
2026-09-18,02712f946c71:unleaded98,02712f946c71,unleaded98,change,1.949,1.929
2026-09-18,fcc769f17c2b:unleaded98,fcc769f17c2b,unleaded98,change,1.728,1.708
2026-09-18,83e2c7cccb9a:unleaded98,83e2c7cccb9a,unleaded98,change,1.732,1.709
2026-09-18,87bc9a5f5af2:unleaded98,87bc9a5f5af2,unleaded98,change,1.732,1.709
2026-09-18,0bc666d07f6e:unleaded98,0bc666d07f6e,unleaded98,change,1.732,1.709
2026-09-18,1552d6c63ab2:unleaded98,1552d6c63ab2,unleaded98,change,1.732,1.709
2026-09-18,64e46f2932df:unleaded98,64e46f2932df,unleaded98,change,1.732,1.709
2026-09-18,f5945935bb49:unleaded98,f5945935bb49,unleaded98,change,1.749,1.737
2026-09-18,122aa6b021d2:unleaded98,122aa6b021d2,unleaded98,change,1.749,1.737
2026-09-18,7c12967369e5:unleaded98,7c12967369e5,unleaded98,change,1.759,1.739
2026-09-18,70804ad4c6ed:unleaded98,70804ad4c6ed,unleaded98,change,1.759,1.737
2026-09-18,f2f4e4925f53:unleaded98,f2f4e4925f53,unleaded98,change,1.743,1.729
2026-09-18,1bae28692c95:unleaded98,1bae28692c95,unleaded98,change,1.732,1.709
2026-09-18,4ae21a9b5efa:unleaded98,4ae21a9b5efa,unleaded98,change,1.732,1.709
2026-09-18,8f64c72c7f44:unleaded98,8f64c72c7f44,unleaded98,change,1.732,1.709
2026-09-18,efca9d48e28b:unleaded98,efca9d48e28b,unleaded98,change,1.732,1.709
2026-09-18,6ce5fb3545fe:unleaded98,6ce5fb3545fe,unleaded98,change,1.732,1.709
2026-09-18,e9cef6250b69:unleaded98,e9cef6250b69,unleaded98,change,1.732,1.709
2026-09-18,a07b05ec2cfc:unleaded98,a07b05ec2cfc,unleaded98,change,1.732,1.709
2026-09-18,743927ebc86a:unleaded98,743927ebc86a,unleaded98,change,1.702,1.697
2026-09-18,cc2e49c3c04f:unleaded98,cc2e49c3c04f,unleaded98,change,1.702,1.685
2026-09-18,ce3d19ee3c70:unleaded98,ce3d19ee3c70,unleaded98,change,1.729,1.707
2026-09-18,f31b0c4ec3e6:unleaded98,f31b0c4ec3e6,unleaded98,change,1.732,1.709
2026-09-18,4e416e4c8b88:unleaded98,4e416e4c8b88,unleaded98,change,1.742,1.719
2026-09-18,1b148a05085c:diesel,1b148a05085c,diesel,change,1.908,1.885
2026-09-18,73805dddf7aa:diesel,73805dddf7aa,diesel,change,1.948,1.931
2026-09-18,54ff5ad55f16:diesel,54ff5ad55f16,diesel,change,1.989,1.969
2026-09-18,5dd7d7a9710d:diesel,5dd7d7a9710d,diesel,change,1.888,1.871
2026-09-18,b08cefca3ef4:diesel,b08cefca3ef4,diesel,change,1.989,1.959
2026-09-18,8e414da9ad9e:diesel,8e414da9ad9e,diesel,change,1.964,1.947
2026-09-18,59fe848dcc1d:diesel,59fe848dcc1d,diesel,change,1.959,1.939
2026-09-18,67516854f59e:diesel,67516854f59e,diesel,change,1.897,1.878
2026-09-18,bc3de85eae09:diesel,bc3de85eae09,diesel,change,1.898,1.879
2026-09-18,2d1dc84554ad:diesel,2d1dc84554ad,diesel,change,1.916,1.899
2026-09-18,ed2f040407db:diesel,ed2f040407db,diesel,change,1.916,1.899
2026-09-18,e3a6cf9b7017:diesel,e3a6cf9b7017,diesel,change,1.929,1.909
2026-09-18,0f0ceccc2b7e:diesel,0f0ceccc2b7e,diesel,change,1.948,1.931
2026-09-18,d81649f97c28:diesel,d81649f97c28,diesel,change,1.969,1.949
2026-09-18,08c3056f889a:diesel,08c3056f889a,diesel,change,1.898,1.899
2026-09-18,5bbb1e8908dc:diesel,5bbb1e8908dc,diesel,change,1.949,1.929
2026-09-18,04eb0dc6ce16:diesel,04eb0dc6ce16,diesel,change,1.950,1.932
2026-09-18,5a578950625a:diesel,5a578950625a,diesel,change,1.949,1.939
2026-09-18,6e239d2282b3:diesel,6e239d2282b3,diesel,change,1.888,1.871
2026-09-18,09f80e0d2a27:diesel,09f80e0d2a27,diesel,change,1.888,1.871
2026-09-18,0cd6f55cdb37:diesel,0cd6f55cdb37,diesel,change,1.888,1.871
2026-09-18,73117467c0c8:diesel,73117467c0c8,diesel,change,1.898,1.881
2026-09-18,ba65517bf3ed:diesel,ba65517bf3ed,diesel,change,1.898,1.899
2026-09-18,97bbb156e70b:diesel,97bbb156e70b,diesel,change,1.908,1.891
2026-09-18,123bfd0e9e3a:diesel,123bfd0e9e3a,diesel,change,1.918,1.901
2026-09-18,119d69819e8d:diesel,119d69819e8d,diesel,change,1.948,1.931
2026-09-18,bcb9accad3db:diesel,bcb9accad3db,diesel,change,1.948,1.931
2026-09-18,792650a717af:diesel,792650a717af,diesel,change,1.949,1.929
2026-09-18,aea2d6e66b8f:diesel,aea2d6e66b8f,diesel,change,1.919,1.899
2026-09-18,77af34d3792b:diesel,77af34d3792b,diesel,change,1.871,1.859
2026-09-18,d59f16d1ea1f:diesel,d59f16d1ea1f,diesel,change,1.898,1.879
2026-09-18,61489bbd24f4:diesel,61489bbd24f4,diesel,change,1.989,1.939
2026-09-18,f4d2b1d30ed4:diesel,f4d2b1d30ed4,diesel,change,1.916,1.899
2026-09-18,507f1f44e378:diesel,507f1f44e378,diesel,change,1.916,1.899
2026-09-18,a3c0cf5666e0:diesel,a3c0cf5666e0,diesel,change,1.916,1.899
2026-09-18,7b3d6f74a132:diesel,7b3d6f74a132,diesel,change,1.916,1.899
2026-09-18,5d55628ec03b:diesel,5d55628ec03b,diesel,change,1.916,1.899
2026-09-18,d9f037ee2555:diesel,d9f037ee2555,diesel,change,1.916,1.899
2026-09-18,b0e8f28941c2:diesel,b0e8f28941c2,diesel,change,1.916,1.899
2026-09-18,7b205bef86bd:diesel,7b205bef86bd,diesel,change,1.898,1.869
2026-09-18,ec323cfaf5f4:diesel,ec323cfaf5f4,diesel,change,1.964,1.947
2026-09-18,24f260ef3191:diesel,24f260ef3191,diesel,change,1.989,1.979
2026-09-18,91d7bee2fcf0:diesel,91d7bee2fcf0,diesel,change,1.878,1.869
2026-09-18,896e4ee2aacd:diesel,896e4ee2aacd,diesel,change,1.948,1.931
2026-09-18,b99043294256:diesel,b99043294256,diesel,change,1.949,1.919
2026-09-18,b7ed85fcf4b7:diesel,b7ed85fcf4b7,diesel,change,1.948,1.928
2026-09-18,e1c953e44df3:diesel,e1c953e44df3,diesel,change,1.989,1.979
2026-09-18,29adfa02acca:diesel,29adfa02acca,diesel,change,1.949,1.909
2026-09-18,a048b4d2bd64:diesel,a048b4d2bd64,diesel,change,1.982,1.943
2026-09-18,1fe98156d14c:diesel,1fe98156d14c,diesel,change,1.982,1.943
2026-09-18,bda8d48d501e:diesel,bda8d48d501e,diesel,change,1.927,1.909
2026-09-18,018228a5741c:diesel,018228a5741c,diesel,change,1.948,1.928
2026-09-18,50bbcc14271b:diesel,50bbcc14271b,diesel,change,1.949,1.939
2026-09-18,96a9e00b5b6d:diesel,96a9e00b5b6d,diesel,change,1.889,1.879
2026-09-18,ca9163f0f3f8:diesel,ca9163f0f3f8,diesel,change,1.937,1.927
2026-09-18,233254a84b2d:diesel,233254a84b2d,diesel,change,1.969,1.949
2026-09-18,c0e5c11d688d:diesel,c0e5c11d688d,diesel,change,1.949,1.929
2026-09-18,d5197602e9cf:diesel,d5197602e9cf,diesel,change,1.948,1.936
2026-09-18,7e13d23a29b2:diesel,7e13d23a29b2,diesel,change,1.969,1.959
2026-09-18,288f16b2cde1:diesel,288f16b2cde1,diesel,change,1.939,1.919
2026-09-18,73e26adc0d93:diesel,73e26adc0d93,diesel,change,1.969,1.929
2026-09-18,e551eeff6720:diesel,e551eeff6720,diesel,change,1.949,1.939
2026-09-18,873fd7d21413:diesel,873fd7d21413,diesel,change,1.929,1.909
2026-09-18,5f1d9d44de4c:diesel,5f1d9d44de4c,diesel,change,1.898,1.881
2026-09-18,4a09006139d2:diesel,4a09006139d2,diesel,change,1.898,1.881
2026-09-18,23c7b3207f92:diesel,23c7b3207f92,diesel,change,1.927,1.909
2026-09-18,e47bff9f4edc:diesel,e47bff9f4edc,diesel,change,1.928,1.907
2026-09-18,dfc8523796a8:diesel,dfc8523796a8,diesel,change,1.928,1.907
2026-09-18,72bd542a8c85:diesel,72bd542a8c85,diesel,change,1.938,1.931
2026-09-18,36fb67511673:diesel,36fb67511673,diesel,change,1.939,1.931
2026-09-18,b42e8375c701:diesel,b42e8375c701,diesel,change,1.945,1.925
2026-09-18,89f704207e91:diesel,89f704207e91,diesel,change,1.948,1.929
2026-09-18,ed726f0564b7:diesel,ed726f0564b7,diesel,change,1.949,1.929
2026-09-18,00e8792b88ef:diesel,00e8792b88ef,diesel,change,1.949,1.929
2026-09-18,69c2fb53eb4c:diesel,69c2fb53eb4c,diesel,change,1.949,1.932
2026-09-18,be850363d55b:diesel,be850363d55b,diesel,change,1.969,1.939
2026-09-18,7cb63eb7db4a:diesel,7cb63eb7db4a,diesel,change,1.947,1.927
2026-09-18,a13338dc541d:diesel,a13338dc541d,diesel,change,1.948,1.931
2026-09-18,5697a79e3714:diesel,5697a79e3714,diesel,change,1.959,1.939
2026-09-18,ac1e40cae503:diesel,ac1e40cae503,diesel,change,1.949,1.933
2026-09-18,f42c281a9496:diesel,f42c281a9496,diesel,change,1.975,1.959
2026-09-18,285b1e3703eb:diesel,285b1e3703eb,diesel,change,1.949,1.929
2026-09-18,bb62751b98a5:diesel,bb62751b98a5,diesel,change,1.949,1.929
2026-09-18,ae7fb39a6ec9:diesel,ae7fb39a6ec9,diesel,change,1.948,1.928
2026-09-18,f6f989575c60:diesel,f6f989575c60,diesel,change,1.953,1.936
2026-09-18,3d365e518577:diesel,3d365e518577,diesel,change,1.954,1.929
2026-09-18,de92271f6ac9:diesel,de92271f6ac9,diesel,change,1.949,1.909
2026-09-18,dce42f6faf2a:diesel,dce42f6faf2a,diesel,change,1.949,1.929
2026-09-18,91c473332d72:diesel,91c473332d72,diesel,change,1.948,1.931
2026-09-18,fc394b0b3c0a:diesel,fc394b0b3c0a,diesel,change,1.928,1.911
2026-09-18,0af9f8bfb4c1:diesel,0af9f8bfb4c1,diesel,change,1.928,1.908
2026-09-18,44624b1025cd:diesel,44624b1025cd,diesel,change,1.948,1.931
2026-09-18,c7e92648a250:diesel,c7e92648a250,diesel,change,1.948,1.931
2026-09-18,ce1eb1eb6a71:diesel,ce1eb1eb6a71,diesel,change,1.948,1.931
2026-09-18,4ca921929927:diesel,4ca921929927,diesel,change,1.949,1.939
2026-09-18,17ee7f0dd4f0:diesel,17ee7f0dd4f0,diesel,change,1.929,1.909
2026-09-18,8f76232b6d53:diesel,8f76232b6d53,diesel,change,1.924,1.914
2026-09-18,e743dc2607b2:diesel,e743dc2607b2,diesel,change,1.947,1.929
2026-09-18,69f804f17a32:diesel,69f804f17a32,diesel,change,1.949,1.931
2026-09-18,c0388ce15031:diesel,c0388ce15031,diesel,change,1.978,1.969
2026-09-18,f75770842fc7:diesel,f75770842fc7,diesel,change,1.949,1.939
2026-09-18,e7be22647dd4:diesel,e7be22647dd4,diesel,change,1.947,1.930
2026-09-18,6c1ec11817fc:diesel,6c1ec11817fc,diesel,change,1.948,1.929
2026-09-18,adc2bba2a282:diesel,adc2bba2a282,diesel,change,1.919,1.899
2026-09-18,8448a4c5531f:diesel,8448a4c5531f,diesel,change,1.919,1.899
2026-09-18,f17f81a488ad:diesel,f17f81a488ad,diesel,change,1.929,1.898
2026-09-18,0a9aabc9ae21:diesel,0a9aabc9ae21,diesel,change,1.929,1.888
2026-09-18,3e638c4e5fc9:diesel,3e638c4e5fc9,diesel,change,1.954,1.914
2026-09-18,25e9844b870d:diesel,25e9844b870d,diesel,change,1.948,1.931
2026-09-18,03fef4e54d18:diesel,03fef4e54d18,diesel,change,1.948,1.931
2026-09-18,04f7bb8cfb51:diesel,04f7bb8cfb51,diesel,change,1.953,1.936
2026-09-18,39363f6470ee:diesel,39363f6470ee,diesel,change,1.959,1.943
2026-09-18,54d562b7ab71:diesel,54d562b7ab71,diesel,change,1.976,1.948
2026-09-18,2bb2812d2829:diesel,2bb2812d2829,diesel,change,1.947,1.937
2026-09-18,d6e5e190801d:diesel,d6e5e190801d,diesel,change,1.948,1.945
2026-09-18,b431bffa5187:diesel,b431bffa5187,diesel,change,1.949,1.945
2026-09-18,2be80460e2e6:diesel,2be80460e2e6,diesel,change,1.969,1.949
2026-09-18,74c4f4a42210:diesel,74c4f4a42210,diesel,change,1.966,1.949
2026-09-18,15cf154d622b:diesel,15cf154d622b,diesel,change,1.979,1.939
2026-09-18,ac84fe0ca4a9:diesel,ac84fe0ca4a9,diesel,change,1.968,1.948
2026-09-18,fcc769f17c2b:diesel,fcc769f17c2b,diesel,change,1.978,1.958
2026-09-18,1552d6c63ab2:diesel,1552d6c63ab2,diesel,change,1.948,1.931
2026-09-18,83e2c7cccb9a:diesel,83e2c7cccb9a,diesel,change,1.948,1.931
2026-09-18,0bc666d07f6e:diesel,0bc666d07f6e,diesel,change,1.948,1.931
2026-09-18,87bc9a5f5af2:diesel,87bc9a5f5af2,diesel,change,1.968,1.931
2026-09-18,64e46f2932df:diesel,64e46f2932df,diesel,change,1.968,1.931
2026-09-18,f5945935bb49:diesel,f5945935bb49,diesel,change,1.969,1.949
2026-09-18,122aa6b021d2:diesel,122aa6b021d2,diesel,change,1.969,1.949
2026-09-18,aec251ff51dc:diesel,aec251ff51dc,diesel,change,1.945,1.925
2026-09-18,7c12967369e5:diesel,7c12967369e5,diesel,change,1.989,1.959
2026-09-18,70804ad4c6ed:diesel,70804ad4c6ed,diesel,change,1.969,1.949
2026-09-18,f2f4e4925f53:diesel,f2f4e4925f53,diesel,change,1.965,1.943
2026-09-18,1bae28692c95:diesel,1bae28692c95,diesel,change,1.948,1.931
2026-09-18,4ae21a9b5efa:diesel,4ae21a9b5efa,diesel,change,1.948,1.931
2026-09-18,8f64c72c7f44:diesel,8f64c72c7f44,diesel,change,1.948,1.931
2026-09-18,efca9d48e28b:diesel,efca9d48e28b,diesel,change,1.948,1.931
2026-09-18,6ce5fb3545fe:diesel,6ce5fb3545fe,diesel,change,1.948,1.931
2026-09-18,e9cef6250b69:diesel,e9cef6250b69,diesel,change,1.948,1.931
2026-09-18,a07b05ec2cfc:diesel,a07b05ec2cfc,diesel,change,1.948,1.931
2026-09-18,ce3d19ee3c70:diesel,ce3d19ee3c70,diesel,change,1.948,1.929
2026-09-18,f31b0c4ec3e6:diesel,f31b0c4ec3e6,diesel,change,1.948,1.927
2026-09-18,4e416e4c8b88:diesel,4e416e4c8b88,diesel,change,1.948,1.931
2026-09-18,1b148a05085c:heating_oil,1b148a05085c,heating_oil,change,1.545,1.524
2026-09-18,b08cefca3ef4:heating_oil,b08cefca3ef4,heating_oil,change,1.610,1.596
2026-09-18,daf0981942c3:heating_oil,daf0981942c3,heating_oil,change,1.548,1.528
2026-09-18,ed2f040407db:heating_oil,ed2f040407db,heating_oil,change,1.545,1.524
2026-09-18,e3a6cf9b7017:heating_oil,e3a6cf9b7017,heating_oil,change,1.559,1.529
2026-09-18,ba65517bf3ed:heating_oil,ba65517bf3ed,heating_oil,change,1.523,1.524
2026-09-18,dc18f4cb1ad3:heating_oil,dc18f4cb1ad3,heating_oil,change,1.548,1.528
2026-09-18,bcfe91ea09aa:heating_oil,bcfe91ea09aa,heating_oil,change,1.536,1.524
2026-09-18,f4d2b1d30ed4:heating_oil,f4d2b1d30ed4,heating_oil,change,1.545,1.524
2026-09-18,a3c0cf5666e0:heating_oil,a3c0cf5666e0,heating_oil,change,1.545,1.524
2026-09-18,507f1f44e378:heating_oil,507f1f44e378,heating_oil,change,1.545,1.524
2026-09-18,7b3d6f74a132:heating_oil,7b3d6f74a132,heating_oil,change,1.545,1.524
2026-09-18,5d55628ec03b:heating_oil,5d55628ec03b,heating_oil,change,1.545,1.524
2026-09-18,d9f037ee2555:heating_oil,d9f037ee2555,heating_oil,change,1.545,1.524
2026-09-18,b0e8f28941c2:heating_oil,b0e8f28941c2,heating_oil,change,1.545,1.524
2026-09-18,5b6d76f60256:heating_oil,5b6d76f60256,heating_oil,change,1.548,1.528
2026-09-18,b99043294256:heating_oil,b99043294256,heating_oil,change,1.559,1.538
2026-09-18,29adfa02acca:heating_oil,29adfa02acca,heating_oil,change,1.560,1.538
2026-09-18,49f291bb3d72:heating_oil,49f291bb3d72,heating_oil,change,1.579,1.559
2026-09-18,bda8d48d501e:heating_oil,bda8d48d501e,heating_oil,change,1.559,1.529
2026-09-18,873fd7d21413:heating_oil,873fd7d21413,heating_oil,change,1.638,1.618
2026-09-18,1476a096e3ba:heating_oil,1476a096e3ba,heating_oil,change,1.533,1.523
2026-09-18,be850363d55b:heating_oil,be850363d55b,heating_oil,change,1.609,1.589
2026-09-18,5697a79e3714:heating_oil,5697a79e3714,heating_oil,change,1.589,1.579
2026-09-18,ae7fb39a6ec9:heating_oil,ae7fb39a6ec9,heating_oil,change,1.558,1.547
2026-09-18,dce42f6faf2a:heating_oil,dce42f6faf2a,heating_oil,change,1.611,1.600
2026-09-18,0af9f8bfb4c1:heating_oil,0af9f8bfb4c1,heating_oil,change,1.547,1.550
2026-09-18,4ca921929927:heating_oil,4ca921929927,heating_oil,change,1.579,1.559
2026-09-18,17ee7f0dd4f0:heating_oil,17ee7f0dd4f0,heating_oil,change,1.548,1.528
2026-09-18,8f76232b6d53:heating_oil,8f76232b6d53,heating_oil,change,1.543,1.523
2026-09-18,8448a4c5531f:heating_oil,8448a4c5531f,heating_oil,change,1.559,1.549
2026-09-18,3e638c4e5fc9:heating_oil,3e638c4e5fc9,heating_oil,change,1.559,1.537
2026-09-18,2be80460e2e6:heating_oil,2be80460e2e6,heating_oil,change,1.579,1.566
2026-09-18,b0bfb1dc3b5b:heating_oil,b0bfb1dc3b5b,heating_oil,change,1.558,1.547
2026-09-18,15cf154d622b:heating_oil,15cf154d622b,heating_oil,change,1.589,1.569
2026-09-18,ac84fe0ca4a9:heating_oil,ac84fe0ca4a9,heating_oil,change,1.570,1.560
2026-09-18,f5945935bb49:heating_oil,f5945935bb49,heating_oil,change,1.579,1.568
2026-09-18,122aa6b021d2:heating_oil,122aa6b021d2,heating_oil,change,1.578,1.568
2026-09-18,aec251ff51dc:heating_oil,aec251ff51dc,heating_oil,change,1.563,1.526
2026-09-18,7c12967369e5:heating_oil,7c12967369e5,heating_oil,change,1.599,1.579
2026-09-18,f2f4e4925f53:heating_oil,f2f4e4925f53,heating_oil,change,1.578,1.569
2026-09-18,c6158b4fcb5f:heating_oil,c6158b4fcb5f,heating_oil,change,1.569,1.582
2026-09-18,743927ebc86a:heating_oil,743927ebc86a,heating_oil,change,1.546,1.549
2026-09-18,cc2e49c3c04f:heating_oil,cc2e49c3c04f,heating_oil,change,1.546,1.549
2026-09-18,1b148a05085c:kerosene,1b148a05085c,kerosene,change,1.462,1.433
2026-09-18,daf0981942c3:kerosene,daf0981942c3,kerosene,change,1.465,1.435
2026-09-18,ed2f040407db:kerosene,ed2f040407db,kerosene,change,1.462,1.433
2026-09-18,e3a6cf9b7017:kerosene,e3a6cf9b7017,kerosene,change,1.469,1.439
2026-09-18,ba65517bf3ed:kerosene,ba65517bf3ed,kerosene,change,1.432,1.433
2026-09-18,dc18f4cb1ad3:kerosene,dc18f4cb1ad3,kerosene,change,1.465,1.435
2026-09-18,f4d2b1d30ed4:kerosene,f4d2b1d30ed4,kerosene,change,1.462,1.433
2026-09-18,a3c0cf5666e0:kerosene,a3c0cf5666e0,kerosene,change,1.462,1.433
2026-09-18,507f1f44e378:kerosene,507f1f44e378,kerosene,change,1.462,1.433
2026-09-18,7b3d6f74a132:kerosene,7b3d6f74a132,kerosene,change,1.462,1.433
2026-09-18,b0e8f28941c2:kerosene,b0e8f28941c2,kerosene,change,1.462,1.433
2026-09-18,d9f037ee2555:kerosene,d9f037ee2555,kerosene,change,1.462,1.433
2026-09-18,5d55628ec03b:kerosene,5d55628ec03b,kerosene,change,1.462,1.433
2026-09-18,5b6d76f60256:kerosene,5b6d76f60256,kerosene,change,1.465,1.435
2026-09-18,b99043294256:kerosene,b99043294256,kerosene,change,1.466,1.446
2026-09-18,5fc48382973b:kerosene,5fc48382973b,kerosene,change,1.455,1.399
2026-09-18,873fd7d21413:kerosene,873fd7d21413,kerosene,change,1.555,1.525
2026-09-18,1476a096e3ba:kerosene,1476a096e3ba,kerosene,change,1.456,1.428
2026-09-18,0af9f8bfb4c1:kerosene,0af9f8bfb4c1,kerosene,change,1.464,1.480
2026-09-18,17ee7f0dd4f0:kerosene,17ee7f0dd4f0,kerosene,change,1.465,1.435
2026-09-18,8f76232b6d53:kerosene,8f76232b6d53,kerosene,change,1.459,1.397
2026-09-18,b0bfb1dc3b5b:kerosene,b0bfb1dc3b5b,kerosene,change,1.475,1.455
2026-09-18,15cf154d622b:kerosene,15cf154d622b,kerosene,change,1.509,1.489
2026-09-18,aec251ff51dc:kerosene,aec251ff51dc,kerosene,change,1.454,1.506
2026-09-18,7c12967369e5:kerosene,7c12967369e5,kerosene,change,1.509,1.499
2026-09-19,772be93750d2:unleaded95,772be93750d2,unleaded95,change,1.641,1.642
2026-09-19,41841cb23dbd:unleaded95,41841cb23dbd,unleaded95,change,1.625,1.609
2026-09-19,f06cc2016c8b:unleaded95,f06cc2016c8b,unleaded95,change,1.676,1.657
2026-09-19,0aefcb943b9f:unleaded95,0aefcb943b9f,unleaded95,change,1.679,1.664
2026-09-19,f3cb3f8d3a20:unleaded95,f3cb3f8d3a20,unleaded95,change,1.679,1.664
2026-09-19,a63d37840b3e:unleaded95,a63d37840b3e,unleaded95,change,1.685,1.664
2026-09-19,4ac8836fa7fb:unleaded95,4ac8836fa7fb,unleaded95,change,1.659,1.639
2026-09-19,e3a6cf9b7017:unleaded95,e3a6cf9b7017,unleaded95,change,1.687,1.667
2026-09-19,77450002346a:unleaded95,77450002346a,unleaded95,change,1.665,1.645
2026-09-19,9cf1024093d0:unleaded95,9cf1024093d0,unleaded95,change,1.679,1.669
2026-09-19,d825945d0dc1:unleaded95,d825945d0dc1,unleaded95,change,1.642,1.644
2026-09-19,08c3056f889a:unleaded95,08c3056f889a,unleaded95,change,1.641,1.642
2026-09-19,ba65517bf3ed:unleaded95,ba65517bf3ed,unleaded95,change,1.641,1.642
2026-09-19,3fdaa889148c:unleaded95,3fdaa889148c,unleaded95,change,1.679,1.669
2026-09-19,cfe2df3cdc21:unleaded95,cfe2df3cdc21,unleaded95,change,1.685,1.669
2026-09-19,792650a717af:unleaded95,792650a717af,unleaded95,change,1.687,1.669
2026-09-19,77af34d3792b:unleaded95,77af34d3792b,unleaded95,change,1.625,1.609
2026-09-19,b920f34d9678:unleaded95,b920f34d9678,unleaded95,change,1.625,1.609
2026-09-19,dc18f4cb1ad3:unleaded95,dc18f4cb1ad3,unleaded95,change,1.645,1.625
2026-09-19,cc747759de94:unleaded95,cc747759de94,unleaded95,change,1.679,1.665
2026-09-19,8d38472ccb06:unleaded95,8d38472ccb06,unleaded95,change,1.679,1.669
2026-09-19,293b8fa19bf7:unleaded95,293b8fa19bf7,unleaded95,change,1.679,1.669
2026-09-19,4f835e812e0f:unleaded95,4f835e812e0f,unleaded95,change,1.679,1.669
2026-09-19,e6d810278243:unleaded95,e6d810278243,unleaded95,change,1.679,1.665
2026-09-19,a1cbb4c4a9c8:unleaded95,a1cbb4c4a9c8,unleaded95,change,1.679,1.664
2026-09-19,0f4f50ae5f90:unleaded95,0f4f50ae5f90,unleaded95,change,1.679,1.669
2026-09-19,42e035b752d8:unleaded95,42e035b752d8,unleaded95,change,1.679,1.669
2026-09-19,0fa89e115816:unleaded95,0fa89e115816,unleaded95,change,1.679,1.669
2026-09-19,43962c7fecd8:unleaded95,43962c7fecd8,unleaded95,change,1.679,1.669
2026-09-19,458aa789203d:unleaded95,458aa789203d,unleaded95,change,1.679,1.669
2026-09-19,5a78a7364d62:unleaded95,5a78a7364d62,unleaded95,change,1.679,1.669
2026-09-19,187618635ba0:unleaded95,187618635ba0,unleaded95,change,1.679,1.669
2026-09-19,42462b695ab2:unleaded95,42462b695ab2,unleaded95,change,1.679,1.669
2026-09-19,bcfe91ea09aa:unleaded95,bcfe91ea09aa,unleaded95,change,1.642,1.644
2026-09-19,b979b66dc2a8:unleaded95,b979b66dc2a8,unleaded95,change,1.657,1.637
2026-09-19,9cbdb349d454:unleaded95,9cbdb349d454,unleaded95,change,1.687,1.667
2026-09-19,ea232bbb0de1:unleaded95,ea232bbb0de1,unleaded95,change,1.699,1.679
2026-09-19,5fd49366646f:unleaded95,5fd49366646f,unleaded95,change,1.689,1.669
2026-09-19,79c9bc2be4e7:unleaded95,79c9bc2be4e7,unleaded95,change,1.634,1.609
2026-09-19,dacff0faaefb:unleaded95,dacff0faaefb,unleaded95,change,1.634,1.609
2026-09-19,3fef2e98f65b:unleaded95,3fef2e98f65b,unleaded95,change,1.679,1.667
2026-09-19,896e4ee2aacd:unleaded95,896e4ee2aacd,unleaded95,change,1.657,1.637
2026-09-19,9ba59175b8fa:unleaded95,9ba59175b8fa,unleaded95,change,1.689,1.669
2026-09-19,82d0d5b8a85f:unleaded95,82d0d5b8a85f,unleaded95,change,1.685,1.669
2026-09-19,7c3d4980155f:unleaded95,7c3d4980155f,unleaded95,change,1.688,1.678
2026-09-19,5fc48382973b:unleaded95,5fc48382973b,unleaded95,change,1.676,1.657
2026-09-19,a78f59d05bcd:unleaded95,a78f59d05bcd,unleaded95,change,1.639,1.619
2026-09-19,1ef5b819726d:unleaded95,1ef5b819726d,unleaded95,change,1.685,1.669
2026-09-19,96a9e00b5b6d:unleaded95,96a9e00b5b6d,unleaded95,change,1.635,1.617
2026-09-19,3c3fdd29b8f7:unleaded95,3c3fdd29b8f7,unleaded95,change,1.635,1.617
2026-09-19,c7f59703554a:unleaded95,c7f59703554a,unleaded95,change,1.687,1.667
2026-09-19,ac585f0e2770:unleaded95,ac585f0e2770,unleaded95,change,1.687,1.674
2026-09-19,178bce87f3a6:unleaded95,178bce87f3a6,unleaded95,change,1.687,1.667
2026-09-19,ca9163f0f3f8:unleaded95,ca9163f0f3f8,unleaded95,change,1.687,1.667
2026-09-19,d31ea5693826:unleaded95,d31ea5693826,unleaded95,change,1.687,1.665
2026-09-19,cd323f4673d7:unleaded95,cd323f4673d7,unleaded95,change,1.689,1.669
2026-09-19,3009230fcbc6:unleaded95,3009230fcbc6,unleaded95,change,1.675,1.658
2026-09-19,7e13d23a29b2:unleaded95,7e13d23a29b2,unleaded95,change,1.699,1.707
2026-09-19,3ede104e6d56:unleaded95,3ede104e6d56,unleaded95,change,1.687,1.667
2026-09-19,d8f54ff2148b:unleaded95,d8f54ff2148b,unleaded95,change,1.687,1.679
2026-09-19,873fd7d21413:unleaded95,873fd7d21413,unleaded95,change,1.679,1.666
2026-09-19,23c7b3207f92:unleaded95,23c7b3207f92,unleaded95,change,1.679,1.665
2026-09-19,dfc8523796a8:unleaded95,dfc8523796a8,unleaded95,change,1.679,1.666
2026-09-19,e47bff9f4edc:unleaded95,e47bff9f4edc,unleaded95,change,1.679,1.666
2026-09-19,39fd6925ae42:unleaded95,39fd6925ae42,unleaded95,change,1.679,1.669
2026-09-19,72bd542a8c85:unleaded95,72bd542a8c85,unleaded95,change,1.685,1.669
2026-09-19,4a79c5105aa9:unleaded95,4a79c5105aa9,unleaded95,change,1.635,1.617
2026-09-19,dc99e1b517b2:unleaded95,dc99e1b517b2,unleaded95,change,1.659,1.639
2026-09-19,9746fda18600:unleaded95,9746fda18600,unleaded95,change,1.679,1.669
2026-09-19,f7018faecfa5:unleaded95,f7018faecfa5,unleaded95,change,1.679,1.669
2026-09-19,567e7e2b96ac:unleaded95,567e7e2b96ac,unleaded95,change,1.679,1.669
2026-09-19,4fd43e7e497c:unleaded95,4fd43e7e497c,unleaded95,change,1.679,1.667
2026-09-19,74b8ac0b63cd:unleaded95,74b8ac0b63cd,unleaded95,change,1.679,1.669
2026-09-19,e7bfeaa9c428:unleaded95,e7bfeaa9c428,unleaded95,change,1.679,1.669
2026-09-19,503646d494d5:unleaded95,503646d494d5,unleaded95,change,1.679,1.669
2026-09-19,9bd07aac27bc:unleaded95,9bd07aac27bc,unleaded95,change,1.679,1.669
2026-09-19,25791d087864:unleaded95,25791d087864,unleaded95,change,1.679,1.669
2026-09-19,3a0c41beebb7:unleaded95,3a0c41beebb7,unleaded95,change,1.679,1.669
2026-09-19,f8ad88f2d98a:unleaded95,f8ad88f2d98a,unleaded95,change,1.679,1.669
2026-09-19,b27d9f5af2b6:unleaded95,b27d9f5af2b6,unleaded95,change,1.697,1.687
2026-09-19,d4092c9b4f08:unleaded95,d4092c9b4f08,unleaded95,change,1.671,1.663
2026-09-19,e2988b40a3b9:unleaded95,e2988b40a3b9,unleaded95,change,1.634,1.616
2026-09-19,1476a096e3ba:unleaded95,1476a096e3ba,unleaded95,change,1.654,1.637
2026-09-19,93feddaea003:unleaded95,93feddaea003,unleaded95,change,1.699,1.679
2026-09-19,9e6df553eab2:unleaded95,9e6df553eab2,unleaded95,change,1.679,1.669
2026-09-19,5697a79e3714:unleaded95,5697a79e3714,unleaded95,change,1.689,1.679
2026-09-19,bb62751b98a5:unleaded95,bb62751b98a5,unleaded95,change,1.684,1.679
2026-09-19,285b1e3703eb:unleaded95,285b1e3703eb,unleaded95,change,1.684,1.679
2026-09-19,3d365e518577:unleaded95,3d365e518577,unleaded95,change,1.687,1.667
2026-09-19,73f4fd3d41f8:unleaded95,73f4fd3d41f8,unleaded95,change,1.685,1.669
2026-09-19,a60171704519:unleaded95,a60171704519,unleaded95,change,1.629,1.598
2026-09-19,66e87f05a350:unleaded95,66e87f05a350,unleaded95,change,1.679,1.653
2026-09-19,b2f690bf5cb7:unleaded95,b2f690bf5cb7,unleaded95,change,1.657,1.645
2026-09-19,17ee7f0dd4f0:unleaded95,17ee7f0dd4f0,unleaded95,change,1.679,1.669
2026-09-19,0effbc30de91:unleaded95,0effbc30de91,unleaded95,change,1.679,1.669
2026-09-19,624124474669:unleaded95,624124474669,unleaded95,change,1.679,1.669
2026-09-19,565dd6821200:unleaded95,565dd6821200,unleaded95,change,1.679,1.653
2026-09-19,71cfa14de08b:unleaded95,71cfa14de08b,unleaded95,change,1.679,1.669
2026-09-19,462ee152ff3b:unleaded95,462ee152ff3b,unleaded95,change,1.679,1.669
2026-09-19,b109dbc73edf:unleaded95,b109dbc73edf,unleaded95,change,1.679,1.667
2026-09-19,fe4873a2e4a6:unleaded95,fe4873a2e4a6,unleaded95,change,1.675,1.659
2026-09-19,47bdc6813569:unleaded95,47bdc6813569,unleaded95,change,1.678,1.665
2026-09-19,dc094a637823:unleaded95,dc094a637823,unleaded95,change,1.615,1.595
2026-09-19,cf9bb5bb02a6:unleaded95,cf9bb5bb02a6,unleaded95,change,1.629,1.598
2026-09-19,acf6a1b651b0:unleaded95,acf6a1b651b0,unleaded95,change,1.599,1.595
2026-09-19,d3095d05dc1e:unleaded95,d3095d05dc1e,unleaded95,change,1.687,1.667
2026-09-19,0eb54c313653:unleaded95,0eb54c313653,unleaded95,change,1.685,1.669
2026-09-19,d6e5e190801d:unleaded95,d6e5e190801d,unleaded95,change,1.697,1.688
2026-09-19,b431bffa5187:unleaded95,b431bffa5187,unleaded95,change,1.697,1.689
2026-09-19,2bb2812d2829:unleaded95,2bb2812d2829,unleaded95,change,1.698,1.687
2026-09-19,e02b4792b83a:unleaded95,e02b4792b83a,unleaded95,change,1.699,1.664
2026-09-19,15cf154d622b:unleaded95,15cf154d622b,unleaded95,change,1.719,1.709
2026-09-19,ac84fe0ca4a9:unleaded95,ac84fe0ca4a9,unleaded95,change,1.708,1.698
2026-09-19,996e90f70398:unleaded95,996e90f70398,unleaded95,change,1.705,1.689
2026-09-19,fcc769f17c2b:unleaded95,fcc769f17c2b,unleaded95,change,1.718,1.698
2026-09-19,f4ab2c452dea:unleaded95,f4ab2c452dea,unleaded95,change,1.698,1.679
2026-09-19,0a5e60e91490:unleaded95,0a5e60e91490,unleaded95,change,1.698,1.679
2026-09-19,a8a9b3e4e12f:unleaded95,a8a9b3e4e12f,unleaded95,change,1.698,1.679
2026-09-19,b994933d2448:unleaded95,b994933d2448,unleaded95,change,1.698,1.679
2026-09-19,34932a59bf86:unleaded95,34932a59bf86,unleaded95,change,1.698,1.679
2026-09-19,b8ca587237dd:unleaded95,b8ca587237dd,unleaded95,change,1.696,1.666
2026-09-19,7c12967369e5:unleaded95,7c12967369e5,unleaded95,change,1.719,1.709
2026-09-19,70b0af332d9f:unleaded95,70b0af332d9f,unleaded95,change,1.676,1.665
2026-09-19,1bae28692c95:unleaded95,1bae28692c95,unleaded95,change,1.688,1.685
2026-09-19,6cbad4fb4f78:unleaded95,6cbad4fb4f78,unleaded95,change,1.684,1.667
2026-09-19,0ed0b92e6d0c:unleaded95,0ed0b92e6d0c,unleaded95,change,1.684,1.667
2026-09-19,216880e896f0:unleaded95,216880e896f0,unleaded95,change,1.684,1.667
2026-09-19,e9cef6250b69:unleaded95,e9cef6250b69,unleaded95,change,1.677,1.667
2026-09-19,65b480ad17ec:unleaded95,65b480ad17ec,unleaded95,change,1.675,1.662
2026-09-19,84148c33cbb4:unleaded95,84148c33cbb4,unleaded95,change,1.679,1.667
2026-09-19,c42afad7f35d:unleaded95,c42afad7f35d,unleaded95,change,1.679,1.665
2026-09-19,743927ebc86a:unleaded95,743927ebc86a,unleaded95,change,1.673,1.662
2026-09-19,320be8d683a2:unleaded95,320be8d683a2,unleaded95,change,1.684,1.668
2026-09-19,5567cd093258:unleaded95,5567cd093258,unleaded95,change,1.689,1.679
2026-09-19,50a8f4e8f043:unleaded95,50a8f4e8f043,unleaded95,change,1.689,1.679
2026-09-19,364d076c3a94:unleaded95,364d076c3a94,unleaded95,change,1.687,1.667
2026-09-19,9cfc7d5c5cf3:unleaded95,9cfc7d5c5cf3,unleaded95,change,1.687,1.667
2026-09-19,772be93750d2:unleaded98,772be93750d2,unleaded98,change,1.742,1.743
2026-09-19,41841cb23dbd:unleaded98,41841cb23dbd,unleaded98,change,1.775,1.759
2026-09-19,f06cc2016c8b:unleaded98,f06cc2016c8b,unleaded98,change,1.826,1.807
2026-09-19,f3cb3f8d3a20:unleaded98,f3cb3f8d3a20,unleaded98,change,1.829,1.814
2026-09-19,0aefcb943b9f:unleaded98,0aefcb943b9f,unleaded98,change,1.829,1.814
2026-09-19,a63d37840b3e:unleaded98,a63d37840b3e,unleaded98,change,1.835,1.814
2026-09-19,ed2f040407db:unleaded98,ed2f040407db,unleaded98,change,1.726,1.714
2026-09-19,4ac8836fa7fb:unleaded98,4ac8836fa7fb,unleaded98,change,1.709,1.697
2026-09-19,e3a6cf9b7017:unleaded98,e3a6cf9b7017,unleaded98,change,1.727,1.707
2026-09-19,77450002346a:unleaded98,77450002346a,unleaded98,change,1.719,1.707
2026-09-19,9cf1024093d0:unleaded98,9cf1024093d0,unleaded98,change,1.729,1.699
2026-09-19,d825945d0dc1:unleaded98,d825945d0dc1,unleaded98,change,1.735,1.699
2026-09-19,08c3056f889a:unleaded98,08c3056f889a,unleaded98,change,1.743,1.757
2026-09-19,30e807950de4:unleaded98,30e807950de4,unleaded98,change,1.729,1.709
2026-09-19,3fdaa889148c:unleaded98,3fdaa889148c,unleaded98,change,1.729,1.719
2026-09-19,cfe2df3cdc21:unleaded98,cfe2df3cdc21,unleaded98,change,1.732,1.709
2026-09-19,ba65517bf3ed:unleaded98,ba65517bf3ed,unleaded98,change,1.732,1.699
2026-09-19,8d38472ccb06:unleaded98,8d38472ccb06,unleaded98,change,1.729,1.719
2026-09-19,cc747759de94:unleaded98,cc747759de94,unleaded98,change,1.729,1.719
2026-09-19,6ca3bacda2ef:unleaded98,6ca3bacda2ef,unleaded98,change,1.729,1.719
2026-09-19,e6d810278243:unleaded98,e6d810278243,unleaded98,change,1.729,1.719
2026-09-19,a1cbb4c4a9c8:unleaded98,a1cbb4c4a9c8,unleaded98,change,1.729,1.719
2026-09-19,99e322d6ea26:unleaded98,99e322d6ea26,unleaded98,change,1.729,1.719
2026-09-19,293b8fa19bf7:unleaded98,293b8fa19bf7,unleaded98,change,1.729,1.719
2026-09-19,4f835e812e0f:unleaded98,4f835e812e0f,unleaded98,change,1.729,1.719
2026-09-19,0708c47ecb63:unleaded98,0708c47ecb63,unleaded98,change,1.729,1.719
2026-09-19,0fa89e115816:unleaded98,0fa89e115816,unleaded98,change,1.729,1.719
2026-09-19,43962c7fecd8:unleaded98,43962c7fecd8,unleaded98,change,1.729,1.719
2026-09-19,458aa789203d:unleaded98,458aa789203d,unleaded98,change,1.729,1.719
2026-09-19,0f4f50ae5f90:unleaded98,0f4f50ae5f90,unleaded98,change,1.729,1.719
2026-09-19,0ec6995b7755:unleaded98,0ec6995b7755,unleaded98,change,1.729,1.719
2026-09-19,42e035b752d8:unleaded98,42e035b752d8,unleaded98,change,1.729,1.719
2026-09-19,5a78a7364d62:unleaded98,5a78a7364d62,unleaded98,change,1.729,1.719
2026-09-19,d59f16d1ea1f:unleaded98,d59f16d1ea1f,unleaded98,change,1.729,1.719
2026-09-19,187618635ba0:unleaded98,187618635ba0,unleaded98,change,1.729,1.719
2026-09-19,3dc149493178:unleaded98,3dc149493178,unleaded98,change,1.729,1.719
2026-09-19,1f9b60bded75:unleaded98,1f9b60bded75,unleaded98,change,1.729,1.719
2026-09-19,da0b210a2136:unleaded98,da0b210a2136,unleaded98,change,1.729,1.719
2026-09-19,77af34d3792b:unleaded98,77af34d3792b,unleaded98,change,1.729,1.719
2026-09-19,dc18f4cb1ad3:unleaded98,dc18f4cb1ad3,unleaded98,change,1.729,1.719
2026-09-19,b920f34d9678:unleaded98,b920f34d9678,unleaded98,change,1.729,1.719
2026-09-19,42462b695ab2:unleaded98,42462b695ab2,unleaded98,change,1.729,1.719
2026-09-19,2676e12059bc:unleaded98,2676e12059bc,unleaded98,change,1.729,1.719
2026-09-19,f4d2b1d30ed4:unleaded98,f4d2b1d30ed4,unleaded98,change,1.726,1.714
2026-09-19,507f1f44e378:unleaded98,507f1f44e378,unleaded98,change,1.726,1.714
2026-09-19,a3c0cf5666e0:unleaded98,a3c0cf5666e0,unleaded98,change,1.726,1.714
2026-09-19,7b3d6f74a132:unleaded98,7b3d6f74a132,unleaded98,change,1.726,1.714
2026-09-19,5d55628ec03b:unleaded98,5d55628ec03b,unleaded98,change,1.726,1.714
2026-09-19,b0e8f28941c2:unleaded98,b0e8f28941c2,unleaded98,change,1.726,1.714
2026-09-19,d9f037ee2555:unleaded98,d9f037ee2555,unleaded98,change,1.726,1.714
2026-09-19,b979b66dc2a8:unleaded98,b979b66dc2a8,unleaded98,change,1.697,1.677
2026-09-19,9cbdb349d454:unleaded98,9cbdb349d454,unleaded98,change,1.817,1.797
2026-09-19,ea232bbb0de1:unleaded98,ea232bbb0de1,unleaded98,change,1.745,1.729
2026-09-19,5fd49366646f:unleaded98,5fd49366646f,unleaded98,change,1.729,1.709
2026-09-19,79c9bc2be4e7:unleaded98,79c9bc2be4e7,unleaded98,change,1.694,1.684
2026-09-19,dacff0faaefb:unleaded98,dacff0faaefb,unleaded98,change,1.694,1.684
2026-09-19,3fef2e98f65b:unleaded98,3fef2e98f65b,unleaded98,change,1.809,1.797
2026-09-19,9ba59175b8fa:unleaded98,9ba59175b8fa,unleaded98,change,1.729,1.719
2026-09-19,82d0d5b8a85f:unleaded98,82d0d5b8a85f,unleaded98,change,1.732,1.709
2026-09-19,7c3d4980155f:unleaded98,7c3d4980155f,unleaded98,change,1.738,1.728
2026-09-19,5fc48382973b:unleaded98,5fc48382973b,unleaded98,change,1.826,1.807
2026-09-19,a78f59d05bcd:unleaded98,a78f59d05bcd,unleaded98,change,1.739,1.717
2026-09-19,96a9e00b5b6d:unleaded98,96a9e00b5b6d,unleaded98,change,1.785,1.767
2026-09-19,3c3fdd29b8f7:unleaded98,3c3fdd29b8f7,unleaded98,change,1.787,1.767
2026-09-19,178bce87f3a6:unleaded98,178bce87f3a6,unleaded98,change,1.837,1.817
2026-09-19,d31ea5693826:unleaded98,d31ea5693826,unleaded98,change,1.837,1.815
2026-09-19,ac585f0e2770:unleaded98,ac585f0e2770,unleaded98,change,1.837,1.824
2026-09-19,c7f59703554a:unleaded98,c7f59703554a,unleaded98,change,1.837,1.817
2026-09-19,ca9163f0f3f8:unleaded98,ca9163f0f3f8,unleaded98,change,1.837,1.817
2026-09-19,cd323f4673d7:unleaded98,cd323f4673d7,unleaded98,change,1.729,1.709
2026-09-19,3009230fcbc6:unleaded98,3009230fcbc6,unleaded98,change,1.725,1.715
2026-09-19,3ede104e6d56:unleaded98,3ede104e6d56,unleaded98,change,1.797,1.777
2026-09-19,d8f54ff2148b:unleaded98,d8f54ff2148b,unleaded98,change,1.837,1.829
2026-09-19,873fd7d21413:unleaded98,873fd7d21413,unleaded98,change,1.729,1.717
2026-09-19,dfc8523796a8:unleaded98,dfc8523796a8,unleaded98,change,1.726,1.707
2026-09-19,e47bff9f4edc:unleaded98,e47bff9f4edc,unleaded98,change,1.726,1.707
2026-09-19,23c7b3207f92:unleaded98,23c7b3207f92,unleaded98,change,1.726,1.707
2026-09-19,7510589f4eaa:unleaded98,7510589f4eaa,unleaded98,change,1.729,1.719
2026-09-19,39fd6925ae42:unleaded98,39fd6925ae42,unleaded98,change,1.729,1.719
2026-09-19,36fb67511673:unleaded98,36fb67511673,unleaded98,change,1.732,1.727
2026-09-19,9746fda18600:unleaded98,9746fda18600,unleaded98,change,1.729,1.719
2026-09-19,4fd43e7e497c:unleaded98,4fd43e7e497c,unleaded98,change,1.729,1.719
2026-09-19,567e7e2b96ac:unleaded98,567e7e2b96ac,unleaded98,change,1.729,1.719
2026-09-19,f7018faecfa5:unleaded98,f7018faecfa5,unleaded98,change,1.729,1.719
2026-09-19,503646d494d5:unleaded98,503646d494d5,unleaded98,change,1.729,1.719
2026-09-19,74b8ac0b63cd:unleaded98,74b8ac0b63cd,unleaded98,change,1.729,1.719
2026-09-19,e7bfeaa9c428:unleaded98,e7bfeaa9c428,unleaded98,change,1.729,1.719
2026-09-19,25791d087864:unleaded98,25791d087864,unleaded98,change,1.729,1.719
2026-09-19,9bd07aac27bc:unleaded98,9bd07aac27bc,unleaded98,change,1.729,1.719
2026-09-19,3a0c41beebb7:unleaded98,3a0c41beebb7,unleaded98,change,1.729,1.719
2026-09-19,4a79c5105aa9:unleaded98,4a79c5105aa9,unleaded98,change,1.729,1.719
2026-09-19,dc99e1b517b2:unleaded98,dc99e1b517b2,unleaded98,change,1.729,1.719
2026-09-19,f8ad88f2d98a:unleaded98,f8ad88f2d98a,unleaded98,change,1.729,1.719
2026-09-19,b27d9f5af2b6:unleaded98,b27d9f5af2b6,unleaded98,change,1.739,1.727
2026-09-19,e2988b40a3b9:unleaded98,e2988b40a3b9,unleaded98,change,1.709,1.692
2026-09-19,1476a096e3ba:unleaded98,1476a096e3ba,unleaded98,change,1.726,1.698
2026-09-19,93feddaea003:unleaded98,93feddaea003,unleaded98,change,1.759,1.739
2026-09-19,9e6df553eab2:unleaded98,9e6df553eab2,unleaded98,change,1.739,1.729
2026-09-19,bb62751b98a5:unleaded98,bb62751b98a5,unleaded98,change,1.834,1.829
2026-09-19,285b1e3703eb:unleaded98,285b1e3703eb,unleaded98,change,1.844,1.829
2026-09-19,ae7fb39a6ec9:unleaded98,ae7fb39a6ec9,unleaded98,change,1.738,1.728
2026-09-19,3d365e518577:unleaded98,3d365e518577,unleaded98,change,1.727,1.707
2026-09-19,73f4fd3d41f8:unleaded98,73f4fd3d41f8,unleaded98,change,1.732,1.709
2026-09-19,66e87f05a350:unleaded98,66e87f05a350,unleaded98,change,1.729,1.719
2026-09-19,b2f690bf5cb7:unleaded98,b2f690bf5cb7,unleaded98,change,1.728,1.698
2026-09-19,17ee7f0dd4f0:unleaded98,17ee7f0dd4f0,unleaded98,change,1.729,1.719
2026-09-19,d82e742710ef:unleaded98,d82e742710ef,unleaded98,change,1.729,1.719
2026-09-19,0effbc30de91:unleaded98,0effbc30de91,unleaded98,change,1.729,1.719
2026-09-19,624124474669:unleaded98,624124474669,unleaded98,change,1.729,1.719
2026-09-19,b20e8e600357:unleaded98,b20e8e600357,unleaded98,change,1.729,1.719
2026-09-19,565dd6821200:unleaded98,565dd6821200,unleaded98,change,1.729,1.719
2026-09-19,71cfa14de08b:unleaded98,71cfa14de08b,unleaded98,change,1.729,1.719
2026-09-19,462ee152ff3b:unleaded98,462ee152ff3b,unleaded98,change,1.729,1.719
2026-09-19,b109dbc73edf:unleaded98,b109dbc73edf,unleaded98,change,1.729,1.719
2026-09-19,66d305f4af2e:unleaded98,66d305f4af2e,unleaded98,change,1.729,1.719
2026-09-19,fe4873a2e4a6:unleaded98,fe4873a2e4a6,unleaded98,change,1.725,1.709
2026-09-19,dc094a637823:unleaded98,dc094a637823,unleaded98,change,1.775,1.755
2026-09-19,cf9bb5bb02a6:unleaded98,cf9bb5bb02a6,unleaded98,change,1.779,1.757
2026-09-19,acf6a1b651b0:unleaded98,acf6a1b651b0,unleaded98,change,1.729,1.699
2026-09-19,d3095d05dc1e:unleaded98,d3095d05dc1e,unleaded98,change,1.740,1.707
2026-09-19,0eb54c313653:unleaded98,0eb54c313653,unleaded98,change,1.732,1.709
2026-09-19,d6e5e190801d:unleaded98,d6e5e190801d,unleaded98,change,1.847,1.838
2026-09-19,b431bffa5187:unleaded98,b431bffa5187,unleaded98,change,1.847,1.839
2026-09-19,2bb2812d2829:unleaded98,2bb2812d2829,unleaded98,change,1.848,1.837
2026-09-19,15cf154d622b:unleaded98,15cf154d622b,unleaded98,change,1.769,1.759
2026-09-19,ac84fe0ca4a9:unleaded98,ac84fe0ca4a9,unleaded98,change,1.748,1.738
2026-09-19,fcc769f17c2b:unleaded98,fcc769f17c2b,unleaded98,change,1.738,1.728
2026-09-19,b994933d2448:unleaded98,b994933d2448,unleaded98,change,1.732,1.729
2026-09-19,a8a9b3e4e12f:unleaded98,a8a9b3e4e12f,unleaded98,change,1.748,1.729
2026-09-19,f4ab2c452dea:unleaded98,f4ab2c452dea,unleaded98,change,1.748,1.729
2026-09-19,0a5e60e91490:unleaded98,0a5e60e91490,unleaded98,change,1.748,1.729
2026-09-19,34932a59bf86:unleaded98,34932a59bf86,unleaded98,change,1.748,1.729
2026-09-19,b8ca587237dd:unleaded98,b8ca587237dd,unleaded98,change,1.743,1.713
2026-09-19,7c12967369e5:unleaded98,7c12967369e5,unleaded98,change,1.769,1.759
2026-09-19,70b0af332d9f:unleaded98,70b0af332d9f,unleaded98,change,1.725,1.704
2026-09-19,1bae28692c95:unleaded98,1bae28692c95,unleaded98,change,1.738,1.732
2026-09-19,0ed0b92e6d0c:unleaded98,0ed0b92e6d0c,unleaded98,change,1.834,1.817
2026-09-19,216880e896f0:unleaded98,216880e896f0,unleaded98,change,1.834,1.817
2026-09-19,6cbad4fb4f78:unleaded98,6cbad4fb4f78,unleaded98,change,1.834,1.817
2026-09-19,84148c33cbb4:unleaded98,84148c33cbb4,unleaded98,change,1.729,1.719
2026-09-19,65b480ad17ec:unleaded98,65b480ad17ec,unleaded98,change,1.729,1.719
2026-09-19,c42afad7f35d:unleaded98,c42afad7f35d,unleaded98,change,1.729,1.719
2026-09-19,743927ebc86a:unleaded98,743927ebc86a,unleaded98,change,1.726,1.702
2026-09-19,320be8d683a2:unleaded98,320be8d683a2,unleaded98,change,1.729,1.715
2026-09-19,5567cd093258:unleaded98,5567cd093258,unleaded98,change,1.739,1.729
2026-09-19,50a8f4e8f043:unleaded98,50a8f4e8f043,unleaded98,change,1.739,1.729
2026-09-19,364d076c3a94:unleaded98,364d076c3a94,unleaded98,change,1.727,1.707
2026-09-19,9cfc7d5c5cf3:unleaded98,9cfc7d5c5cf3,unleaded98,change,1.727,1.707
2026-09-19,772be93750d2:diesel,772be93750d2,diesel,change,1.897,1.898
2026-09-19,2435de52a3ba:diesel,2435de52a3ba,diesel,change,1.887,1.869
2026-09-19,41841cb23dbd:diesel,41841cb23dbd,diesel,change,1.889,1.869
2026-09-19,f06cc2016c8b:diesel,f06cc2016c8b,diesel,change,1.937,1.927
2026-09-19,a63d37840b3e:diesel,a63d37840b3e,diesel,change,1.947,1.927
2026-09-19,0aefcb943b9f:diesel,0aefcb943b9f,diesel,change,1.948,1.927
2026-09-19,f3cb3f8d3a20:diesel,f3cb3f8d3a20,diesel,change,1.948,1.927
2026-09-19,4ac8836fa7fb:diesel,4ac8836fa7fb,diesel,change,1.929,1.899
2026-09-19,e3a6cf9b7017:diesel,e3a6cf9b7017,diesel,change,1.949,1.929
2026-09-19,77450002346a:diesel,77450002346a,diesel,change,1.929,1.908
2026-09-19,9cf1024093d0:diesel,9cf1024093d0,diesel,change,1.948,1.929
2026-09-19,08c3056f889a:diesel,08c3056f889a,diesel,change,1.897,1.898
2026-09-19,ba65517bf3ed:diesel,ba65517bf3ed,diesel,change,1.897,1.898
2026-09-19,cfe2df3cdc21:diesel,cfe2df3cdc21,diesel,change,1.948,1.931
2026-09-19,3fdaa889148c:diesel,3fdaa889148c,diesel,change,1.948,1.929
2026-09-19,77af34d3792b:diesel,77af34d3792b,diesel,change,1.888,1.871
2026-09-19,dc18f4cb1ad3:diesel,dc18f4cb1ad3,diesel,change,1.916,1.908
2026-09-19,8d38472ccb06:diesel,8d38472ccb06,diesel,change,1.948,1.929
2026-09-19,cc747759de94:diesel,cc747759de94,diesel,change,1.948,1.929
2026-09-19,293b8fa19bf7:diesel,293b8fa19bf7,diesel,change,1.948,1.929
2026-09-19,4f835e812e0f:diesel,4f835e812e0f,diesel,change,1.948,1.929
2026-09-19,e6d810278243:diesel,e6d810278243,diesel,change,1.948,1.929
2026-09-19,a1cbb4c4a9c8:diesel,a1cbb4c4a9c8,diesel,change,1.948,1.927
2026-09-19,43962c7fecd8:diesel,43962c7fecd8,diesel,change,1.948,1.929
2026-09-19,458aa789203d:diesel,458aa789203d,diesel,change,1.948,1.929
2026-09-19,0fa89e115816:diesel,0fa89e115816,diesel,change,1.948,1.929
2026-09-19,0f4f50ae5f90:diesel,0f4f50ae5f90,diesel,change,1.948,1.929
2026-09-19,42e035b752d8:diesel,42e035b752d8,diesel,change,1.948,1.929
2026-09-19,5a78a7364d62:diesel,5a78a7364d62,diesel,change,1.948,1.929
2026-09-19,187618635ba0:diesel,187618635ba0,diesel,change,1.948,1.929
2026-09-19,42462b695ab2:diesel,42462b695ab2,diesel,change,1.948,1.929
2026-09-19,8899ec50983b:diesel,8899ec50983b,diesel,change,1.929,1.899
2026-09-19,b979b66dc2a8:diesel,b979b66dc2a8,diesel,change,1.919,1.899
2026-09-19,9cbdb349d454:diesel,9cbdb349d454,diesel,change,1.949,1.939
2026-09-19,ea232bbb0de1:diesel,ea232bbb0de1,diesel,change,1.963,1.949
2026-09-19,5fd49366646f:diesel,5fd49366646f,diesel,change,1.949,1.929
2026-09-19,79c9bc2be4e7:diesel,79c9bc2be4e7,diesel,change,1.899,1.869
2026-09-19,dacff0faaefb:diesel,dacff0faaefb,diesel,change,1.899,1.869
2026-09-19,3fef2e98f65b:diesel,3fef2e98f65b,diesel,change,1.948,1.929
2026-09-19,9ba59175b8fa:diesel,9ba59175b8fa,diesel,change,1.949,1.929
2026-09-19,82d0d5b8a85f:diesel,82d0d5b8a85f,diesel,change,1.948,1.931
2026-09-19,7c3d4980155f:diesel,7c3d4980155f,diesel,change,1.958,1.948
2026-09-19,5fc48382973b:diesel,5fc48382973b,diesel,change,1.947,1.937
2026-09-19,a78f59d05bcd:diesel,a78f59d05bcd,diesel,change,1.898,1.869
2026-09-19,1ef5b819726d:diesel,1ef5b819726d,diesel,change,1.949,1.929
2026-09-19,96a9e00b5b6d:diesel,96a9e00b5b6d,diesel,change,1.898,1.889
2026-09-19,3c3fdd29b8f7:diesel,3c3fdd29b8f7,diesel,change,1.898,1.879
2026-09-19,ca9163f0f3f8:diesel,ca9163f0f3f8,diesel,change,1.947,1.937
2026-09-19,c7f59703554a:diesel,c7f59703554a,diesel,change,1.947,1.929
2026-09-19,178bce87f3a6:diesel,178bce87f3a6,diesel,change,1.947,1.929
2026-09-19,d31ea5693826:diesel,d31ea5693826,diesel,change,1.947,1.926
2026-09-19,ac585f0e2770:diesel,ac585f0e2770,diesel,change,1.949,1.938
2026-09-19,cd323f4673d7:diesel,cd323f4673d7,diesel,change,1.949,1.929
2026-09-19,3009230fcbc6:diesel,3009230fcbc6,diesel,change,1.938,1.918
2026-09-19,3ede104e6d56:diesel,3ede104e6d56,diesel,change,1.949,1.939
2026-09-19,d8f54ff2148b:diesel,d8f54ff2148b,diesel,change,1.947,1.929
2026-09-19,873fd7d21413:diesel,873fd7d21413,diesel,change,1.949,1.929
2026-09-19,dfc8523796a8:diesel,dfc8523796a8,diesel,change,1.947,1.928
2026-09-19,7510589f4eaa:diesel,7510589f4eaa,diesel,change,1.947,1.929
2026-09-19,e47bff9f4edc:diesel,e47bff9f4edc,diesel,change,1.947,1.928
2026-09-19,23c7b3207f92:diesel,23c7b3207f92,diesel,change,1.947,1.927
2026-09-19,72bd542a8c85:diesel,72bd542a8c85,diesel,change,1.948,1.938
2026-09-19,39fd6925ae42:diesel,39fd6925ae42,diesel,change,1.948,1.929
2026-09-19,36fb67511673:diesel,36fb67511673,diesel,change,1.948,1.939
2026-09-19,4a79c5105aa9:diesel,4a79c5105aa9,diesel,change,1.898,1.879
2026-09-19,dc99e1b517b2:diesel,dc99e1b517b2,diesel,change,1.925,1.905
2026-09-19,4fd43e7e497c:diesel,4fd43e7e497c,diesel,change,1.947,1.927
2026-09-19,9746fda18600:diesel,9746fda18600,diesel,change,1.948,1.929
2026-09-19,567e7e2b96ac:diesel,567e7e2b96ac,diesel,change,1.948,1.929
2026-09-19,f7018faecfa5:diesel,f7018faecfa5,diesel,change,1.948,1.929
2026-09-19,25791d087864:diesel,25791d087864,diesel,change,1.948,1.929
2026-09-19,3a0c41beebb7:diesel,3a0c41beebb7,diesel,change,1.948,1.929
2026-09-19,f8ad88f2d98a:diesel,f8ad88f2d98a,diesel,change,1.948,1.929
2026-09-19,74b8ac0b63cd:diesel,74b8ac0b63cd,diesel,change,1.948,1.929
2026-09-19,503646d494d5:diesel,503646d494d5,diesel,change,1.948,1.929
2026-09-19,e7bfeaa9c428:diesel,e7bfeaa9c428,diesel,change,1.948,1.929
2026-09-19,9bd07aac27bc:diesel,9bd07aac27bc,diesel,change,1.949,1.929
2026-09-19,b27d9f5af2b6:diesel,b27d9f5af2b6,diesel,change,1.959,1.939
2026-09-19,e2988b40a3b9:diesel,e2988b40a3b9,diesel,change,1.896,1.877
2026-09-19,1476a096e3ba:diesel,1476a096e3ba,diesel,change,1.923,1.905
2026-09-19,93feddaea003:diesel,93feddaea003,diesel,change,1.969,1.949
2026-09-19,f1dfb918aa44:diesel,f1dfb918aa44,diesel,change,1.959,1.945
2026-09-19,9e6df553eab2:diesel,9e6df553eab2,diesel,change,1.949,1.929
2026-09-19,73f4fd3d41f8:diesel,73f4fd3d41f8,diesel,change,1.948,1.931
2026-09-19,a60171704519:diesel,a60171704519,diesel,change,1.869,1.859
2026-09-19,66e87f05a350:diesel,66e87f05a350,diesel,change,1.939,1.917
2026-09-19,b2f690bf5cb7:diesel,b2f690bf5cb7,diesel,change,1.928,1.908
2026-09-19,565dd6821200:diesel,565dd6821200,diesel,change,1.939,1.917
2026-09-19,0effbc30de91:diesel,0effbc30de91,diesel,change,1.948,1.929
2026-09-19,624124474669:diesel,624124474669,diesel,change,1.948,1.929
2026-09-19,17ee7f0dd4f0:diesel,17ee7f0dd4f0,diesel,change,1.948,1.929
2026-09-19,71cfa14de08b:diesel,71cfa14de08b,diesel,change,1.949,1.929
2026-09-19,462ee152ff3b:diesel,462ee152ff3b,diesel,change,1.949,1.929
2026-09-19,b109dbc73edf:diesel,b109dbc73edf,diesel,change,1.949,1.929
2026-09-19,8f76232b6d53:diesel,8f76232b6d53,diesel,change,1.927,1.924
2026-09-19,fe4873a2e4a6:diesel,fe4873a2e4a6,diesel,change,1.945,1.925
2026-09-19,47bdc6813569:diesel,47bdc6813569,diesel,change,1.949,1.929
2026-09-19,dc094a637823:diesel,dc094a637823,diesel,change,1.865,1.845
2026-09-19,cf9bb5bb02a6:diesel,cf9bb5bb02a6,diesel,change,1.869,1.859
2026-09-19,acf6a1b651b0:diesel,acf6a1b651b0,diesel,change,1.869,1.849
2026-09-19,d3095d05dc1e:diesel,d3095d05dc1e,diesel,change,1.949,1.929
2026-09-19,0eb54c313653:diesel,0eb54c313653,diesel,change,1.953,1.936
2026-09-19,2bb2812d2829:diesel,2bb2812d2829,diesel,change,1.965,1.947
2026-09-19,d6e5e190801d:diesel,d6e5e190801d,diesel,change,1.965,1.948
2026-09-19,b431bffa5187:diesel,b431bffa5187,diesel,change,1.965,1.949
2026-09-19,e02b4792b83a:diesel,e02b4792b83a,diesel,change,1.969,1.949
2026-09-19,0c0bfa6b6769:diesel,0c0bfa6b6769,diesel,change,1.979,1.969
2026-09-19,15cf154d622b:diesel,15cf154d622b,diesel,change,1.989,1.979
2026-09-19,ac84fe0ca4a9:diesel,ac84fe0ca4a9,diesel,change,1.978,1.968
2026-09-19,996e90f70398:diesel,996e90f70398,diesel,change,1.966,1.949
2026-09-19,fcc769f17c2b:diesel,fcc769f17c2b,diesel,change,1.988,1.978
2026-09-19,f4ab2c452dea:diesel,f4ab2c452dea,diesel,change,1.968,1.928
2026-09-19,0a5e60e91490:diesel,0a5e60e91490,diesel,change,1.968,1.928
2026-09-19,a8a9b3e4e12f:diesel,a8a9b3e4e12f,diesel,change,1.968,1.928
2026-09-19,b994933d2448:diesel,b994933d2448,diesel,change,1.968,1.931
2026-09-19,34932a59bf86:diesel,34932a59bf86,diesel,change,1.968,1.928
2026-09-19,b8ca587237dd:diesel,b8ca587237dd,diesel,change,1.965,1.925
2026-09-19,70b0af332d9f:diesel,70b0af332d9f,diesel,change,1.945,1.925
2026-09-19,1bae28692c95:diesel,1bae28692c95,diesel,change,1.958,1.948
2026-09-19,0ed0b92e6d0c:diesel,0ed0b92e6d0c,diesel,change,1.947,1.927
2026-09-19,216880e896f0:diesel,216880e896f0,diesel,change,1.947,1.927
2026-09-19,6cbad4fb4f78:diesel,6cbad4fb4f78,diesel,change,1.947,1.927
2026-09-19,65b480ad17ec:diesel,65b480ad17ec,diesel,change,1.945,1.919
2026-09-19,c42afad7f35d:diesel,c42afad7f35d,diesel,change,1.948,1.929
2026-09-19,84148c33cbb4:diesel,84148c33cbb4,diesel,change,1.948,1.929
2026-09-19,cc2e49c3c04f:diesel,cc2e49c3c04f,diesel,change,1.924,1.919
2026-09-19,743927ebc86a:diesel,743927ebc86a,diesel,change,1.943,1.919
2026-09-19,320be8d683a2:diesel,320be8d683a2,diesel,change,1.949,1.929
2026-09-19,5567cd093258:diesel,5567cd093258,diesel,change,1.959,1.949
2026-09-19,50a8f4e8f043:diesel,50a8f4e8f043,diesel,change,1.959,1.949
2026-09-19,364d076c3a94:diesel,364d076c3a94,diesel,change,1.948,1.929
2026-09-19,9cfc7d5c5cf3:diesel,9cfc7d5c5cf3,diesel,change,1.949,1.929
2026-09-19,4ac8836fa7fb:heating_oil,4ac8836fa7fb,heating_oil,change,1.549,1.529
2026-09-19,77450002346a:heating_oil,77450002346a,heating_oil,change,1.545,1.524
2026-09-19,d825945d0dc1:heating_oil,d825945d0dc1,heating_oil,change,1.536,1.524
2026-09-19,0fa89e115816:heating_oil,0fa89e115816,heating_oil,change,1.559,1.548
2026-09-19,43962c7fecd8:heating_oil,43962c7fecd8,heating_oil,change,1.559,1.548
2026-09-19,458aa789203d:heating_oil,458aa789203d,heating_oil,change,1.559,1.548
2026-09-19,42e035b752d8:heating_oil,42e035b752d8,heating_oil,change,1.559,1.548
2026-09-19,99e322d6ea26:heating_oil,99e322d6ea26,heating_oil,change,1.559,1.548
2026-09-19,0f4f50ae5f90:heating_oil,0f4f50ae5f90,heating_oil,change,1.559,1.548
2026-09-19,0ec6995b7755:heating_oil,0ec6995b7755,heating_oil,change,1.559,1.548
2026-09-19,0708c47ecb63:heating_oil,0708c47ecb63,heating_oil,change,1.559,1.548
2026-09-19,293b8fa19bf7:heating_oil,293b8fa19bf7,heating_oil,change,1.559,1.548
2026-09-19,4f835e812e0f:heating_oil,4f835e812e0f,heating_oil,change,1.559,1.548
2026-09-19,a1cbb4c4a9c8:heating_oil,a1cbb4c4a9c8,heating_oil,change,1.559,1.548
2026-09-19,cc747759de94:heating_oil,cc747759de94,heating_oil,change,1.559,1.548
2026-09-19,6ca3bacda2ef:heating_oil,6ca3bacda2ef,heating_oil,change,1.559,1.548
2026-09-19,e6d810278243:heating_oil,e6d810278243,heating_oil,change,1.559,1.548
2026-09-19,8d38472ccb06:heating_oil,8d38472ccb06,heating_oil,change,1.559,1.548
2026-09-19,da0b210a2136:heating_oil,da0b210a2136,heating_oil,change,1.559,1.548
2026-09-19,77af34d3792b:heating_oil,77af34d3792b,heating_oil,change,1.559,1.548
2026-09-19,b920f34d9678:heating_oil,b920f34d9678,heating_oil,change,1.559,1.548
2026-09-19,dc18f4cb1ad3:heating_oil,dc18f4cb1ad3,heating_oil,change,1.559,1.548
2026-09-19,5a78a7364d62:heating_oil,5a78a7364d62,heating_oil,change,1.559,1.548
2026-09-19,d59f16d1ea1f:heating_oil,d59f16d1ea1f,heating_oil,change,1.559,1.548
2026-09-19,42462b695ab2:heating_oil,42462b695ab2,heating_oil,change,1.559,1.548
2026-09-19,187618635ba0:heating_oil,187618635ba0,heating_oil,change,1.559,1.548
2026-09-19,3dc149493178:heating_oil,3dc149493178,heating_oil,change,1.559,1.548
2026-09-19,1f9b60bded75:heating_oil,1f9b60bded75,heating_oil,change,1.559,1.548
2026-09-19,2676e12059bc:heating_oil,2676e12059bc,heating_oil,change,1.559,1.548
2026-09-19,9cbdb349d454:heating_oil,9cbdb349d454,heating_oil,change,1.579,1.559
2026-09-19,79c9bc2be4e7:heating_oil,79c9bc2be4e7,heating_oil,change,1.530,1.520
2026-09-19,dacff0faaefb:heating_oil,dacff0faaefb,heating_oil,change,1.530,1.520
2026-09-19,5fc48382973b:heating_oil,5fc48382973b,heating_oil,change,1.559,1.525
2026-09-19,a78f59d05bcd:heating_oil,a78f59d05bcd,heating_oil,change,1.559,1.548
2026-09-19,3009230fcbc6:heating_oil,3009230fcbc6,heating_oil,change,1.555,1.538
2026-09-19,873fd7d21413:heating_oil,873fd7d21413,heating_oil,change,1.649,1.638
2026-09-19,7510589f4eaa:heating_oil,7510589f4eaa,heating_oil,change,1.559,1.548
2026-09-19,4fd43e7e497c:heating_oil,4fd43e7e497c,heating_oil,change,1.559,1.548
2026-09-19,567e7e2b96ac:heating_oil,567e7e2b96ac,heating_oil,change,1.559,1.548
2026-09-19,9746fda18600:heating_oil,9746fda18600,heating_oil,change,1.559,1.548
2026-09-19,f7018faecfa5:heating_oil,f7018faecfa5,heating_oil,change,1.559,1.548
2026-09-19,3a0c41beebb7:heating_oil,3a0c41beebb7,heating_oil,change,1.559,1.548
2026-09-19,4a79c5105aa9:heating_oil,4a79c5105aa9,heating_oil,change,1.559,1.548
2026-09-19,25791d087864:heating_oil,25791d087864,heating_oil,change,1.559,1.548
2026-09-19,503646d494d5:heating_oil,503646d494d5,heating_oil,change,1.559,1.548
2026-09-19,9bd07aac27bc:heating_oil,9bd07aac27bc,heating_oil,change,1.559,1.548
2026-09-19,dc99e1b517b2:heating_oil,dc99e1b517b2,heating_oil,change,1.559,1.548
2026-09-19,f8ad88f2d98a:heating_oil,f8ad88f2d98a,heating_oil,change,1.559,1.548
2026-09-19,74b8ac0b63cd:heating_oil,74b8ac0b63cd,heating_oil,change,1.559,1.548
2026-09-19,e7bfeaa9c428:heating_oil,e7bfeaa9c428,heating_oil,change,1.559,1.548
2026-09-19,e2988b40a3b9:heating_oil,e2988b40a3b9,heating_oil,change,1.535,1.504
2026-09-19,1476a096e3ba:heating_oil,1476a096e3ba,heating_oil,change,1.545,1.533
2026-09-19,a60171704519:heating_oil,a60171704519,heating_oil,change,1.519,1.499
2026-09-19,66d305f4af2e:heating_oil,66d305f4af2e,heating_oil,change,1.559,1.548
2026-09-19,b109dbc73edf:heating_oil,b109dbc73edf,heating_oil,change,1.559,1.548
2026-09-19,462ee152ff3b:heating_oil,462ee152ff3b,heating_oil,change,1.559,1.548
2026-09-19,565dd6821200:heating_oil,565dd6821200,heating_oil,change,1.559,1.548
2026-09-19,71cfa14de08b:heating_oil,71cfa14de08b,heating_oil,change,1.559,1.548
2026-09-19,0effbc30de91:heating_oil,0effbc30de91,heating_oil,change,1.559,1.548
2026-09-19,624124474669:heating_oil,624124474669,heating_oil,change,1.559,1.548
2026-09-19,d82e742710ef:heating_oil,d82e742710ef,heating_oil,change,1.559,1.548
2026-09-19,17ee7f0dd4f0:heating_oil,17ee7f0dd4f0,heating_oil,change,1.559,1.548
2026-09-19,b20e8e600357:heating_oil,b20e8e600357,heating_oil,change,1.559,1.548
2026-09-19,8f76232b6d53:heating_oil,8f76232b6d53,heating_oil,change,1.556,1.543
2026-09-19,fe4873a2e4a6:heating_oil,fe4873a2e4a6,heating_oil,change,1.525,1.499
2026-09-19,dc094a637823:heating_oil,dc094a637823,heating_oil,change,1.515,1.485
2026-09-19,cf9bb5bb02a6:heating_oil,cf9bb5bb02a6,heating_oil,change,1.519,1.499
2026-09-19,e02b4792b83a:heating_oil,e02b4792b83a,heating_oil,change,1.578,1.567
2026-09-19,a8a9b3e4e12f:heating_oil,a8a9b3e4e12f,heating_oil,change,1.569,1.558
2026-09-19,f4ab2c452dea:heating_oil,f4ab2c452dea,heating_oil,change,1.569,1.558
2026-09-19,0a5e60e91490:heating_oil,0a5e60e91490,heating_oil,change,1.569,1.558
2026-09-19,b994933d2448:heating_oil,b994933d2448,heating_oil,change,1.569,1.558
2026-09-19,34932a59bf86:heating_oil,34932a59bf86,heating_oil,change,1.569,1.558
2026-09-19,b8ca587237dd:heating_oil,b8ca587237dd,heating_oil,change,1.564,1.546
2026-09-19,65b480ad17ec:heating_oil,65b480ad17ec,heating_oil,change,1.559,1.548
2026-09-19,c42afad7f35d:heating_oil,c42afad7f35d,heating_oil,change,1.559,1.548
2026-09-19,84148c33cbb4:heating_oil,84148c33cbb4,heating_oil,change,1.559,1.548
2026-09-19,743927ebc86a:heating_oil,743927ebc86a,heating_oil,change,1.556,1.546
2026-09-19,cc2e49c3c04f:heating_oil,cc2e49c3c04f,heating_oil,change,1.556,1.546
2026-09-19,320be8d683a2:heating_oil,320be8d683a2,heating_oil,change,1.559,1.555
2026-09-19,4ac8836fa7fb:kerosene,4ac8836fa7fb,kerosene,change,1.469,1.439
2026-09-19,77450002346a:kerosene,77450002346a,kerosene,change,1.462,1.433
2026-09-19,79c9bc2be4e7:kerosene,79c9bc2be4e7,kerosene,change,1.440,1.430
2026-09-19,dacff0faaefb:kerosene,dacff0faaefb,kerosene,change,1.440,1.430
2026-09-19,5fc48382973b:kerosene,5fc48382973b,kerosene,change,1.489,1.455
2026-09-19,cd323f4673d7:kerosene,cd323f4673d7,kerosene,change,1.469,1.409
2026-09-19,72bd542a8c85:kerosene,72bd542a8c85,kerosene,change,1.489,1.469
2026-09-19,1476a096e3ba:kerosene,1476a096e3ba,kerosene,change,1.453,1.456
2026-09-19,e2988b40a3b9:kerosene,e2988b40a3b9,kerosene,change,1.453,1.428
2026-09-19,a60171704519:kerosene,a60171704519,kerosene,change,1.429,1.419
2026-09-19,8f76232b6d53:kerosene,8f76232b6d53,kerosene,change,1.462,1.459
2026-09-19,fe4873a2e4a6:kerosene,fe4873a2e4a6,kerosene,change,1.465,1.435
2026-09-19,cf9bb5bb02a6:kerosene,cf9bb5bb02a6,kerosene,change,1.429,1.419
2026-09-19,3e638c4e5fc9:kerosene,3e638c4e5fc9,kerosene,change,1.469,1.329
2026-09-19,b8ca587237dd:kerosene,b8ca587237dd,kerosene,change,1.475,1.458
2026-09-19,743927ebc86a:kerosene,743927ebc86a,kerosene,change,1.462,1.395
2026-09-19,cc2e49c3c04f:kerosene,cc2e49c3c04f,kerosene,change,1.462,1.395
2026-09-19,772be93750d2:unleaded95,772be93750d2,unleaded95,change,1.640,1.641
2026-09-19,1a10004ef1a9:unleaded95,1a10004ef1a9,unleaded95,change,1.609,1.599
2026-09-19,8899ec50983b:unleaded95,8899ec50983b,unleaded95,change,1.659,1.639
2026-09-19,d2ec9f5d093e:unleaded95,d2ec9f5d093e,unleaded95,change,1.685,1.669
2026-09-19,acf6a1b651b0:unleaded95,acf6a1b651b0,unleaded95,change,1.615,1.599
2026-09-19,2be80460e2e6:unleaded95,2be80460e2e6,unleaded95,change,1.709,1.699
2026-09-19,f5945935bb49:unleaded95,f5945935bb49,unleaded95,change,1.709,1.699
2026-09-19,122aa6b021d2:unleaded95,122aa6b021d2,unleaded95,change,1.708,1.698
2026-09-19,f31b0c4ec3e6:unleaded95,f31b0c4ec3e6,unleaded95,change,1.679,1.667
2026-09-19,1a10004ef1a9:unleaded98,1a10004ef1a9,unleaded98,change,1.729,1.719
2026-09-19,64c1bca40276:unleaded98,64c1bca40276,unleaded98,change,1.729,1.719
2026-09-19,8899ec50983b:unleaded98,8899ec50983b,unleaded98,change,1.719,1.699
2026-09-19,7b205bef86bd:unleaded98,7b205bef86bd,unleaded98,change,1.739,1.729
2026-09-19,d2ec9f5d093e:unleaded98,d2ec9f5d093e,unleaded98,change,1.744,1.719
2026-09-19,a4ce4b453fac:unleaded98,a4ce4b453fac,unleaded98,change,1.727,1.707
2026-09-19,2be80460e2e6:unleaded98,2be80460e2e6,unleaded98,change,1.759,1.749
2026-09-19,f5945935bb49:unleaded98,f5945935bb49,unleaded98,change,1.759,1.749
2026-09-19,122aa6b021d2:unleaded98,122aa6b021d2,unleaded98,change,1.759,1.749
2026-09-19,772be93750d2:diesel,772be93750d2,diesel,change,1.896,1.897
2026-09-19,1a10004ef1a9:diesel,1a10004ef1a9,diesel,change,1.878,1.859
2026-09-19,d2ec9f5d093e:diesel,d2ec9f5d093e,diesel,change,1.949,1.932
2026-09-19,acf6a1b651b0:diesel,acf6a1b651b0,diesel,change,1.865,1.869
2026-09-19,2be80460e2e6:diesel,2be80460e2e6,diesel,change,1.979,1.969
2026-09-19,f5945935bb49:diesel,f5945935bb49,diesel,change,1.979,1.969
2026-09-19,122aa6b021d2:diesel,122aa6b021d2,diesel,change,1.979,1.969
2026-09-19,f31b0c4ec3e6:diesel,f31b0c4ec3e6,diesel,change,1.947,1.948
2026-09-19,64c1bca40276:heating_oil,64c1bca40276,heating_oil,change,1.559,1.548
2026-09-19,1a10004ef1a9:heating_oil,1a10004ef1a9,heating_oil,change,1.559,1.548
2026-09-20,d825945d0dc1:unleaded95,d825945d0dc1,unleaded95,change,1.640,1.642
2026-09-20,bcfe91ea09aa:unleaded95,bcfe91ea09aa,unleaded95,change,1.640,1.642
2026-09-20,bda8d48d501e:unleaded95,bda8d48d501e,unleaded95,change,1.678,1.667
2026-09-20,3009230fcbc6:unleaded95,3009230fcbc6,unleaded95,change,1.685,1.675
2026-09-20,5697a79e3714:unleaded95,5697a79e3714,unleaded95,change,1.699,1.689
2026-09-20,d6e5e190801d:unleaded95,d6e5e190801d,unleaded95,change,1.705,1.697
2026-09-20,b431bffa5187:unleaded95,b431bffa5187,unleaded95,change,1.705,1.697
2026-09-20,b24c2084919b:unleaded95,b24c2084919b,unleaded95,change,1.688,1.665
2026-09-20,01d291cc5e9f:unleaded98,01d291cc5e9f,unleaded98,change,1.699,1.799
2026-09-20,d825945d0dc1:unleaded98,d825945d0dc1,unleaded98,change,1.733,1.735
2026-09-20,bcfe91ea09aa:unleaded98,bcfe91ea09aa,unleaded98,change,1.733,1.735
2026-09-20,bda8d48d501e:unleaded98,bda8d48d501e,unleaded98,change,1.727,1.707
2026-09-20,3009230fcbc6:unleaded98,3009230fcbc6,unleaded98,change,1.735,1.725
2026-09-20,5697a79e3714:unleaded98,5697a79e3714,unleaded98,change,1.738,1.729
2026-09-20,b431bffa5187:unleaded98,b431bffa5187,unleaded98,change,1.855,1.847
2026-09-20,d6e5e190801d:unleaded98,d6e5e190801d,unleaded98,change,1.885,1.847
2026-09-20,b24c2084919b:unleaded98,b24c2084919b,unleaded98,change,1.758,1.735
2026-09-20,d825945d0dc1:diesel,d825945d0dc1,diesel,change,1.897,1.899
2026-09-20,bcfe91ea09aa:diesel,bcfe91ea09aa,diesel,change,1.897,1.899
2026-09-20,2685729352b8:diesel,2685729352b8,diesel,change,1.949,1.909
2026-09-20,bda8d48d501e:diesel,bda8d48d501e,diesel,change,1.947,1.927
2026-09-20,3009230fcbc6:diesel,3009230fcbc6,diesel,change,1.948,1.938
2026-09-20,f1dfb918aa44:diesel,f1dfb918aa44,diesel,change,1.969,1.959
2026-09-20,5697a79e3714:diesel,5697a79e3714,diesel,change,1.969,1.959
2026-09-20,a4ce4b453fac:diesel,a4ce4b453fac,diesel,change,1.949,1.929
2026-09-20,b24c2084919b:diesel,b24c2084919b,diesel,change,1.958,1.928
2026-09-20,772be93750d2:heating_oil,772be93750d2,heating_oil,change,1.535,1.523
2026-09-20,0aefcb943b9f:heating_oil,0aefcb943b9f,heating_oil,change,1.569,1.559
2026-09-20,f3cb3f8d3a20:heating_oil,f3cb3f8d3a20,heating_oil,change,1.569,1.559
2026-09-20,2435de52a3ba:heating_oil,2435de52a3ba,heating_oil,change,1.569,1.559
2026-09-20,a63d37840b3e:heating_oil,a63d37840b3e,heating_oil,change,1.569,1.559
2026-09-20,67516854f59e:heating_oil,67516854f59e,heating_oil,change,1.569,1.559
2026-09-20,2d1dc84554ad:heating_oil,2d1dc84554ad,heating_oil,change,1.569,1.559
2026-09-20,14ab75b4aa66:heating_oil,14ab75b4aa66,heating_oil,change,1.569,1.559
2026-09-20,f06cc2016c8b:heating_oil,f06cc2016c8b,heating_oil,change,1.569,1.559
2026-09-20,41841cb23dbd:heating_oil,41841cb23dbd,heating_oil,change,1.569,1.559
2026-09-20,2685729352b8:heating_oil,2685729352b8,heating_oil,change,1.559,1.529
2026-09-20,178bce87f3a6:heating_oil,178bce87f3a6,heating_oil,change,1.569,1.559
2026-09-20,c7f59703554a:heating_oil,c7f59703554a,heating_oil,change,1.569,1.559
2026-09-20,ac585f0e2770:heating_oil,ac585f0e2770,heating_oil,change,1.569,1.559
2026-09-20,ca9163f0f3f8:heating_oil,ca9163f0f3f8,heating_oil,change,1.569,1.559
2026-09-20,bb62751b98a5:heating_oil,bb62751b98a5,heating_oil,change,1.569,1.559
2026-09-20,2bb2812d2829:heating_oil,2bb2812d2829,heating_oil,change,1.569,1.559
2026-09-20,b431bffa5187:heating_oil,b431bffa5187,heating_oil,change,1.569,1.559
2026-09-20,216880e896f0:heating_oil,216880e896f0,heating_oil,change,1.569,1.559
2026-09-20,0ed0b92e6d0c:heating_oil,0ed0b92e6d0c,heating_oil,change,1.569,1.559
2026-09-20,6cbad4fb4f78:heating_oil,6cbad4fb4f78,heating_oil,change,1.569,1.559
2026-09-20,b24c2084919b:heating_oil,b24c2084919b,heating_oil,change,1.558,1.547
